"SEQN","RIDAGEYR","DMDHRAGE","WTINT2YR","WTMEC2YR","SDMVPSU","SDMVSTRA","INDHHIN2","INDFMIN2","INDFMPIR"
73557,69,69,13281.237386,13481.042095,1,112,4,4,0.84
73558,54,54,23682.057386,24471.769625,1,108,7,7,1.78
73559,72,72,57214.803319,57193.285376,1,109,10,10,4.51
73560,9,33,55201.178592,55766.512438,2,109,9,9,2.52
73561,73,78,63709.667069,65541.871229,2,116,15,15,5
73562,56,56,24978.144602,25344.992359,1,111,9,9,4.79
73563,0,31,18040.818432,17913.555067,1,105,15,15,5
73564,61,61,60325.095254,61758.65488,1,114,10,10,5
73565,42,42,23307.675629,0,2,106,15,15,5
73566,56,56,16351.78314,17480.115175,1,112,4,4,0.48
73567,65,65,34002.622995,34795.429301,2,112,3,3,1.2
73568,26,26,89514.433218,91523.516048,2,113,15,15,5
73570,9,43,11913.818655,12071.467415,2,115,5,5,0.84
73571,76,76,46988.470276,46190.114005,1,116,14,14,5
73572,10,30,11689.376908,12764.396165,2,111,2,2,0.41
73573,10,44,6403.212786,6460.787962,2,106,8,8,1.79
73574,33,33,14155.313,15397.219846,2,114,8,8,2.1
73575,1,19,7574.950558,7721.542396,2,116,3,3,0.76
73576,16,35,12433.748735,12665.77009,1,104,8,8,1.58
73577,32,32,36284.650273,39735.01707,2,118,5,2,0.29
73578,18,60,11592.846429,11758.631127,2,118,5,5,0.58
73579,12,38,63248.989522,70708.03403,1,110,10,10,2.97
73581,50,50,15902.418122,16764.260669,2,106,15,15,5
73582,23,23,30197.081366,31181.886343,1,108,3,3,0.69
73583,7,44,47574.649392,48196.409412,1,110,15,15,5
73584,13,38,72700.381729,72182.239545,1,105,9,9,3.07
73585,28,28,18063.143861,18590.965473,1,110,7,7,2.26
73586,4,33,11635.2408,13569.677359,1,116,6,6,1.27
73587,14,32,16220.740896,15523.094127,2,115,15,15,3.33
73588,11,31,8424.955223,8291.078844,1,109,6,6,1.54
73589,35,35,57197.640964,61374.100237,1,114,5,5,1.74
73590,2,24,12254.739004,12849.217833,1,106,5,5,0.8
73591,6,40,46374.787475,51133.1337,2,114,15,15,5
73592,29,24,64083.310917,68450.779634,2,107,12,6,2.14
73593,3,36,57942.40529,59265.550305,2,113,15,15,4.19
73594,23,40,38818.867179,45736.924249,2,112,5,5,0.45
73595,58,58,25352.868636,25027.722535,1,111,8,8,3.09
73596,57,59,16103.986881,16152.838244,2,106,15,15,5
73597,50,51,37889.887895,38185.196521,1,111,15,6,2.18
73599,13,39,25841.530979,27288.181037,2,107,8,6,1.52
73600,37,37,19725.408052,20786.063147,1,114,5,5,0.63
73601,12,41,17430.855215,18842.869403,1,115,14,14,3.82
73603,35,27,16870.916427,18698.337962,2,104,14,14,3.77
73604,69,68,74230.336609,74721.457945,1,117,10,6,2.44
73605,13,54,58023.09034,57916.08746,1,116,15,15,4.25
73606,16,42,36814.400739,39507.031397,1,117,14,14,3.23
73607,75,70,17787.940939,18688.69332,2,116,4,4,1.08
73608,3,38,6029.734531,6293.309092,1,118,3,3,0.42
73609,11,32,12006.043856,12465.530134,1,116,6,6,1.09
73610,43,43,73295.590253,75125.756577,2,112,10,10,2.03
73611,3,40,14503.525703,15381.008532,2,112,5,5,0.45
73612,6,39,9076.017134,9316.851211,1,112,7,7,0.88
73613,60,60,14374.912602,14308.015798,1,106,15,15,5
73614,55,55,27773.629038,28605.446685,1,106,5,5,1.29
73615,65,65,10950.248806,10872.080055,1,104,3,3,1.22
73616,62,62,70119.671677,71785.988653,2,108,15,15,5
73617,6,36,15897.641436,16058.875803,1,109,4,4,0.47
73619,36,36,49443.10405,48389.973357,1,109,3,3,0.84
73620,3,33,38342.27076,53416.732289,1,104,15,15,5
73621,80,78,36117.581178,37406.341605,1,110,14,14,5
73622,72,72,57479.762312,57124.924258,1,111,14,14,5
73623,32,32,69244.437969,73392.065553,2,107,14,14,3.27
73624,31,52,28291.516598,29729.350351,2,109,4,4,0.47
73626,72,76,13922.95387,15104.349307,2,116,4,4,0.78
73627,0,41,6071.944686,6070.014099,2,118,15,15,3.63
73628,80,80,32868.046411,34161.490249,2,104,7,7,3
73629,26,53,27497.219866,27487.399135,1,107,14,14,3.45
73630,13,45,15057.425383,15160.22207,1,106,15,15,5
73631,56,56,26678.260372,29752.936842,1,111,2,2,0.71
73632,23,19,53506.258206,56888.206263,2,109,7,7,2.48
73633,43,43,69483.16115,69862.668846,2,115,14,14,3.56
73634,65,65,14047.62396,0,2,113,6,6,1.52
73635,4,31,14290.001981,15215.239041,1,116,15,15,5
73636,1,50,12359.183686,12902.633666,1,109,14,14,3.82
73637,2,28,28201.218549,29014.714132,2,107,2,2,0.3
73638,63,63,37647.755368,38961.542319,1,115,6,6,2.18
73639,71,71,43379.068525,42642.037692,1,116,7,7,1.45
73640,67,67,15937.838923,16596.936217,2,116,6,6,2.23
73641,64,64,101153.817481,102099.513184,2,109,2,2,0.77
73642,57,55,33644.734694,34652.391419,2,115,8,8,2.27
73643,62,62,14746.098191,15654.365466,1,117,1,1,0
73644,8,38,8558.217715,8836.63083,2,113,7,7,1.13
73645,54,55,56722.423045,57900.271904,2,106,15,15,5
73646,4,43,12789.610852,12950.350063,1,117,15,15,4.25
73647,61,61,13036.074129,13008.28149,1,109,10,10,3.53
73648,16,42,8306.433436,10885.883987,2,104,15,15,5
73649,3,23,17692.435734,0,2,116,2,2,0.31
73650,6,50,9477.593233,11997.409698,2,106,10,10,2.19
73651,6,36,7369.062501,7280.506713,2,105,9,9,2.31
73652,54,54,20545.181159,20705.307503,2,114,9,9,3.81
73653,10,31,9554.347103,9644.938244,2,114,3,3,0.38
73654,46,57,20907.521769,21039.644636,1,106,4,4,1
73655,44,44,17166.56477,17125.17752,2,106,8,8,1.79
73656,54,54,77809.996236,78471.254533,1,116,15,15,4.25
73657,19,40,17082.709547,17193.582771,1,107,7,7,1.45
73658,35,35,14743.682904,15648.040484,1,117,15,15,5
73659,70,70,48194.233481,48670.994201,1,117,6,6,1.93
73660,59,44,16433.426266,17997.997114,2,104,7,7,1.82
73661,25,51,24511.409395,24784.598492,2,114,7,7,2.02
73662,39,53,16701.797849,16832.517457,2,112,3,3,0.61
73663,25,25,69362.260229,68946.240895,2,117,15,9,5
73664,5,29,15102.971143,16326.737883,2,109,14,14,3.14
73665,59,59,17889.499441,18210.210305,2,117,1,1,0.03
73666,70,70,15855.011733,16106.697971,2,106,9,9,3.81
73667,24,30,31174.074739,32349.363631,2,107,4,4,0.65
73668,30,30,28884.38512,30352.349685,2,115,8,8,1.43
73669,4,21,14894.300241,16913.018873,1,106,5,5,0.96
73670,71,71,15174.746412,15877.769625,1,109,3,3,0.87
73671,49,49,26355.014554,27110.497857,2,114,3,3,0.86
73672,73,73,59598.753457,59465.072125,1,109,14,14,5
73673,45,45,122492.425862,125551.020684,2,111,15,15,5
73675,29,28,17562.57913,18733.93248,1,118,4,4,0.87
73676,44,38,100857.701196,106739.035267,2,113,10,10,2.73
73677,61,71,13072.88574,13207.281267,1,104,15,15,5
73678,51,51,22004.084169,22191.083063,1,109,6,6,1.02
73679,1,35,12171.037914,13157.235349,1,106,7,7,1.52
73680,12,44,59123.958559,64069.672991,1,110,8,8,2.46
73681,9,28,9840.926996,10508.68508,2,108,6,6,1.07
73682,3,31,10644.36537,11018.161403,2,108,2,2,0.36
73683,2,36,13553.483974,15628.491997,2,107,8,8,2.12
73684,64,64,21780.043291,22985.770887,2,113,15,15,5
73685,0,47,8382.291691,8930.155715,1,114,6,5,1.02
73686,7,24,18881.877722,20774.857101,2,107,5,5,0.63
73687,8,55,18183.508356,18467.47473,1,113,4,4,0.72
73688,58,68,111416.034907,112268.202205,2,109,10,10,4.45
73689,54,54,90641.606893,0,1,112,15,15,5
73690,77,78,64291.332105,63967.668022,1,114,8,8,3.09
73691,14,65,87294.559326,89715.949242,2,109,8,8,1.56
73692,65,64,19223.252968,19134.135451,1,111,6,6,1.61
73693,78,78,19802.214967,21566.209667,1,105,2,2,0.78
73694,66,72,76613.875616,77265.069765,1,109,10,10,4.51
73695,79,80,68573.686426,0,1,105,9,9,3.61
73697,57,80,84145.999065,85893.302223,2,104,8,8,3.18
73698,23,23,75477.903922,75025.204324,2,114,9,6,2.74
73700,0,33,8510.295841,8459.358344,1,110,3,3,0.51
73701,47,47,15836.447816,16694.715057,2,104,15,15,4.19
73702,48,52,82152.110665,81166.214601,2,113,9,9,3.81
73704,8,53,20309.907117,21212.094102,1,107,7,7,0.93
73705,10,37,39419.957175,40035.566775,2,114,15,15,4.19
73706,54,62,25346.245212,26393.198829,1,106,6,6,1.44
73707,45,45,28280.402304,29082.043437,2,105,77,1,0
73708,69,46,18961.371824,18746.991814,1,106,15,15,5
73709,64,57,14122.831429,14009.298686,1,115,6,6,2
73710,2,52,16896.283442,16858.765342,2,109,4,4,0.47
73711,5,36,17413.008276,18257.715353,1,106,4,4,0.46
73712,18,51,9009.87993,8729.687016,2,118,15,15,5
73713,3,24,15077.406799,15206.737881,1,111,99,4,0.76
73714,29,29,91379.032547,96550.719254,2,114,15,15,5
73715,38,38,107737.369017,114048.376574,1,105,9,9,3.07
73716,25,25,92929.67535,95151.756211,1,105,8,8,4.35
73717,78,68,18655.901752,20230.569183,2,108,7,7,1.89
73718,53,53,21581.588345,21529.556816,1,116,5,5,1.02
73719,11,66,11854.875948,12238.500766,1,107,6,6,0.7
73720,48,46,38313.250912,38220.880648,2,112,9,9,3.03
73721,80,80,38359.427853,0,1,105,6,6,2.18
73722,80,80,21300.728746,22037.897003,2,118,7,7,3.31
73723,77,77,65915.732311,66046.132365,2,112,15,15,5
73725,80,80,73783.534447,77051.185852,2,104,8,8,3.05
73726,67,33,13530.848271,14157.712152,1,106,8,8,1.34
73727,3,25,12487.495646,12926.016513,1,115,2,2,0.31
73728,16,46,54114.052475,58071.991591,2,112,15,15,3.13
73729,46,47,85445.096077,90427.672011,1,105,9,9,2.59
73730,48,50,35862.473154,36336.342523,1,106,6,6,1.28
73731,12,37,9277.511363,11875.919961,2,106,15,15,4.61
73732,80,80,22729.702215,23580.054297,2,104,8,8,3.18
73734,5,34,14562.697618,15074.092934,2,105,1,1,0.03
73735,29,29,31701.240708,33598.570856,2,116,1,1,0
73737,30,50,17065.637254,0,2,106,10,10,2.19
73738,29,57,23650.246155,23432.055148,2,114,15,15,5
73739,46,46,19120.526421,18891.06364,1,108,6,6,1.47
73740,57,80,11342.039628,12270.492164,1,118,9,9,2.52
73742,11,32,10185.456206,10336.015375,2,112,7,7,1.43
73744,0,46,10259.032101,9858.92711,2,109,4,4,0.64
73745,7,31,12204.283031,12010.35141,1,113,3,3,0.55
73746,64,64,26421.037692,26551.51467,1,117,3,3,1.22
73747,80,80,12038.542864,11835.299836,2,114,14,14,5
73748,0,40,7441.252755,7629.339192,1,115,8,8,1.15
73750,9,29,49325.092393,50354.48482,2,115,7,7,1.43
73751,61,61,24606.886411,25639.564103,2,112,3,3,0.64
73752,8,37,48097.920643,48726.519371,1,105,9,9,2.18
73753,11,35,45132.531244,46203.395682,1,116,8,8,2.12
73754,15,40,22187.270766,23351.614363,1,109,4,4,0.84
73755,75,44,12117.623992,12704.600739,2,107,7,4,1.63
73757,29,27,45666.599712,48041.333247,1,111,14,14,5
73758,15,50,66738.789468,70474.933187,2,107,15,15,5
73759,9,20,14801.887122,16285.832072,1,108,7,7,1.49
73760,64,64,38259.331054,38410.200088,2,115,5,5,1.27
73761,17,42,17366.996271,17716.218043,1,106,3,3,0.4
73762,3,42,13169.24684,14315.820277,2,104,10,10,2.19
73763,31,31,36433.531882,38587.657682,1,109,1,1,0.06
73764,13,42,9621.350297,9687.035027,2,104,10,10,2.51
73765,54,54,26556.369566,27921.395452,1,109,3,3,0.64
73766,75,75,22543.836025,24476.498822,2,111,5,5,1.75
73767,35,35,21017.541729,22861.501586,2,104,15,15,4.61
73768,4,49,13461.450155,14131.360274,2,113,14,14,3.35
73770,50,60,130319.531266,133025.634124,2,112,14,14,4.77
73771,0,48,10136.280476,10545.561855,1,114,6,6,1.2
73772,21,41,30964.988757,31906.696994,1,117,15,15,4.71
73773,39,57,39822.611662,38974.396012,1,109,15,15,4.17
73775,14,29,10356.939201,10368.154158,2,105,3,3,0.5
73776,19,43,15642.680105,15181.787337,2,111,5,5,0.54
73777,5,24,23764.480047,0,2,109,5,5,0.84
73778,62,62,7949.392699,8566.726987,2,118,5,5,2.08
73779,62,62,34002.622995,34620.851794,2,112,1,1,0.04
73782,68,68,67426.086907,68652.014352,1,108,5,3,1.08
73783,26,65,117256.631099,118713.453094,1,105,15,15,4.67
73784,7,28,16329.271486,0,2,113,6,6,1.52
73785,46,46,19037.393786,19330.725976,1,104,15,15,5
73786,18,41,68544.325184,71736.536292,2,107,5,5,0.91
73787,71,71,10590.439181,10975.790957,1,114,9,9,3.07
73788,9,41,13034.065587,13111.679809,2,105,2,2,0.37
73789,2,42,7519.645321,7913.327427,2,104,15,15,4.19
73790,59,59,115051.288923,123681.288113,2,113,7,7,3.08
73791,8,55,7602.831496,0,1,107,5,5,0.59
73792,68,68,94655.927633,96905.32178,1,110,15,15,5
73793,10,45,15028.882164,15181.305548,1,109,14,14,2.25
73794,6,32,9095.231057,9334.339099,2,106,3,3,0.2
73795,59,45,139320.855635,146724.020728,1,105,15,15,5
73796,5,37,14974.426607,15571.269146,1,111,7,7,1.27
73797,57,57,20911.517791,20984.32046,1,106,4,4,1
73798,11,43,15107.302764,15260.521491,2,111,5,5,0.54
73800,54,54,26128.790074,27915.783669,2,109,4,4,1.29
73801,46,46,26600.785497,26351.287693,1,108,15,15,4.67
73802,18,18,6113.246209,6773.564253,1,117,1,1,0
73803,14,35,10739.611088,10556.487863,1,118,7,7,1.27
73804,55,55,25877.858263,26118.711373,1,109,5,5,0.87
73805,30,48,34555.05702,35682.922809,1,113,2,2,0.55
73806,63,63,12192.846617,12328.218177,2,114,14,14,5
73807,50,50,113387.793825,121020.993596,1,110,15,15,5
73808,53,56,70343.140253,72416.167417,1,114,7,7,2.58
73809,52,52,110081.056257,113325.168178,1,106,6,6,1.33
73810,48,45,35100.900844,34962.923664,1,109,14,14,2.25
73811,64,64,87281.736911,90455.614503,1,105,5,5,1.32
73812,5,27,19657.679784,19614.030018,2,107,3,3,0.66
73813,34,37,67808.788669,69519.322711,2,116,14,14,2.22
73814,0,29,5659.35261,6463.747646,1,106,1,1,0.11
73815,72,76,19721.999749,20018.247495,1,112,8,8,3.22
73816,64,64,9438.944176,9424.72237,1,108,6,6,1.54
73817,0,32,6994.024909,6951.02375,2,118,5,2,0.29
73818,5,37,10525.595909,10677.567255,1,108,15,15,5
73819,4,39,12248.185092,12648.931163,1,108,15,15,5
73820,56,52,156804.433873,158003.755054,1,113,9,9,3.2
73821,56,59,112543.401742,114880.380844,2,113,15,15,5
73822,13,41,16052.588483,16308.789368,1,106,1,1,0.03
73823,35,33,33441.912531,39799.431193,2,111,6,6,2.03
73824,11,29,6510.024598,6545.987069,2,105,3,3,0.5
73825,64,64,17027.302711,17087.868786,2,118,15,15,5
73826,14,38,12978.303132,13061.268439,1,116,4,4,0.54
73827,11,41,14801.887122,14735.009026,1,108,15,15,5
73828,4,34,15496.764111,15963.633328,2,108,9,9,2.64
73829,7,59,13780.914304,13721.935248,1,105,15,15,5
73830,64,64,16791.752141,0,1,110,15,15,5
73831,48,48,52818.067398,55591.563596,1,114,6,6,1.4
73832,77,77,19001.381414,0,2,108,10,10,4.45
73833,34,34,12096.430859,13157.703068,2,117,15,15,5
73835,13,44,17677.766878,17687.236796,1,108,15,15,5
73836,9,32,20292.603827,20557.810822,2,115,8,8,1.29
73837,29,21,86371.452291,91459.199282,2,107,9,9,3.03
73838,2,34,9423.39555,9754.315032,2,116,8,8,2.92
73839,68,68,71246.333506,71527.28106,2,108,9,8,2.53
73840,77,77,38086.990026,38568.191893,2,115,5,5,1.89
73841,13,60,11592.846429,11758.631127,2,118,5,5,0.58
73842,53,53,21158.033745,21537.340684,1,104,3,3,1.2
73843,42,43,18336.457379,19164.880121,2,112,7,7,1.25
73844,12,44,84538.635135,86591.459639,1,115,7,7,2.2
73845,70,70,55545.401828,56247.178235,1,112,4,4,1.65
73846,24,29,28762.603706,29700.626654,2,108,7,7,1.43
73847,34,38,14114.42476,15153.705768,2,113,7,7,1.13
73848,65,65,27253.87272,27901.531068,1,105,3,3,1.03
73849,16,47,56135.31765,62146.834707,2,112,15,15,5
73850,30,25,19608.433405,21052.252249,2,113,5,5,0.67
73851,48,55,31765.692798,31840.209259,1,107,15,15,5
73852,40,66,29877.191163,33362.998888,1,107,8,8,1.63
73853,13,46,38205.608103,39908.740073,2,104,14,14,3.48
73854,1,31,15561.298554,16568.848457,1,111,14,14,2.69
73855,38,38,33160.516091,34845.802532,1,113,2,2,0.28
73856,0,27,8368.71841,8284.490086,1,108,14,14,3.09
73857,23,42,51166.900015,0,1,109,7,7,1.33
73858,52,52,32501.193163,32422.835318,2,112,4,4,1.14
73859,38,54,21527.63823,23151.627241,2,114,9,9,3.81
73860,53,53,21502.300171,22118.67732,1,112,6,6,2.18
73861,77,77,53266.137366,53146.660232,2,118,15,15,5
73862,61,64,68603.550028,72453.268645,1,115,6,6,1.28
73863,26,26,22028.257672,22671.943542,1,115,8,8,4.26
73864,62,70,63776.020341,63945.092914,2,107,5,5,1.21
73865,48,48,23010.64255,24166.318956,2,115,6,6,1.04
73866,47,47,35787.271261,35135.061052,1,106,15,15,4.67
73867,80,80,32988.970301,0,1,104,15,15,5
73868,32,70,69244.437969,70988.372534,2,107,5,5,1.21
73869,7,27,13272.40496,16013.236249,2,111,3,3,0.64
73870,38,38,84120.656677,86239.251688,1,110,15,15,5
73871,28,61,59843.172257,0,2,113,9,9,2.31
73873,80,80,15526.297551,15865.942075,2,118,7,7,2.26
73874,2,27,38503.342133,40608.792193,2,113,10,10,3.28
73875,43,46,33544.72675,35835.706602,2,107,8,8,1.65
73876,0,45,19920.727321,19731.343208,2,113,15,15,5
73877,0,35,7792.994368,8445.608931,1,110,7,7,1.27
73878,45,45,25337.609307,25581.596668,1,116,7,7,2.58
73879,58,74,115439.839725,117836.963757,1,107,7,7,2.03
73880,50,52,29166.123226,29784.965276,2,105,10,10,2.13
73881,38,38,32080.735297,33474.942139,2,104,7,3,0.86
73882,25,25,36093.699481,37202.011293,1,115,3,1,0.21
73883,67,67,13846.32795,14322.563037,1,109,2,2,0.19
73884,43,43,34787.691722,34650.945726,1,111,14,14,3.82
73885,6,39,17704.534004,17885.852094,2,107,7,7,1.07
73886,64,64,13972.452054,13883.923027,1,117,15,15,5
73887,16,44,81494.651306,80913.831569,1,115,7,7,2.2
73888,56,56,131436.10287,132382.683396,1,111,15,15,5
73889,15,60,20165.724258,26382.186375,1,108,4,4,0.92
73890,16,33,9832.929964,9867.455188,1,104,2,2,0.3
73891,12,38,14184.583813,14234.388494,1,107,9,9,2.68
73892,15,50,12488.16078,12021.621124,2,107,15,15,5
73894,6,33,9335.134547,9186.795004,2,115,6,6,0.78
73895,5,23,16437.012026,16974.811541,2,111,6,6,1.07
73897,11,50,10883.876948,11884.818008,2,114,3,3,0.56
73899,57,57,21443.093768,21391.396139,2,114,15,15,5
73900,66,66,114033.698335,116007.208432,1,114,15,15,5
73901,54,54,77079.557851,78616.603933,2,118,15,15,5
73902,28,33,41366.977293,44908.266425,1,105,15,15,5
73903,4,27,10721.925068,11172.016011,2,106,5,5,0.77
73904,17,41,14314.401657,14519.106236,1,118,4,4,0.54
73905,12,45,9726.710414,9513.378645,1,118,5,5,0.63
73906,34,34,28687.444194,28878.533586,1,114,3,3,0.44
73907,8,28,15512.308805,16854.281265,2,117,3,3,0.61
73908,67,67,118939.339605,119408.356252,1,116,8,8,3.22
73909,0,22,8828.002812,9007.508799,2,116,9,9,2.98
73910,51,51,13838.67475,14051.903978,2,104,15,15,5
73911,3,36,45031.764831,44688.582216,2,107,6,6,1
73912,0,36,7792.698031,7714.267158,1,108,4,4,0.92
73913,26,51,17358.576537,17728.682977,2,117,12,1,0.34
73915,14,43,38176.180556,39103.200478,1,113,5,5,0.87
73916,27,38,28531.662525,29095.033687,1,109,4,4,0.97
73917,8,54,14794.01056,15327.48055,2,113,6,1,0
73918,32,29,21527.63823,22685.20106,2,114,6,3,0.76
73919,61,56,9359.80207,10162.796807,2,114,1,1,0
73920,18,49,25924.012177,25355.431934,1,109,7,7,1.83
73921,80,80,58594.123256,61025.4732,2,112,3,3,1.06
73922,75,75,30776.203331,31661.28546,2,116,5,5,1.37
73923,4,30,12621.929931,12730.198407,1,114,10,10,2.22
73925,60,63,6363.706266,6543.269776,2,117,3,3,0.83
73926,64,68,12910.61342,12901.581206,1,118,10,10,3.33
73927,3,38,10759.371831,11410.32831,2,110,7,7,1.58
73928,23,47,28112.467707,27853.109407,1,115,12,14,5
73929,3,30,23249.820517,24755.18039,2,111,5,5,1.27
73930,70,70,22739.090016,23490.524787,2,106,15,15,5
73931,37,37,33190.678689,32483.722216,2,112,5,5,0.56
73932,30,30,74416.486124,78271.007555,1,116,3,3,0.51
73933,10,33,7138.840662,7053.051505,2,110,4,4,0.59
73934,31,24,23747.624207,25298.070389,1,111,8,8,1.42
73936,3,33,30587.611598,32260.211562,2,104,15,15,5
73937,41,44,29229.985568,28697.279544,2,115,5,5,0.89
73938,53,53,117939.178644,120441.592918,1,113,15,15,5
73939,6,45,8790.798024,8753.175487,2,111,1,1,0.13
73941,28,28,24419.805262,24194.514504,1,108,8,8,2.3
73943,19,43,10295.136538,10442.363201,1,118,9,9,1.97
73945,66,66,89854.825647,90209.15256,1,115,5,5,1.74
73946,2,32,12403.571999,12809.402145,1,111,5,5,0.93
73947,1,49,12192.446588,12345.680667,1,109,5,5,0.74
73948,4,20,9100.239968,9536.168346,1,112,6,6,1.28
73949,48,48,27494.677312,27142.06289,1,111,5,5,0.73
73950,3,29,41480.719697,41388.611996,2,107,6,6,1.13
73951,14,43,20717.221166,22395.452662,2,108,9,9,2.78
73952,42,42,24378.670606,24882.658433,2,118,1,1,0.17
73954,45,44,90085.103414,90653.529408,1,104,15,15,4.25
73955,31,46,31872.195672,31306.268737,1,115,15,15,5
73956,4,61,14357.450422,14564.7471,2,115,9,9,2.04
73957,26,51,21838.291237,23549.661536,2,118,15,15,4.04
73958,16,43,16347.70089,17177.989744,2,116,9,9,3.09
73959,5,45,6627.64676,6839.35772,1,112,9,9,1.37
73960,11,50,49012.105984,49652.652334,1,104,15,15,5
73961,7,49,9901.746684,10811.393033,1,108,6,6,1.16
73962,49,45,19056.23214,19218.066986,1,112,9,9,1.37
73963,16,55,18269.942143,17926.226769,2,108,14,14,3.14
73964,45,45,28939.276469,29768.839288,2,110,9,9,5
73965,0,28,8184.829333,7885.095953,2,107,6,6,1.15
73966,7,45,16717.361927,16886.909924,1,111,5,5,0.7
73967,9,48,8029.959986,9199.053887,1,117,15,15,5
73968,15,49,18184.520132,18451.344473,2,110,15,15,4.19
73969,0,32,13664.903307,14303.378941,2,116,7,7,1.43
73970,10,38,10597.368478,11164.980952,2,105,4,4,0.54
73971,15,37,14359.14917,14576.474504,1,114,14,14,2.37
73972,2,27,16958.129099,18332.215971,2,109,6,6,1.52
73973,75,75,13558.096482,13761.755116,2,117,8,8,4.11
73974,34,36,56366.470183,57553.145857,1,111,14,14,3.45
73975,64,64,46841.966041,47535.961428,2,115,4,4,1.02
73976,11,49,8557.526052,8716.339063,1,112,14,1,0
73977,30,59,17771.282846,18167.375496,2,106,15,15,5
73978,10,48,10272.20832,11024.503034,1,104,15,15,5
73979,61,61,79840.680841,80368.921229,2,105,15,15,5
73981,36,75,12722.095895,13251.686312,1,118,7,7,1.43
73982,13,28,11013.527799,14629.575264,2,104,2,2,0.35
73983,18,18,12493.6366,13165.432098,1,117,1,1,0.13
73984,5,33,56899.093382,60978.495509,2,112,7,7,2.42
73985,43,43,30161.780581,32045.466032,2,108,9,9,2.78
73986,7,37,6984.377691,6900.444752,2,106,6,6,1.18
73987,56,80,23344.023727,23044.64071,1,109,4,4,1.03
73988,4,48,39749.713955,40657.419385,1,104,15,15,5
73989,0,20,8603.26865,8333.315213,2,109,6,1,0.05
73990,50,54,17567.985688,17621.278084,2,106,15,15,5
73991,8,26,15733.231169,16335.361556,1,106,4,4,0.64
73992,20,20,34134.506164,33929.775025,1,107,99,3,1.04
73993,57,80,24480.285098,24667.522944,1,104,3,3,0.64
73994,36,36,83613.322042,85033.11441,2,109,10,10,2.15
73995,40,40,14331.774395,15584.982416,1,117,9,9,3.07
73996,17,19,38395.952954,41018.784668,2,115,6,6,1.54
73997,17,42,18022.894449,17627.606033,1,106,14,14,2.9
73998,32,58,20821.773551,20675.595522,2,116,7,7,1.68
73999,66,63,95025.814862,98481.294956,1,104,15,15,5
74000,14,53,23520.468837,24075.546542,1,107,7,7,0.93
74001,48,48,18058.792867,18570.690507,2,118,5,5,0.86
74002,63,63,10245.07186,10162.712234,2,108,14,14,4.04
74003,68,68,18888.577559,18721.499623,1,115,4,4,0.77
74004,31,31,22614.55986,22455.795681,2,114,9,9,2.15
74005,23,23,33348.223813,34145.62733,2,105,3,3,1.2
74006,34,29,32321.865924,31747.954585,1,107,6,6,1.61
74007,71,71,63863.900338,64388.172982,1,116,7,7,2.58
74008,49,51,102643.24476,103158.118645,2,112,8,8,3.18
74009,6,36,49542.862249,52448.949802,2,109,15,15,5
74010,40,40,97260.778364,99689.347404,2,109,8,8,1.61
74011,55,55,22021.375122,21968.283302,1,112,15,15,5
74012,68,32,12757.3366,13348.364846,1,114,7,7,1.27
74013,56,56,117280.086734,119715.423746,2,112,15,15,5
74015,2,30,16549.365436,16934.594322,1,109,5,5,1.23
74016,49,49,25524.499816,26907.817734,1,115,14,14,3.4
74017,18,42,5874.20993,6366.734967,1,118,15,15,3.05
74018,22,22,33348.260545,33040.598185,1,110,2,2,0.26
74019,17,40,9830.200555,9893.041251,2,118,1,1,0.1
74020,4,41,32725.594198,0,1,110,15,15,5
74021,16,43,22390.659666,22376.118589,1,109,6,6,1.06
74022,66,66,14454.09628,14210.072204,1,107,3,3,0.35
74023,19,51,87185.747174,87075.525936,1,109,9,9,3.87
74024,3,28,11558.94447,11928.178878,2,115,1,1,0.06
74025,45,44,22855.386414,23406.33672,2,116,8,6,1.63
74027,42,42,34060.314982,33978.198216,2,113,10,10,2.19
74028,57,60,31251.388818,31552.322651,2,114,6,6,1.05
74029,22,22,17271.753972,17645.489298,2,104,7,7,3
74030,0,30,8462.305963,8341.652588,2,107,4,4,0.65
74031,19,34,11247.737996,11427.252996,1,117,8,8,2.29
74032,47,54,63336.628988,63736.275377,1,116,15,15,4.25
74033,80,80,41235.436372,42894.255699,2,108,10,10,5
74034,0,31,7976.975589,8038.205332,1,111,14,14,2.69
74035,3,50,14739.353942,15256.952863,2,115,3,3,0.51
74037,20,44,44138.304322,45722.1406,2,115,5,5,0.89
74038,54,43,21574.291967,21742.43906,2,106,1,1,0.13
74039,10,36,12207.614416,12579.334893,2,105,6,6,0.69
74040,4,30,10946.860676,11086.256827,2,110,4,4,0.57
74042,41,41,17162.348381,18663.069231,2,104,5,5,0.86
74043,14,39,10566.226763,10633.772592,2,117,2,2,0.29
74044,73,73,11017.775124,10830.577929,2,114,3,3,0.86
74045,38,49,48613.388071,54135.535658,2,111,8,8,2.86
74046,41,45,54512.962485,54856.932616,1,112,15,15,5
74047,40,40,23360.215327,23589.709491,2,114,5,5,0.67
74048,80,80,31819.329646,32659.373755,2,107,6,6,1.78
74049,62,62,14721.038531,14930.355041,2,117,7,7,2.29
74050,44,44,32939.067721,34225.218909,1,105,6,6,1.27
74051,20,56,23961.539365,24888.582667,2,104,15,15,5
74052,19,21,14110.144432,14199.586668,1,112,1,1,0.1
74053,10,30,12842.151157,13646.222329,1,106,7,7,1.45
74054,40,43,73461.791386,84369.279503,2,116,10,10,3.28
74055,57,32,22251.652505,21966.278958,1,115,8,8,2.69
74056,38,37,43577.792379,44097.929575,2,112,5,5,0.56
74057,63,63,15890.836481,15920.380941,2,110,6,6,2.19
74058,60,60,11603.054466,12082.890022,2,110,6,6,1.15
74059,57,57,74056.830092,73327.208246,1,118,15,15,5
74060,8,46,29717.751869,31673.953891,2,104,14,14,3.48
74061,12,53,11374.549738,11805.143711,2,114,5,5,0.75
74062,67,59,13318.864423,14015.357852,1,118,4,4,0.81
74063,49,43,19729.662651,0,1,104,15,15,5
74064,17,40,9849.532941,10143.024416,2,117,4,4,0.83
74065,71,71,36060.136518,36416.860869,1,104,8,8,3.92
74066,56,56,13833.683829,13843.717196,2,117,4,4,0.49
74067,2,42,28992.023678,29666.887317,2,107,7,7,1.43
74068,5,31,24128.173871,24824.17794,2,109,1,1,0
74069,0,51,15917.482951,16620.052355,2,115,5,5,0.97
74070,59,59,107581.87821,109864.53297,1,104,15,15,5
74071,3,36,39091.155442,43198.205723,1,110,15,15,5
74072,63,63,16445.226661,17371.967782,2,111,4,4,1.29
74073,0,20,4271.360797,4433.419557,1,112,3,3,0.64
74074,4,32,15350.661738,16594.498405,1,107,4,4,0.47
74075,59,59,25895.958339,26638.282502,2,105,2,2,0.43
74076,4,22,15719.906889,16737.726232,1,111,15,15,5
74077,26,26,46076.435619,46588.926749,2,106,9,7,2.02
74078,63,63,88531.364913,89256.360761,2,107,14,14,5
74079,2,44,14533.83127,15113.1128,1,113,5,5,0.86
74080,5,42,44427.999137,45462.174658,2,107,14,14,2.24
74081,80,80,27609.529867,28642.443585,1,116,5,5,1.39
74082,4,21,7315.183519,7548.856885,1,112,3,3,0.72
74083,67,67,17120.265197,18555.698203,2,106,6,6,2.57
74084,1,33,9601.031658,9949.80529,1,105,5,5,0.89
74085,80,80,18933.351504,21216.895925,2,105,4,4,1.18
74086,6,37,13671.787895,13533.985506,2,108,15,15,4.61
74087,59,62,22091.804326,21986.898067,1,107,15,15,3.79
74088,12,41,15415.387899,15077.288807,1,107,5,5,0.73
74089,11,32,9792.040906,9636.440912,1,114,5,5,0.73
74090,80,80,26882.902098,27606.866454,2,105,6,6,2.14
74091,19,48,13479.173461,14211.124414,1,105,10,10,2.65
74092,6,59,10428.551645,10303.229243,2,108,15,15,4.16
74093,4,62,15456.229326,16206.012827,1,107,15,15,3.79
74094,7,37,7852.361067,8059.743377,1,114,6,6,0.91
74095,12,40,12556.667881,12466.654923,2,106,15,15,5
74096,53,53,29563.941789,32213.353965,1,113,2,2,0.58
74097,40,40,59781.505548,62115.756627,1,116,15,15,3.17
74098,0,32,7906.76023,8137.080543,1,107,7,7,1.45
74099,44,44,23963.869016,25195.637594,2,106,5,5,0.82
74100,69,69,9289.765852,9254.057753,1,114,4,4,1.67
74101,34,34,15416.990604,16531.558608,1,118,5,2,0.38
74102,18,54,13675.380162,14441.696934,1,114,7,7,1.61
74103,17,49,11580.119332,12558.898055,2,118,5,5,0.98
74104,8,33,43209.651388,48915.512913,1,118,15,15,3.63
74105,0,37,6765.714359,7363.443828,1,104,3,3,0.47
74106,10,37,7724.805337,7679.649067,2,104,9,9,1.72
74107,4,23,48311.241748,48203.966912,2,109,4,4,0.75
74108,1,35,6279.369894,7240.727353,2,106,14,14,3.3
74109,59,59,74348.922462,74607.765462,1,118,7,7,1.77
74110,60,60,11563.524033,11432.78516,1,106,6,6,1.12
74111,61,40,15083.024569,14850.117853,1,117,15,15,5
74112,28,28,35194.786613,39245.218016,2,113,4,4,0.5
74113,17,43,27210.792753,27707.323183,2,115,5,5,0.84
74114,9,38,9910.522055,9791.424939,2,111,6,6,0.78
74115,27,27,32327.336211,38088.513008,2,106,4,4,0.64
74116,25,21,51166.900015,56451.333616,1,109,8,8,1.52
74117,8,28,10923.462408,13231.093186,1,108,14,9,2.18
74118,35,35,36433.531882,35978.759297,1,109,14,14,2.9
74119,32,34,36777.348028,40939.567689,1,110,7,7,1.38
74120,80,80,40434.912267,41502.411496,2,109,5,5,1.27
74121,9,42,49012.105984,50793.278278,1,104,15,15,5
74122,71,71,45433.369114,45882.818025,1,117,6,6,2.26
74123,21,46,26455.65152,27831.386154,2,117,3,3,0.76
74124,28,28,34900.822426,38917.422631,1,106,5,5,1.29
74126,53,53,20391.44855,22741.568317,1,114,8,8,3.92
74127,33,57,27973.203758,31939.47656,2,115,5,5,0.57
74128,71,47,17132.76175,17951.693802,2,104,7,7,1.5
74129,56,47,19024.059278,19883.547184,1,106,8,8,1.22
74130,12,50,14129.781321,14031.772753,2,111,9,9,1.88
74131,24,27,31561.661561,33202.916583,1,118,10,10,3.58
74132,62,62,15827.313182,15965.889113,2,116,10,10,3.54
74133,14,61,19926.374763,19339.268079,1,109,6,6,1.2
74134,51,55,23687.672227,24832.753242,2,111,9,9,3.03
74135,6,44,44920.318276,47150.331896,1,104,15,15,4.25
74137,17,38,19785.021761,19949.951674,1,111,8,8,0.94
74138,69,65,13846.32795,13779.356845,1,109,6,6,1.64
74139,63,62,16108.780281,16166.079174,1,117,1,1,0
74140,8,37,8070.136063,8330.477145,2,118,3,3,0.45
74141,71,71,45433.369114,46076.938882,1,117,9,9,5
74142,61,61,12290.824112,12192.018786,1,104,7,7,1.92
74143,30,30,106819.654572,109509.928235,1,105,15,15,5
74144,51,51,37198.808742,37545.029387,2,109,14,14,3.79
74145,6,24,5215.626269,6865.593261,2,104,7,7,1.77
74146,50,50,15738.592398,15700.647878,2,117,2,2,0.57
74147,79,80,26555.322013,26706.992415,1,113,4,4,0.97
74148,42,43,93308.459231,93776.508434,1,115,5,5,1.42
74149,54,54,21822.544612,24196.749572,2,112,2,2,0.77
74150,20,55,58373.274406,59656.960453,1,105,14,14,2.27
74151,1,23,14241.69872,0,2,116,2,2,0.31
74152,74,74,21674.748387,22976.551885,2,105,2,2,0.85
74154,52,27,27252.596772,27799.261844,1,115,8,8,2.43
74155,20,20,27971.682978,0,2,105,4,4,0.76
74156,3,40,16087.366398,16794.749601,1,107,7,7,1.45
74157,7,46,13515.502104,14432.599222,2,108,15,15,4.69
74158,19,50,12586.673175,13629.861754,2,114,6,6,1.06
74159,32,34,26438.468888,27860.092038,2,116,15,10,5
74160,66,66,14241.691039,14901.487198,2,118,14,14,3.4
74161,16,56,14143.05733,14285.675155,2,113,6,6,0.65
74163,11,47,11213.652828,11301.926812,1,118,14,14,4.1
74164,38,65,54588.641315,53425.91145,1,106,6,6,1.43
74165,3,38,15828.013802,16345.887618,1,111,8,8,0.94
74166,28,28,69277.671298,72662.224059,2,107,2,2,0.3
74167,0,30,20317.899874,20174.573544,2,113,14,14,3.05
74168,14,50,20920.008096,21944.482903,1,106,5,5,0.74
74169,22,68,21735.865487,21535.336057,2,110,8,8,2.53
74170,56,56,26359.494855,27188.252968,1,109,15,15,5
74171,17,46,12287.007439,12028.667394,1,104,9,9,3.07
74172,33,33,23303.904692,24488.257628,1,106,6,6,1.54
74173,43,43,25833.628249,27447.008784,1,112,5,5,1.23
74174,3,38,45586.256026,50375.703754,1,110,15,15,5
74175,80,80,29157.830021,30960.044087,1,113,2,2,0.85
74176,51,21,11949.443084,12994.333794,2,117,4,4,0.5
74177,5,29,41480.719697,41388.611996,2,107,6,6,1.13
74178,53,53,31377.193396,30984.672898,2,108,15,15,5
74179,17,44,13431.189889,14798.510047,2,106,15,15,4.38
74180,63,63,104219.084678,105193.437826,2,109,9,9,3.81
74181,38,68,17423.987582,17862.81408,1,116,6,6,1.48
74182,12,47,14572.982363,14445.595694,1,107,7,7,0.8
74183,11,49,12189.367745,12447.063624,1,107,15,15,5
74184,55,52,19525.001933,19584.230928,1,108,15,15,5
74185,11,48,47780.750438,49652.882603,1,116,15,15,4.72
74186,29,29,36123.845347,38662.896194,1,106,7,7,1.27
74189,0,28,7829.945339,8010.693219,1,107,6,6,1.71
74190,56,68,110148.142573,112435.383791,1,110,8,8,3.22
74191,39,39,27927.439481,27995.571262,2,111,1,1,0.07
74192,7,36,31767.723198,34784.693362,2,105,7,7,1.25
74193,66,66,20706.239343,22477.605715,1,104,3,3,1.04
74194,3,33,30851.375261,34092.726099,1,113,4,4,0.96
74195,26,36,32371.566653,32818.676772,2,110,5,5,0.79
74196,36,36,77030.969896,78974.141259,1,116,15,15,5
74197,26,26,29299.729457,29680.2474,2,112,4,4,0.86
74198,66,66,11044.80962,11179.854823,1,108,7,7,3.48
74199,22,22,33399.668475,34488.918107,2,111,1,1,0.03
74200,5,38,24955.855576,26908.209456,1,115,6,6,1.12
74201,25,25,34505.769229,35631.091669,2,108,3,3,0.89
74202,59,56,34256.573307,0,2,115,14,14,5
74203,51,60,34700.469555,34970.920289,2,108,5,5,1.53
74204,6,33,5960.425841,6533.607723,2,117,4,4,0.45
74205,65,37,6378.809847,6858.045662,2,104,15,15,5
74206,16,47,87000.329163,94277.89978,2,108,14,14,5
74207,32,34,84843.358338,86176.526222,1,110,9,9,2.82
74208,2,36,12543.393358,12701.038119,1,107,6,6,0.7
74209,9,33,7887.401045,8422.602232,2,114,6,6,1.04
74210,0,27,9084.83494,8993.399146,2,115,4,4,0.64
74211,74,76,16202.02994,16952.645656,1,108,4,4,0.77
74212,7,19,10052.199593,10788.381763,2,115,9,9,2.52
74213,6,27,15227.862274,15546.476441,1,109,5,5,0.7
74214,47,49,29877.191163,31241.083209,1,107,15,15,5
74215,9,44,14380.56591,14644.450704,1,108,15,15,5
74216,4,37,17510.267903,0,2,113,3,3,0.59
74217,5,47,15377.004451,16122.944744,1,117,5,5,1.02
74218,10,33,6871.360662,7276.632102,2,106,7,7,1.77
74219,74,74,13248.838522,13338.531018,1,118,15,15,5
74220,14,44,34409.898046,36745.346391,2,109,4,4,1.18
74222,45,45,26555.155349,28451.545294,2,115,5,4,1.63
74223,1,55,37734.7385,44214.530087,1,115,7,7,1.7
74224,66,66,23856.698444,24993.077142,2,109,5,5,1.16
74225,67,67,11044.80962,10965.965843,1,108,5,5,1.74
74226,20,20,32007.745591,34747.822073,1,107,1,1,0
74227,78,78,14501.268411,15061.610165,2,117,3,3,0.86
74228,2,26,5063.726564,5247.674952,2,105,4,4,1.14
74229,17,45,14263.684411,14479.564889,1,116,14,14,3.82
74230,44,44,42677.84167,46362.863103,1,106,9,9,3.07
74231,67,67,22314.839374,22544.246611,1,107,6,6,2.44
74232,29,29,68242.194535,72104.429016,2,107,6,6,1.13
74233,19,19,25684.199667,26734.52572,2,109,5,2,0.51
74234,0,22,7597.503877,7543.90964,1,105,5,5,1.02
74235,27,35,37256.82438,39194.236642,1,110,8,4,1.61
74236,1,29,11348.961171,11446.310367,1,111,6,6,1.02
74237,51,51,32977.447451,33949.299776,1,111,15,14,5
74238,6,33,11468.40714,12374.370023,2,114,8,8,2.1
74239,35,44,87768.991384,89983.038421,1,110,15,15,5
74240,74,74,17876.654828,19393.531106,1,104,8,8,4.53
74241,72,72,15838.41928,15869.752175,1,112,8,8,3.22
74242,9,48,10894.028257,12027.202544,2,113,6,6,0.91
74243,33,33,35269.471836,34829.229343,1,111,8,8,1.91
74244,7,36,28754.43971,29920.392921,2,109,7,7,1.77
74245,11,52,11854.875948,13187.336639,1,109,7,7,1.06
74246,71,71,20087.482733,0,2,118,3,3,1.04
74247,74,74,45688.379444,44912.11233,2,104,14,14,4.77
74248,4,55,52848.540694,54078.725896,2,109,8,8,1.79
74249,16,48,6744.291206,7107.554104,2,104,15,15,5
74250,2,45,8098.71981,8588.703261,2,110,1,1,0.14
74251,20,53,90270.034456,93643.336382,1,113,5,5,0.98
74252,18,65,90555.181006,96011.211522,2,109,8,8,1.56
74253,77,77,9918.956424,10795.40244,1,114,6,6,1.93
74254,71,71,44731.686889,44595.304658,1,106,15,15,3.17
74255,7,38,64429.047766,70040.796718,1,113,14,14,3.26
74256,17,18,8098.694589,8335.812244,1,117,1,1,0.04
74258,1,37,7983.180705,8098.443986,1,114,14,14,2.37
74259,39,42,37174.809707,38750.079641,2,106,7,7,1.68
74260,52,19,20419.127184,23438.847592,1,112,3,3,0.51
74261,2,19,13017.47682,14072.259686,1,106,4,4,0.54
74262,70,70,18920.010397,20605.417717,1,114,2,2,0.74
74263,8,75,6804.707898,7026.591534,1,118,7,7,1.43
74264,46,46,35928.777397,41003.490279,2,111,5,5,0.84
74265,36,36,30859.356053,32683.909744,2,114,3,3,0.61
74266,1,21,4772.136839,6628.342503,2,117,4,4,0.5
74267,4,35,9184.379476,9506.905478,1,114,4,4,0.57
74268,62,62,43353.309188,42995.114923,1,106,2,2,0.46
74269,4,40,22740.862289,23484.916298,2,111,15,15,5
74270,51,54,90999.112361,92888.721353,1,112,15,15,5
74271,13,40,11178.8162,11081.098922,1,118,6,6,0.95
74272,0,35,13928.095656,15326.578907,1,116,8,8,2.12
74273,16,36,50563.80509,50517.037476,2,107,14,14,2.66
74274,16,44,10071.295744,10254.312808,2,106,8,8,1.79
74275,29,32,17743.429247,18339.106581,2,117,14,3,0.86
74276,62,54,15174.746412,15514.923891,1,109,4,4,1.03
74277,16,59,11374.874283,11125.394043,1,117,14,14,2.69
74278,42,46,17911.128634,18651.722895,1,107,15,15,3.93
74279,21,21,103699.241849,104185.23448,2,111,6,3,1.03
74281,27,27,78135.833105,77667.191842,1,116,10,10,4.19
74282,23,23,29412.800159,0,1,104,6,6,1.54
74283,49,49,27248.60011,29439.463895,2,111,8,8,2.86
74284,58,68,22927.190587,26586.966385,1,112,8,8,1.31
74285,30,71,19934.390257,20579.117971,1,106,15,15,3.17
74286,10,52,12754.485277,13043.709615,2,116,4,4,0.49
74287,60,60,16580.002221,17514.338376,2,112,9,9,3.74
74288,15,45,18304.904877,19852.078176,2,111,7,7,1.76
74289,0,20,6614.276418,6781.460054,2,111,3,3,0.42
74290,48,48,111121.705858,113749.950609,2,112,10,10,2.51
74291,3,41,16981.571157,18008.979071,2,112,9,9,1.45
74292,63,63,29021.255882,28903.196921,1,111,3,3,1.13
74293,27,27,78873.938363,79888.9926,1,112,9,9,5
74294,44,44,35928.777397,38172.627526,2,111,4,4,0.81
74295,26,26,20633.652522,21282.4678,2,104,7,7,3
74296,26,26,84378.552022,83872.468327,1,109,15,15,5
74298,80,80,42563.731175,43894.840362,2,114,6,6,1.72
74299,0,31,10923.849536,11637.829005,2,111,6,6,1.72
74300,46,46,38313.250912,39411.524687,2,112,15,15,5
74301,50,50,99165.475477,104652.165214,1,112,15,15,5
74302,62,62,11563.524033,11604.322926,1,106,14,7,1.84
74303,3,39,10833.364793,11143.206769,2,110,8,8,1.61
74304,80,80,8967.998411,9165.993212,2,105,3,3,0.83
74305,71,71,12268.903935,12190.704671,2,116,6,6,1.05
74306,62,20,7873.490903,8284.987889,2,118,6,6,0.91
74307,6,33,7724.805337,8029.419533,2,104,7,7,1.47
74308,11,31,16878.511465,17051.369981,2,109,6,4,0.57
74309,4,46,15920.574299,0,1,109,6,6,0.76
74310,60,72,23927.80253,24012.913667,2,112,14,14,4.83
74311,5,24,13794.832347,14246.182881,1,114,14,6,1.04
74312,22,22,27280.366961,27932.67938,1,115,3,3,0.87
74313,80,80,45165.386055,46577.857626,2,112,4,4,1.21
74314,50,49,14595.174007,15254.569321,1,114,15,15,3.63
74315,7,34,10150.893659,10105.029748,2,105,3,3,0.43
74316,17,66,12492.491377,12669.481042,1,114,2,2,0.46
74317,33,33,69244.437969,70420.240127,2,107,10,10,2.73
74318,52,52,157422.896459,160763.069823,1,113,9,9,3.2
74319,68,68,24535.144165,26359.881908,2,112,2,2,0.73
74320,1,23,8835.403638,9258.645575,1,112,2,2,0.21
74321,1,24,11992.644155,13036.777309,2,113,2,2,0.47
74322,18,24,13933.971943,14050.126922,1,114,14,6,1.04
74323,27,27,91645.729247,98087.268463,2,113,14,14,4.04
74324,79,70,48194.233481,48670.994201,1,117,6,6,1.93
74326,16,53,14101.66324,14003.849709,1,116,5,5,1.02
74327,14,37,21348.448023,20991.322601,1,107,7,7,1.14
74328,44,44,25391.531572,27583.965266,2,114,9,9,2.52
74330,3,27,59321.986368,80149.225413,2,113,14,14,4.04
74331,33,33,20735.36065,21850.321915,1,116,6,6,1.09
74332,18,41,68627.088455,70293.537986,1,114,7,7,1.49
74333,2,31,11314.241183,11846.35939,1,112,4,4,0.4
74334,11,43,8679.448296,8840.834185,2,110,15,15,5
74335,9,36,15227.862274,15159.059531,1,109,4,4,0.47
74336,7,45,9493.757784,9719.385525,1,118,6,6,0.56
74338,43,43,101896.39767,105625.725731,2,115,9,9,5
74339,12,27,19515.48756,19087.462739,1,106,2,2,0.24
74340,41,41,104276.606321,113929.242678,2,113,15,15,5
74341,60,60,12578.732092,13236.141925,1,115,9,9,5
74342,10,30,9814.781995,10113.640996,2,112,3,3,0.43
74343,2,38,12066.036603,12651.361456,1,108,3,3,0.36
74345,56,56,110860.206479,111708.122514,2,114,14,14,3.14
74346,70,70,52606.137453,51712.334368,1,112,9,9,3.87
74347,13,44,16476.356628,18084.138804,1,105,15,15,5
74348,45,50,31042.727571,30654.391153,1,115,10,10,2.97
74349,57,60,14061.727039,14235.520061,2,104,15,15,5
74351,7,27,10671.081228,11652.452426,1,115,8,8,2.43
74352,65,65,13666.527217,14486.399871,2,117,15,15,5
74353,20,50,41912.448698,0,2,109,4,4,0.66
74354,0,67,7460.879014,7633.1073,1,107,15,15,5
74356,18,39,15848.607209,15573.094094,1,106,10,10,2.54
74357,77,77,8592.757185,0,2,117,3,3,0.86
74358,13,44,15734.763464,15271.15757,2,115,5,5,0.89
74359,63,63,12167.006734,13197.868619,2,106,10,10,4.13
74360,17,54,13675.380162,14441.696934,1,114,7,7,1.61
74361,10,67,10612.681672,10751.380355,2,106,3,3,0.35
74362,2,30,36692.236961,37546.342795,2,109,6,6,0.9
74363,2,31,30721.746324,30487.618941,1,113,9,9,2.22
74364,5,45,11686.296012,12393.332652,1,112,8,8,1.58
74365,3,24,16472.950863,17653.985337,1,110,5,5,0.73
74366,61,61,90489.627279,90711.213588,2,113,9,9,2.31
74368,53,53,16759.786893,17888.045916,2,105,9,9,2.52
74369,7,32,9493.757784,9719.385525,2,118,5,3,0.38
74371,1,31,13987.262571,14665.786321,2,112,8,8,1.74
74372,4,43,11826.427036,11997.180128,2,114,14,14,3.14
74374,70,72,24551.101103,27452.997016,1,108,8,8,2.9
74375,63,32,12261.350101,12536.216979,1,111,1,1,0
74376,21,47,26205.318997,26497.387369,1,108,3,3,0.77
74377,3,22,11826.427036,11997.180128,2,114,2,2,0.26
74378,24,28,46402.440841,49074.647669,1,107,6,6,1.61
74379,43,43,22993.150417,22937.715722,2,110,8,8,2.53
74380,28,28,69695.390742,70561.301499,2,107,8,8,1.86
74381,25,27,92769.503517,94931.642302,2,113,10,10,3.28
74382,4,30,9692.274876,11005.930138,1,106,7,7,1.45
74383,64,44,18440.651852,18741.667837,2,108,15,15,4.19
74384,25,49,20094.060881,20433.291543,2,105,6,6,0.83
74385,73,73,10068.104389,10045.521406,1,104,9,9,3.87
74386,24,24,33348.260545,34069.867804,1,110,7,7,2.58
74387,2,32,10061.896986,10415.238593,2,115,6,6,1.13
74388,57,55,19000.187408,20809.13089,1,107,10,10,3.58
74389,4,25,12487.495646,12926.016513,1,115,2,2,0.31
74390,5,20,7083.535386,7220.617267,1,108,7,7,1.38
74391,0,25,10571.405215,13831.26885,2,113,5,5,0.67
74393,26,26,28639.765549,29250.40097,1,108,6,3,1.09
74394,51,51,19256.385669,19406.467316,2,105,8,8,2.27
74395,77,77,12685.140633,12656.68758,1,117,5,5,1.74
74396,29,25,68800.199978,69122.636185,2,117,15,15,5
74397,24,23,53002.973503,55574.650637,2,109,5,5,0.86
74398,27,27,62428.821924,62618.008585,1,108,8,4,0.64
74399,31,43,17763.352407,18803.888781,1,108,6,6,1.2
74400,23,64,28048.368788,28454.182298,2,108,15,15,5
74401,19,23,27040.345963,28554.107593,1,109,5,5,0.5
74402,49,26,44464.740545,43931.125373,2,106,9,5,1.75
74403,31,31,29950.99294,30389.468415,1,115,6,6,1.61
74404,0,37,15091.270672,14502.707087,1,106,15,15,4.35
74405,5,28,12322.2826,12755.001713,2,116,4,4,0.71
74407,8,35,47881.365367,48793.566775,2,116,6,6,0.9
74408,29,48,40079.239311,44929.115465,1,111,3,3,0.35
74409,6,43,7132.115276,0,2,117,4,4,0.73
74410,9,66,25618.390336,26681.699741,2,109,7,7,1.08
74411,28,28,108524.09729,107873.194011,1,111,10,9,5
74412,37,37,16285.52157,17284.45345,1,108,8,8,1.81
74413,80,80,47196.304429,48467.314606,2,106,6,6,2.09
74414,0,42,18109.304691,17937.141569,1,105,14,14,3.26
74415,17,57,17640.493233,17211.834511,2,107,8,8,1.65
74416,3,33,9026.279065,10005.285844,2,114,8,8,2.1
74417,56,56,26265.026886,25936.458256,2,116,6,6,2.16
74418,23,59,59135.422881,59412.564538,1,118,7,7,1.77
74420,5,32,11854.112161,12421.959154,1,110,14,14,3.4
74421,47,47,23804.112983,26007.60286,2,115,3,3,0.86
74422,29,29,27276.103778,27866.318504,2,111,2,2,0.45
74424,35,35,84843.358338,89155.274383,1,110,14,14,3.84
74425,62,52,68634.784512,72486.255867,2,109,8,8,3.05
74426,2,31,41915.76482,41596.328932,1,106,15,15,5
74427,14,19,11641.347356,12495.203998,1,116,5,5,0.83
74428,0,32,18040.818432,23662.445469,1,105,15,15,5
74429,1,33,28375.44146,30409.829521,1,110,10,10,2.36
74430,11,54,14794.01056,15327.48055,2,113,6,1,0
74431,5,48,18768.345708,19903.855887,1,110,15,15,5
74433,22,50,65583.619827,66342.491422,2,112,15,15,4.48
74434,36,36,21264.008962,21246.638466,1,114,4,4,0.54
74435,19,42,12350.589185,12337.345568,1,114,8,8,2.12
74436,55,55,21200.92161,22349.920218,2,108,14,14,3.14
74437,35,35,47512.225894,49577.074777,1,110,7,7,3.31
74438,0,28,15423.4702,14858.653433,2,107,8,8,1.86
74439,0,20,6105.636214,6476.270328,2,113,7,7,1.68
74440,31,31,109007.659711,115393.077979,1,115,14,14,3.82
74441,38,38,42181.624664,42799.153705,2,112,4,4,0.71
74442,63,63,7605.014062,7925.957746,2,117,10,10,3.69
74443,11,40,12006.043856,13044.534505,1,116,8,8,2.12
74444,10,50,8983.550749,8840.798032,2,111,9,9,1.88
74445,47,47,77446.959241,79278.730653,2,104,14,14,3.56
74446,64,64,34729.942384,34959.721966,2,109,3,3,1.1
74448,5,35,9311.943659,12912.499092,2,104,15,15,4.61
74449,37,37,25096.538417,26446.004611,2,111,15,15,5
74450,16,41,20643.179565,20938.389487,2,112,6,6,0.9
74451,77,51,15297.440213,15228.958225,1,108,4,4,0.78
74452,11,45,17366.603258,17707.051947,1,107,14,14,4.12
74453,0,25,5770.695862,6040.324459,1,113,7,7,1.2
74454,45,40,12994.269726,15138.7894,1,117,15,15,5
74455,38,38,25463.653951,26757.769839,1,115,6,6,1.12
74456,1,34,7991.743976,8410.142246,1,104,6,6,1.2
74457,13,47,65458.232642,68376.233802,1,107,15,15,5
74458,15,50,16348.141659,16267.628354,1,111,8,8,1.63
74459,61,61,35433.181523,35764.449372,1,115,1,1,0
74460,20,24,121187.390688,123852.421287,1,113,15,15,5
74461,1,52,16896.283442,16858.765342,2,109,4,4,0.47
74462,58,58,26265.026886,26659.281139,2,110,7,7,3.77
74463,45,47,101795.871971,106942.620805,1,110,14,14,4.61
74464,45,45,22605.231812,23617.913105,2,111,1,1,0.13
74465,80,80,15866.435364,16412.15068,1,107,5,5,1.42
74466,34,66,18368.704295,19041.36145,1,113,7,7,1.01
74467,1,32,7287.149342,7519.927195,1,110,14,14,3.4
74468,5,33,13330.65674,15546.967533,1,115,6,6,1.32
74469,1,29,5688.53395,5798.619507,2,114,4,4,0.57
74470,4,34,24730.457668,26503.51723,1,113,1,1,0.03
74471,16,37,15482.760657,15026.579722,1,111,7,7,1.27
74472,2,33,30227.060196,30930.672475,2,107,9,9,2.62
74473,80,80,27937.28961,28674.846178,2,107,4,4,1.11
74474,3,29,16520.164271,16661.871048,1,115,8,8,2.12
74475,0,32,10384.875573,10280.355309,1,115,6,6,1.27
74476,68,45,12229.219722,12250.718967,2,104,8,8,1.89
74477,1,31,8409.969571,8517.061223,2,110,2,2,0.25
74478,8,35,9335.134547,9186.795004,2,115,7,7,1.25
74479,50,50,30946.877696,31064.05574,1,109,10,10,3.33
74480,18,42,14599.834765,15009.830752,2,111,6,6,0.52
74482,8,35,10714.314566,11918.578791,2,106,6,6,1.52
74483,4,32,18980.475286,19143.286135,1,115,6,6,1.27
74484,11,39,8165.15324,8067.030638,1,116,15,15,3.96
74485,3,40,42323.519889,43308.708263,2,107,8,8,1.39
74486,69,38,13072.88574,13207.281267,1,104,8,8,1.29
74487,78,78,73950.268313,72693.818377,1,114,8,8,3.09
74488,16,37,66836.063425,73993.520657,2,108,15,15,3.6
74489,36,37,88747.541698,90986.273494,1,116,15,15,5
74490,80,80,44990.322145,46710.338333,1,112,14,14,5
74492,10,33,49814.494109,52736.515056,2,107,9,9,1.97
74493,40,30,22921.482522,22627.518523,1,104,8,8,2.3
74494,2,40,7817.248069,8066.959189,1,112,14,14,4.61
74495,8,38,6866.457903,7089.835246,2,118,9,9,1.72
74496,4,31,15892.130767,16137.10999,2,112,6,6,1
74497,2,43,11602.506384,11702.030442,1,116,2,2,0.28
74498,29,29,43914.422827,45490.225456,1,115,8,8,2.12
74499,59,59,37242.723626,38188.349056,1,106,3,3,1.22
74500,6,36,19712.374348,21427.209212,2,107,3,3,0.61
74501,10,38,18539.103543,20299.756074,1,115,6,6,1.12
74502,27,27,33726.063847,34455.846212,2,111,2,2,0.51
74503,47,45,26475.12291,25992.623272,2,111,6,6,1.07
74504,43,43,21098.925724,21762.146168,2,115,5,5,0.84
74505,21,55,45115.710659,46107.849765,2,106,15,15,5
74506,4,30,22529.340538,24354.852709,2,109,6,6,1.26
74507,14,27,18719.332815,18776.683108,1,109,5,5,0.7
74508,80,80,22208.518877,24769.485665,2,105,15,15,5
74509,48,51,42280.680232,47213.617903,1,106,6,6,1.27
74510,64,66,92638.425247,94575.635639,1,108,15,15,5
74511,46,45,68207.820019,72185.235437,1,116,15,15,5
74512,80,76,16350.000948,16993.416371,2,109,7,7,2.23
74514,0,23,8693.013722,8893.684829,2,109,5,5,1.01
74515,0,20,5180.680466,5119.421591,1,110,5,5,1.42
74516,16,69,14844.631509,17663.111246,1,106,6,6,1.59
74517,1,23,7574.392358,7720.973394,1,108,3,3,0.69
74519,60,60,17589.196916,19093.908197,2,118,2,2,0.67
74520,6,29,9557.926448,10233.466388,2,118,6,6,1.27
74521,21,41,40645.689138,41971.250256,1,106,1,1,0.03
74522,2,26,18117.050164,18995.910396,1,109,3,3,0.72
74523,61,50,14454.09628,14150.228935,1,107,15,15,5
74524,47,41,22173.26924,22086.108936,1,118,4,4,0.54
74525,11,37,8881.308153,8977.257386,2,113,4,4,0.57
74526,58,61,26379.313053,26049.314733,1,112,9,9,3.95
74527,0,30,6403.448021,6674.629725,2,105,3,3,0.55
74528,1,35,12287.849386,13083.452749,2,111,6,6,0.95
74529,51,51,31463.897254,35328.071321,1,106,6,6,1.27
74530,45,45,14954.877898,14814.611018,1,118,5,5,0.63
74531,72,72,8346.825082,8697.389948,2,117,4,4,1.29
74532,25,24,42135.989522,44894.974689,1,107,4,4,0.65
74533,0,47,18502.985228,18327.079429,1,105,7,7,1.78
74534,65,42,125871.876863,128264.050724,1,105,6,6,1.15
74536,65,65,13116.082602,12967.790277,1,111,6,6,1.93
74537,23,50,34964.900688,34952.412848,1,115,3,3,0.77
74538,75,77,58195.593747,59869.22059,1,113,15,15,5
74539,55,57,21213.712416,21162.567808,2,114,10,10,2.94
74540,11,33,9234.517815,12296.33552,1,104,15,15,5
74541,5,24,9253.621179,9578.578728,2,114,4,4,0.54
74542,46,68,15022.200366,15515.870351,2,105,1,1,0.08
74543,40,40,30335.485695,31205.071741,2,108,9,9,4.88
74544,10,33,7324.260035,7207.874204,2,114,5,5,0.55
74545,8,65,22881.168055,23180.205372,1,106,6,6,0.67
74546,27,45,23089.077067,24470.966262,1,118,6,6,0.56
74547,43,42,19350.630995,19472.915255,1,114,6,6,1.61
74548,63,28,7729.165302,7902.432644,2,118,4,4,0.54
74549,55,55,20990.205256,22708.450821,1,107,10,10,3.58
74550,4,59,15853.773291,16410.507051,2,116,12,6,1.81
74551,32,31,66628.087156,67065.894545,2,117,15,15,5
74552,44,18,27591.195551,27246.036897,1,108,5,5,0.85
74553,6,46,24729.116788,26793.438223,2,109,4,4,0.64
74554,35,35,22568.629344,22899.028757,1,104,6,6,0.95
74556,23,23,43136.931152,43692.074279,2,109,2,2,0.56
74557,28,28,23576.442176,24910.774234,2,105,6,6,1.2
74558,1,33,6625.224361,6972.080119,2,105,5,5,0.75
74559,19,23,9715.015181,10536.150947,2,118,10,10,3.02
74560,36,34,12423.099991,13337.844453,2,105,4,4,0.54
74561,1,29,14133.800304,14311.433223,2,109,6,6,0.88
74562,62,62,103274.266784,105061.570109,2,114,10,10,3.54
74563,40,40,27133.215826,28192.669544,1,116,6,6,1.23
74564,26,26,25657.727337,28022.429946,2,115,6,6,1.52
74566,55,55,27527.703471,28338.950692,1,110,13,3,0.96
74567,53,53,117939.178644,125878.774972,1,113,14,14,3.84
74569,19,66,33109.297935,33890.669822,2,109,7,7,1.08
74570,63,63,15651.460774,15387.22196,2,108,8,8,2.86
74571,53,62,127895.611753,128873.823353,2,108,15,15,5
74572,2,23,11271.837115,11667.667946,2,115,7,7,1.68
74573,4,46,12082.223956,12506.512978,2,115,1,1,0.07
74574,80,80,38452.151282,40080.086709,1,116,5,5,1.39
74575,16,41,10069.033079,10842.412043,1,104,8,8,1.58
74576,73,69,37623.141328,38156.078172,2,115,6,6,1.38
74577,3,70,15164.10374,0,1,106,8,8,1.36
74578,4,25,23018.846097,24135.493026,1,106,8,8,2.3
74579,51,51,16203.570918,17081.73465,2,115,3,3,0.48
74580,13,42,13147.44575,13232.777629,2,117,5,5,0.82
74581,75,75,12031.533115,12445.349562,1,106,4,4,1.01
74582,30,30,24751.89737,26201.806652,2,116,6,6,0.93
74583,60,60,22437.127526,23391.29745,2,111,4,4,0.99
74584,10,27,7249.820732,7316.955708,2,105,8,8,1.89
74585,0,52,6765.714359,0,1,104,6,6,0.79
74586,24,49,21793.669882,21964.98136,2,105,6,6,0.83
74587,66,66,11763.750951,11755.521077,1,106,14,14,2.82
74588,74,74,37788.739135,38162.56366,2,105,7,7,3.43
74589,67,63,20324.469673,22312.788687,2,104,5,5,1.27
74591,73,73,8346.825082,8697.389948,2,117,5,5,1.53
74592,1,21,11390.331416,12934.135011,1,106,5,5,0.96
74593,0,28,20472.065478,19722.36611,2,107,8,8,2.53
74594,53,53,24358.411644,24724.046426,1,111,8,8,3.22
74595,5,32,11085.409261,11623.163766,2,118,5,5,0.63
74596,45,45,21206.127142,20940.844027,2,117,5,5,1.06
74598,58,58,24751.170127,24929.423857,2,116,14,14,5
74599,6,54,50113.972602,0,1,105,15,15,3.48
74600,66,68,13072.88574,13207.281267,1,104,15,15,5
74601,20,40,41405.043714,41390.255754,2,116,5,5,0.84
74602,18,50,16846.088037,17247.916054,1,115,10,10,2.97
74603,12,45,15057.425383,15160.22207,1,106,15,15,5
74605,62,62,74311.781717,74803.441909,1,115,15,15,5
74608,14,45,17696.376422,17308.249386,1,109,14,14,2.25
74609,46,49,24898.792932,24957.200912,1,108,14,14,5
74610,0,43,6961.607256,7268.880226,1,115,7,7,1.18
74611,64,61,20685.132899,20758.11502,1,106,9,9,3.87
74612,47,47,26896.633726,26406.452204,1,109,14,14,3.5
74613,35,47,66575.343226,68254.762564,1,114,4,4,0.97
74614,12,43,18772.96503,18219.842178,1,107,7,7,2.05
74615,4,35,10702.447038,12340.967696,1,107,6,6,1.16
74616,19,40,14572.982363,14253.35939,1,107,7,7,0.98
74617,17,50,18184.520132,18834.602387,2,110,5,5,1.06
74618,0,33,7121.126565,7285.511944,2,109,3,3,0.34
74619,80,80,42071.929453,43830.560049,2,112,8,8,3.18
74620,14,33,13029.908668,14265.568438,1,116,6,6,1.54
74621,1,43,11375.252483,11854.711618,2,112,7,7,1.25
74622,0,40,10931.729101,10749.249622,1,112,15,15,5
74623,46,46,27223.519705,28286.499462,2,105,6,6,1.26
74624,37,37,30917.751522,30892.494917,2,115,3,3,0.31
74627,29,29,93806.110061,95911.516288,1,113,14,14,5
74628,63,63,52546.283377,52992.910467,1,114,4,4,1
74630,18,18,8098.694589,8335.812244,1,117,1,1,0
74631,30,27,40345.275932,41993.230692,2,105,5,5,1.01
74632,46,44,18311.002421,18466.508413,2,106,15,15,4.38
74633,56,43,17073.788816,17229.78255,2,106,9,9,3.81
74634,0,31,5607.074206,6002.486625,2,114,9,9,2.15
74635,2,22,16270.122035,17035.319455,1,113,2,2,0.33
74636,60,60,14668.427944,14600.844636,2,107,15,15,5
74637,11,61,64429.047766,65473.23485,1,113,8,8,1.92
74638,34,28,40255.82647,41589.832943,2,109,14,14,4.77
74639,51,51,26675.753316,27153.978205,2,109,3,3,1.11
74640,14,52,81494.651306,80913.831569,1,115,9,9,3.07
74641,33,33,15030.182711,15365.18075,2,106,15,14,4.77
74642,45,45,32040.003069,32184.823036,2,108,6,6,1.26
74645,68,72,112371.434272,112926.366494,2,111,9,9,3.81
74646,49,80,31663.990653,31257.905517,1,109,5,2,0.7
74647,15,46,45213.181118,47481.999922,2,110,15,15,3.67
74648,18,42,11737.864428,11994.649109,2,116,4,3,0.71
74649,4,33,7801.089013,8209.505769,2,117,15,15,5
74650,56,56,18424.936671,18188.640085,2,110,6,6,1.52
74651,8,22,17813.90838,17996.34661,2,107,2,2,0.33
74652,40,40,17825.939273,17658.743733,1,118,6,6,0.95
74653,29,28,19370.330115,21599.586232,2,118,4,4,0.54
74654,62,62,16435.839651,16290.457281,1,112,4,4,0.54
74655,36,30,18254.497497,19142.06783,2,110,15,14,5
74656,62,62,84055.070769,85652.523259,1,109,15,15,5
74657,3,32,20646.301163,20964.566529,2,115,8,8,1.29
74659,12,41,19728.892955,19588.283353,2,116,5,5,0.63
74660,38,38,25118.537542,25938.398413,1,109,4,4,0.97
74661,65,65,10279.214263,10306.705217,1,115,4,4,1.29
74662,5,27,10945.249534,12267.197831,2,105,5,5,1.01
74663,52,52,14911.469668,15825.1623,2,107,6,6,1.59
74665,16,23,19694.057222,19262.115909,2,111,6,6,1.07
74666,13,41,6737.44118,6447.666866,2,118,7,7,1.14
74667,6,37,11543.364125,11430.896777,2,112,14,14,2.66
74668,80,80,29740.166287,31057.269037,2,109,5,5,1.71
74669,80,80,38908.626538,40125.428468,2,107,15,15,4.61
74670,80,80,28825.151837,32401.455964,1,108,4,4,1.57
74671,12,41,10069.033079,10842.412043,1,104,8,8,1.58
74672,17,40,12498.309961,16351.148044,1,104,6,6,0.91
74673,21,64,38913.595284,41583.1136,1,114,5,5,1.29
74674,67,67,15380.189601,15819.447965,1,116,4,4,0.97
74675,18,39,74330.052653,77791.713689,2,116,15,15,5
74676,75,46,10520.765036,10750.911355,1,107,15,15,3.93
74677,11,26,73892.047402,80685.344601,1,111,15,15,4.35
74678,28,28,20782.083341,22697.43017,1,118,4,4,0.87
74680,20,63,42221.475894,44717.087709,1,110,6,6,1.27
74681,9,30,11157.799156,11023.713212,2,116,5,5,1.27
74682,17,45,14837.338645,15397.482731,2,108,6,6,1.26
74683,56,56,14422.284143,14159.443177,2,104,15,8,2.27
74684,0,50,4248.123814,4346.188275,2,118,9,9,0.97
74685,75,75,8506.354691,8672.010064,2,117,3,3,0.85
74686,32,32,36284.097844,35831.190532,1,111,10,10,2.36
74687,16,48,12881.901954,13102.529666,1,116,15,15,4.25
74688,5,23,48311.241748,48203.966912,2,109,4,4,0.75
74689,25,50,41857.257743,41842.308273,2,113,15,15,5
74690,11,36,17301.242051,19317.991161,2,115,4,4,0.53
74691,12,35,57141.604919,58529.156145,2,106,15,15,5
74692,24,23,28734.577221,28469.4795,1,115,9,2,0.7
74695,53,53,26052.931107,25990.119519,1,115,3,3,0.61
74696,62,62,19444.719947,19814.263581,2,105,7,7,1.92
74697,44,44,37933.577474,37447.085985,1,113,5,5,0.86
74698,34,31,101872.772394,107974.783376,1,113,10,10,2.89
74699,13,42,49473.083973,49120.484837,1,105,9,9,1.51
74700,11,49,8557.526052,8716.339063,1,112,14,14,4.1
74701,15,37,64042.295263,63585.860043,2,107,15,15,4.19
74702,68,68,89854.825647,91562.501503,1,115,14,14,5
74703,32,24,25407.13925,27656.331149,2,116,6,6,0.78
74704,54,54,18511.180168,19056.708548,1,116,4,4,0.97
74705,74,74,12348.936753,12600.027037,2,104,15,15,5
74706,8,30,7236.454562,7870.98037,2,105,3,3,0.55
74707,51,51,21027.325599,20757.65383,2,107,7,7,1.05
74708,76,76,17906.144104,18145.325779,2,113,15,15,5
74709,18,18,8098.694589,8335.812244,1,117,1,1,0
74710,15,50,26540.641758,27185.119631,1,113,5,5,1.04
74711,47,47,17718.509639,18648.915114,2,113,4,4,0.8
74712,2,31,32499.202758,34829.245452,1,110,14,14,4.92
74713,2,20,8662.785593,8830.429416,2,111,3,3,0.42
74714,72,72,7669.947436,7591.329755,2,117,3,3,1.03
74715,11,37,8546.257618,9295.633017,1,116,9,9,2.38
74716,1,39,10433.180768,10979.397564,2,105,3,3,0.42
74718,52,52,21519.950735,21468.06781,2,114,15,15,5
74719,36,36,43691.348323,46250.687129,2,106,10,10,2.58
74720,11,45,11621.481738,11568.973395,1,110,15,15,5
74721,53,27,18017.607832,18059.87382,1,118,10,10,3.58
74722,12,33,11641.347356,11560.599343,1,116,6,6,1.09
74723,66,66,100833.284956,101659.022965,1,113,9,9,4.05
74724,7,53,13355.718826,13295.374828,1,106,4,4,0.42
74725,37,37,30003.047227,29628.541583,1,107,7,7,1.14
74726,8,44,15802.971923,15731.570712,1,109,8,1,0
74727,3,24,20814.039031,21414.443187,1,109,1,1,0.09
74728,46,38,30349.413796,30230.114107,1,110,8,8,1.91
74730,13,38,9699.361948,9282.196753,2,113,7,7,1.13
74731,27,36,36550.650062,40112.544984,1,109,2,2,0.28
74732,64,68,78375.382743,77727.828653,2,106,10,10,4.13
74733,53,53,143815.076784,144850.808581,1,105,15,15,5
74734,57,57,101812.197772,108837.606769,2,115,7,7,1.68
74735,9,28,9890.800245,10211.685058,1,116,8,8,2.04
74736,3,23,48311.241748,48203.966912,2,109,4,4,0.75
74737,63,66,90786.76908,90036.669476,2,109,8,8,3.37
74738,5,42,7051.456179,7359.692712,1,117,15,15,2.81
74739,14,40,19805.786404,20879.435701,1,107,14,14,3.91
74740,8,33,63389.589812,70089.404846,1,115,15,15,4.67
74741,61,61,70427.80792,75569.909014,1,107,15,15,5
74742,73,73,73008.27357,72640.725486,2,113,7,7,3.6
74743,41,41,22226.892143,23369.378245,1,104,8,8,1.58
74744,22,46,27474.610903,27518.65786,1,115,8,8,2.25
74745,33,33,40744.696768,39876.840844,2,108,7,7,2.23
74746,55,55,26108.80047,26979.435944,1,113,4,4,0.72
74747,64,64,15875.841315,15630.692204,1,118,6,4,0.87
74749,16,46,14263.684411,15252.745112,1,116,15,15,3.81
74750,6,41,33014.675319,0,1,110,15,15,5
74751,53,53,20391.44855,20356.442444,1,114,6,6,1.64
74752,10,37,16958.349384,18864.428709,1,109,4,4,0.92
74753,12,37,19761.173967,19624.104305,2,115,3,3,0.31
74754,14,36,17414.371207,17395.697663,2,116,14,14,3.79
74755,8,40,11468.40714,13087.78132,2,114,14,14,4.55
74756,50,29,16914.48537,17456.859194,2,104,5,5,1.06
74757,7,37,8965.6736,10817.139013,1,116,14,14,2.81
74758,2,30,9317.449358,10328.037,2,114,6,6,1.05
74759,11,35,10801.905474,11878.745479,1,108,6,6,1.12
74760,53,53,20413.261022,22920.273844,1,106,3,3,0.45
74761,5,31,10345.354262,10545.559463,1,114,2,2,0.39
74762,11,38,8425.091267,8876.353004,2,118,14,14,2.69
74763,33,74,29649.023827,31243.281756,1,113,7,7,1.27
74764,31,60,20075.300868,21115.133322,2,113,5,5,0.43
74765,45,45,93150.141339,97887.027126,2,114,8,8,3.05
74766,21,21,29340.049115,30240.979844,1,112,3,1,0.26
74767,8,39,10953.906299,11811.735967,2,113,15,15,5
74768,0,29,14261.16334,13779.554969,2,107,6,6,1.13
74769,50,50,135541.860875,136518.010374,1,115,15,15,5
74770,7,30,9222.620288,12140.202621,1,108,14,14,3.89
74771,10,36,16737.685089,16956.432332,1,117,6,6,1.06
74772,62,62,29591.58649,29347.094505,2,106,6,6,1.81
74773,64,64,9359.80207,9323.824765,2,114,5,5,1.27
74774,19,19,16090.844213,15765.2107,2,116,3,3,0.76
74775,0,26,8462.305963,8341.652588,1,113,2,2,0.25
74776,18,46,20060.611218,19620.630434,2,107,8,8,1.65
74777,0,44,10136.280476,10545.561855,1,113,5,5,0.73
74778,18,44,53069.78991,56267.29214,1,116,9,9,2.82
74780,6,49,12295.232215,12316.137187,1,107,7,7,1.27
74781,51,51,20545.181159,20705.307503,2,114,10,10,2.94
74782,59,59,108239.996308,110536.614911,2,108,14,14,5
74783,13,35,11596.149818,12185.110554,1,112,3,3,0.51
74784,39,39,23018.76866,22528.472344,2,106,10,10,1.94
74785,12,40,17860.042669,17959.617073,2,111,15,15,5
74786,17,39,11533.896903,11300.48321,2,105,2,2,0.51
74787,45,66,35144.965287,34723.195443,2,109,5,5,1.16
74788,13,34,10264.231185,10193.035278,1,112,7,7,0.98
74789,12,56,8723.662299,8779.429321,1,118,7,7,1.25
74790,80,80,30930.093041,34660.559958,2,105,15,15,5
74792,2,38,8744.975718,9801.178751,2,105,4,4,0.54
74793,5,43,12078.754049,12502.92122,2,111,7,7,1.47
74794,38,38,84120.656677,89159.345217,1,110,15,15,4.67
74795,12,39,11544.760914,12076.874477,2,110,8,8,1.61
74796,14,48,12443.701173,12626.289569,2,114,4,4,0.67
74797,59,63,123565.522599,127207.024584,2,108,15,8,4.28
74798,5,34,22330.187746,23413.427778,1,106,6,6,2.19
74799,1,35,26761.660042,28225.048299,1,104,14,14,3.18
74800,28,52,27613.679439,27830.739726,2,116,6,6,0.69
74801,36,36,78068.036339,79393.667224,2,107,6,6,1
74803,24,24,38160.398988,42552.131209,2,113,2,2,0.47
74805,12,70,20102.54563,19661.645117,2,107,14,10,2.19
74806,11,46,8184.691472,9376.312963,1,118,14,14,4.03
74808,0,23,8971.013086,9039.872871,2,111,2,2,0.35
74809,9,68,6776.874239,6739.349588,1,112,8,8,1.31
74810,3,23,16628.399053,0,2,116,2,2,0.31
74811,2,29,10873.322549,11348.622284,2,107,9,9,2.78
74812,50,50,22539.859807,22802.548623,1,109,2,2,0.73
74813,13,38,31119.665526,34452.262685,1,113,6,6,0.9
74814,25,30,77502.678334,81263.068601,1,116,3,3,0.51
74815,62,30,14173.783799,14659.777377,1,109,5,5,0.76
74816,13,38,18271.814003,17871.066141,1,111,2,2,0.29
74817,45,45,83293.274414,86545.574836,1,113,14,14,3.14
74818,26,23,112158.516703,113456.308936,1,105,15,15,5
74819,1,28,14250.873367,14429.977655,2,107,9,9,2.78
74820,1,33,6504.715048,7386.340183,1,118,5,5,0.56
74821,4,30,9253.621179,9578.578728,2,114,1,1,0.02
74822,45,45,72238.221557,73219.716257,2,104,15,9,5
74823,67,67,25957.952753,26341.769889,1,105,5,5,1.25
74824,28,28,61549.113611,62341.209073,2,118,15,14,5
74825,16,39,13128.598914,13840.285423,2,110,8,8,1.61
74826,47,47,88295.532566,90500.242423,2,115,15,15,5
74827,0,33,20645.117406,27011.37299,2,113,14,14,3.56
74828,8,38,8930.180154,9432.512575,2,106,15,15,5
74829,27,27,43597.759376,51096.161906,1,106,2,2,0.24
74830,12,40,23942.893714,23920.748387,1,108,6,6,0.71
74831,66,66,76613.875616,77265.069765,1,108,15,15,5
74832,21,21,112158.516703,114426.433582,1,105,14,9,5
74833,16,46,54114.052475,58071.991591,2,112,15,15,3.13
74835,7,36,42929.374495,43369.028665,2,109,10,10,2.15
74837,51,66,16405.444524,16753.532573,1,108,3,3,0.84
74838,8,41,14380.56591,19148.619011,1,108,14,14,3.84
74839,47,47,73295.590253,75125.756577,2,112,15,15,5
74840,10,51,16425.238372,16591.823643,1,106,6,6,1.27
74842,2,27,26858.30338,27633.061078,2,107,10,10,2.22
74843,38,38,46387.691292,45808.668365,2,111,2,2,0.48
74844,20,41,32289.177522,32649.052839,2,108,5,5,1.16
74845,31,33,54294.901447,55664.536255,1,110,10,10,2.36
74846,2,20,10800.308412,11277.060342,1,110,4,4,0.82
74847,1,30,10790.603131,11421.605237,1,110,15,15,5
74849,9,60,16717.361927,16886.909924,1,111,14,14,3.36
74850,2,38,19439.168904,20502.146741,2,113,1,1,0
74851,80,80,17775.764083,19886.769706,2,118,99,4,1.65
74852,12,31,13186.038565,13200.316997,2,114,6,6,1.17
74853,80,80,21308.145351,0,2,118,14,14,5
74854,18,42,12336.279511,12904.875231,2,105,5,5,0.82
74855,16,40,18431.723105,19977.373153,2,108,15,15,4.66
74856,5,44,10682.011298,10836.241011,2,114,4,4,0.54
74857,9,43,16318.969686,16660.413209,2,107,7,7,1.19
74858,2,42,13659.756147,14106.687148,2,115,14,14,2.82
74859,55,55,19256.385669,19441.814163,2,105,6,6,1.59
74860,40,40,16575.424742,17473.741348,1,107,10,10,2.36
74861,60,20,13037.413328,14180.935573,2,111,2,2,0.41
74862,48,25,16497.761359,17016.349497,1,113,7,7,1.2
74863,1,38,35935.197471,48551.614986,1,105,15,15,5
74864,11,41,12457.717902,12860.850738,2,110,6,6,1.07
74866,40,40,20038.213485,20347.993871,2,107,7,7,1.09
74867,53,69,26329.131738,26569.686405,2,111,14,14,5
74868,9,38,9619.45369,9929.77547,1,118,5,5,0.73
74869,66,80,16034.968793,16161.750819,2,118,6,6,1.7
74870,11,45,5888.304467,5896.005018,1,118,5,5,0.56
74871,8,67,9238.069636,9289.102286,2,114,1,1,0.02
74872,50,50,18133.275391,18458.356506,1,118,15,9,5
74873,1,25,6567.72261,6882.335926,1,112,1,1,0.04
74874,36,36,85949.927417,88228.020317,2,113,15,15,4.19
74875,5,26,10777.606167,11156.081189,1,108,8,8,2.56
74876,2,24,17620.795588,18197.327095,2,111,7,7,1.51
74878,69,67,20230.689256,20102.50823,1,105,14,14,5
74879,43,43,22390.95988,23117.355424,2,114,15,15,5
74880,39,54,13806.860164,14275.298788,1,116,4,4,0.97
74881,14,41,16865.102185,18052.003955,1,112,6,6,0.91
74882,25,54,29401.331994,30456.354314,2,110,8,8,1.79
74883,24,56,26478.312737,27283.572038,1,118,14,14,5
74884,0,35,7478.580655,7828.008047,1,115,7,7,1.7
74885,57,57,20199.008824,19830.889119,1,111,3,3,0.64
74886,18,38,14292.125554,14002.893057,2,111,6,6,0.78
74887,13,24,14165.433904,14422.850247,1,111,8,8,1.42
74888,21,52,23055.828673,0,1,118,3,3,0.31
74889,50,50,28503.507603,32100.480018,2,115,7,7,2.12
74890,30,30,20433.705885,21136.824325,2,112,3,2,0.69
74891,22,21,32526.108465,33516.959783,2,114,10,10,4.45
74892,0,30,7924.606637,8588.242904,2,115,8,8,1.43
74893,70,72,49790.981474,51140.118769,1,104,15,15,5
74894,6,42,6380.829306,6684.388755,1,118,15,15,3.05
74895,15,42,93161.249832,99717.584389,2,108,10,1,0
74896,6,32,9222.620288,12140.202621,1,108,7,7,1.7
74897,46,55,28218.956804,28325.805779,1,109,5,5,0.87
74898,2,38,11832.579387,12598.705309,1,111,8,8,0.94
74899,0,20,4023.401549,3975.175442,1,118,9,9,2.52
74900,69,69,39349.192951,39717.071926,2,109,6,6,1.91
74901,55,55,135541.860875,136518.010374,1,115,6,6,1.74
74902,22,39,34552.616639,36240.6808,2,107,8,4,0.95
74904,48,55,26510.789064,27335.381212,1,113,4,4,0.72
74905,44,41,69686.115557,73749.735101,1,114,15,15,5
74907,48,53,25344.596056,25504.51736,1,104,6,6,1.11
74908,0,20,4996.73752,5098.339696,1,108,4,4,0.9
74909,64,41,8748.134024,9049.020179,2,106,8,8,1.25
74910,19,63,15695.816527,16996.692168,2,114,2,2,0.46
74913,14,43,16347.70089,17177.989744,2,116,9,9,3.09
74914,9,27,16573.786403,16741.878252,1,106,2,2,0.24
74915,4,36,10225.556474,11315.808966,2,114,15,15,5
74916,50,50,21305.084054,23458.953376,1,105,3,3,1.04
74917,11,40,15528.594387,15731.539848,2,107,7,7,1.09
74918,49,49,29877.191163,29596.962838,1,107,7,7,1.27
74919,66,66,55762.755269,56131.691746,1,108,8,8,4.35
74920,6,30,7997.896408,8502.945028,2,105,6,6,1.62
74921,0,45,5416.688143,5383.384878,1,118,5,5,0.63
74922,3,45,7943.852053,8232.425847,2,117,6,6,1.11
74923,24,57,22462.070921,22712.419351,1,104,5,5,1.42
74924,1,31,17079.249242,19407.813173,1,115,6,6,1.27
74925,62,62,26461.380739,28680.011051,2,112,6,6,2.14
74926,6,28,9840.926996,10508.68508,2,108,6,6,1.07
74927,17,59,14868.354404,14765.222863,2,108,15,15,4.16
74928,50,50,17790.466055,18704.915096,1,117,9,9,2.59
74929,66,66,16703.028206,16626.070682,1,111,8,8,3.38
74930,11,42,28635.618714,31355.133952,1,117,14,14,3.23
74933,57,57,19026.580317,18788.562764,2,114,10,10,2.94
74934,14,35,11464.429169,11445.485926,1,112,7,7,1.45
74936,48,52,77376.722737,77764.855964,2,105,15,15,4.86
74937,74,74,43466.005552,44107.29351,2,105,14,14,4.3
74938,52,52,27710.804227,27205.784739,1,106,15,15,5
74939,13,38,9100.666858,9662.894124,1,117,15,15,5
74940,80,47,9861.493591,10366.280863,2,104,7,7,1.5
74941,59,59,28044.667493,28465.635249,2,115,6,6,2.14
74942,44,42,45113.496372,44976.930108,1,117,14,14,3.23
74943,19,47,11013.527799,11188.383541,2,104,7,7,1.5
74944,2,23,7325.856192,7583.116806,1,116,1,1,0.13
74945,36,36,66087.698679,69446.413065,2,107,14,14,2.66
74946,62,62,8630.256341,8933.435508,1,112,1,1,0.16
74947,3,26,12082.223956,12506.512978,2,115,6,6,1.04
74948,33,33,25024.090953,25842.839402,1,107,15,15,4.25
74949,8,37,16778.756322,18500.362741,1,110,6,6,1.02
74950,20,47,30099.494157,31440.595715,1,107,7,7,0.8
74952,0,26,13692.879252,13230.462188,2,107,9,9,2.87
74953,80,80,38030.363265,38869.994791,1,105,6,6,2.18
74954,48,23,24151.801873,24243.25087,2,118,10,10,3.02
74955,14,46,7001.950146,8003.233423,1,118,14,14,4.03
74956,1,45,9621.934987,9742.863001,1,118,6,6,0.56
74957,3,26,9905.206776,10096.894162,2,116,6,6,1.26
74958,76,76,17406.322197,17328.399385,1,108,3,3,0.51
74959,7,41,8661.803033,8787.963952,2,111,1,1,0.07
74960,63,63,17751.514378,17934.008449,2,118,14,3,0.87
74961,61,61,130672.284813,133517.199619,2,108,15,15,5
74963,39,37,19790.829583,20976.267621,1,110,6,6,1.02
74964,2,30,11983.624369,12954.63602,1,108,5,5,0.63
74966,3,30,10606.76152,10759.904757,1,111,8,8,1.81
74967,0,23,16207.455561,15575.360468,2,107,9,9,2.31
74968,10,48,8727.918155,8623.032673,2,114,2,2,0.36
74969,22,44,34932.348186,38540.103873,2,106,5,5,0.82
74971,47,54,17076.673597,17782.764582,1,110,15,15,3.53
74972,36,36,46336.969091,47565.125106,2,110,15,15,5
74973,11,45,14395.704461,14330.661585,1,109,14,14,2.25
74974,48,50,76889.844665,81373.536617,2,107,15,15,5
74975,17,33,9172.973873,0,1,118,5,5,0.56
74977,20,67,37144.711607,38581.796078,2,107,15,15,4.61
74978,80,51,33356.107406,34833.349341,1,111,7,7,2.15
74979,80,80,35463.687542,37121.493227,1,109,5,2,0.73
74980,14,36,19383.554945,21352.734071,1,117,8,8,1.91
74983,63,63,24204.333724,24152.730588,1,106,6,6,1.28
74985,66,66,14272.922707,14934.165781,1,111,3,3,1.15
74986,17,37,14176.393822,13758.703416,2,112,5,5,0.56
74987,10,36,13203.223304,13044.557008,2,109,8,8,1.61
74988,8,38,18539.103543,20299.756074,1,115,6,6,1.12
74989,80,80,24756.537796,27828.053561,2,118,12,6,2.4
74990,47,48,29993.619797,30183.161296,2,108,12,2,0.62
74991,10,45,9238.069636,9144.956133,2,114,4,4,0.64
74992,14,30,21969.388393,23336.497923,1,109,6,6,1.02
74993,5,44,23358.088492,31558.833654,1,105,6,6,1.27
74994,7,31,8108.464569,0,2,110,2,2,0.36
74995,0,34,8627.498471,9205.292877,1,104,6,6,1.06
74996,56,56,109715.406887,110505.558643,1,110,15,15,5
74997,43,40,83983.150924,84513.074343,2,109,8,8,1.61
74998,38,47,19768.824217,20408.197114,1,107,6,6,0.7
74999,7,39,48097.920643,52665.764257,1,105,15,15,4.9
75000,45,45,17825.939273,18001.063902,1,118,6,6,0.56
75001,7,20,10923.462408,11256.080602,1,108,7,7,1.38
75002,46,61,16198.408098,16717.820445,2,105,5,5,0.72
75003,51,74,27806.924289,27459.066925,1,113,7,7,1.27
75004,52,52,13360.435378,13793.867477,1,117,8,8,3.09
75005,0,23,9091.184217,10004.005981,1,116,6,6,1.28
75006,3,42,7892.496125,8179.204328,2,116,4,3,0.71
75007,18,51,12586.673175,12666.458339,2,114,10,10,2.94
75008,1,23,13246.650923,15474.703145,2,111,1,1,0.05
75009,1,28,12611.364564,14134.543351,2,113,4,4,0.5
75011,69,71,62920.23407,62400.373707,1,116,9,9,3.87
75012,60,60,90352.414131,93637.952581,1,104,14,14,5
75013,63,63,11213.688287,11243.678419,2,116,3,3,1.03
75014,47,43,23784.282032,0,2,112,14,14,4.77
75015,2,38,6952.406978,7515.748081,2,118,14,14,2.69
75016,53,80,14841.094512,15261.782722,2,118,8,3,0.88
75017,54,79,21104.517415,21053.636067,2,117,7,7,1.77
75018,52,53,38441.864976,39240.11555,1,113,5,5,1.02
75019,11,50,50042.734688,52265.684485,2,107,15,15,5
75020,54,71,38441.864976,39240.11555,1,113,4,4,0.92
75021,0,41,6560.431411,7088.938505,1,109,15,15,3.17
75022,10,51,11358.133911,0,2,110,15,15,5
75023,27,27,38854.720708,42867.572603,1,108,14,14,3.09
75024,3,36,27543.916384,28338.451353,2,106,10,10,2.58
75025,12,50,13675.380162,13869.12862,1,114,10,10,3.33
75026,6,40,5537.578508,0,2,104,15,15,5
75027,42,44,72726.904355,73185.802234,2,107,15,15,4.3
75028,10,33,47881.365367,52171.210469,2,116,5,5,1.27
75030,56,56,26316.267764,29349.224491,2,112,2,2,0.62
75031,80,80,54672.698641,0,1,114,8,8,2.9
75032,23,23,30226.348713,30045.057829,2,107,12,5,1.71
75033,14,37,10072.285024,9868.450252,2,106,6,6,1.18
75034,19,51,18351.092226,19902.169388,1,111,14,14,3.82
75035,3,29,15373.539685,15913.409179,1,111,3,3,0.51
75036,7,35,19401.013315,21018.492424,1,111,5,5,1.42
75037,3,31,12971.764014,15153.580973,1,113,8,8,2.1
75038,2,26,9340.00952,9668.000751,2,111,2,2,0.34
75039,6,41,13005.655604,13624.249202,2,110,6,6,1.07
75040,16,46,12443.701173,12357.387783,2,114,14,14,4.11
75041,15,36,12593.531108,12338.673394,1,108,6,6,1.27
75042,54,54,20238.646751,20330.1249,2,108,1,1,0.07
75043,17,57,10362.68286,10428.927511,2,118,2,2,0.3
75044,60,34,12164.973942,12040.281817,2,108,14,14,3.22
75045,13,51,11581.968545,11240.719762,2,106,5,5,0.96
75047,38,38,20685.138916,21736.400725,1,107,5,5,1.07
75050,15,41,9854.123228,10148.29255,2,118,6,6,0.9
75051,16,48,9775.476302,9700.65888,2,117,7,7,1.47
75052,1,48,11348.961171,11446.310367,1,111,5,5,0.73
75053,5,37,18768.345708,19903.855887,1,110,15,15,5
75054,5,30,50244.640725,57094.933525,2,115,15,15,5
75055,7,55,25295.21158,26212.947806,2,106,15,15,5
75056,53,53,18034.70703,19279.166887,1,107,7,7,0.93
75057,55,51,19669.163172,19715.303404,1,108,7,7,2.63
75058,66,68,74311.781717,74803.441909,1,115,14,14,5
75059,6,29,14611.415798,19799.742918,2,106,6,6,1.22
75060,32,60,23729.062392,25278.296702,1,106,15,15,5
75061,60,57,63474.722459,68904.824324,1,118,15,15,5
75062,0,34,15182.776274,14706.37099,2,107,7,7,1.13
75063,34,34,27134.687281,28203.668804,1,111,7,7,3.05
75065,76,76,63224.820874,62834.517026,1,112,15,15,5
75066,44,44,26894.281601,26848.112046,1,116,15,15,5
75067,7,42,11854.875948,11948.197646,1,107,3,3,0.36
75068,72,72,75541.091292,79366.36922,2,109,4,4,1.46
75069,14,41,23500.430267,23840.674859,2,107,2,2,0.25
75070,74,74,15107.120526,15445.782013,1,118,3,3,0.93
75071,33,33,18074.665033,19012.339255,1,116,6,6,1.27
75072,8,43,13630.827258,13918.997085,2,110,7,7,1.5
75073,7,29,16782.758766,17002.095084,1,106,7,7,1.27
75074,7,57,25914.53512,26392.90589,2,109,7,7,1.43
75075,38,48,14158.254438,14747.628699,1,117,15,15,5
75076,72,72,57479.762312,57124.924258,1,111,10,10,3.58
75077,11,39,16654.863753,18324.576591,1,110,4,4,0.57
75078,50,50,29649.053505,30243.789563,2,115,3,3,0.51
75079,14,40,22316.563248,23142.976194,2,106,6,6,1.52
75080,6,31,8108.464569,0,2,110,2,2,0.36
75082,12,48,12881.901954,13102.529666,1,116,15,15,4.25
75083,63,59,82776.927167,0,1,104,15,15,5
75084,19,19,33701.160631,34899.244727,2,111,4,2,0.77
75085,26,22,34995.394675,36748.740054,1,116,13,4,1.31
75086,11,32,10042.553763,10519.190237,2,118,5,5,0.63
75087,16,45,60202.386362,61146.437469,2,110,15,15,5
75088,39,44,77030.969896,78872.610842,1,116,9,9,2.82
75089,62,62,55691.245648,56164.603941,1,114,14,8,3.09
75090,76,76,59355.474988,59706.529083,1,110,5,5,0.87
75091,2,19,18154.15768,0,1,115,3,3,0.43
75092,47,47,20572.398009,20890.436611,1,107,6,6,0.7
75093,48,48,32031.078786,31630.378352,1,114,5,5,1.29
75094,1,21,8386.661481,8691.321072,2,105,5,3,0.67
75095,9,63,6679.82447,8827.598662,2,117,7,7,1.68
75097,44,44,25979.424831,25934.825815,2,114,14,14,4.55
75098,25,25,62211.875054,68637.01558,1,106,8,8,2.3
75099,46,46,16862.884248,17618.316778,2,104,15,15,5
75100,15,47,15750.476634,15419.315538,1,107,15,15,5
75101,15,39,11581.968545,12560.903568,2,106,8,8,2.53
75102,16,49,11067.06463,11750.773371,1,117,15,15,5
75103,55,55,15769.756025,16857.92609,2,116,3,3,0.42
75104,26,31,50899.230407,52462.168513,2,117,15,8,3.86
75105,55,55,107904.124798,108681.232008,1,104,15,15,5
75106,2,26,7710.500632,8114.174742,2,105,7,7,0.97
75107,8,43,42091.935293,42908.412459,2,112,10,10,2.03
75108,80,78,30464.571461,33977.581769,2,105,10,10,4.45
75109,20,20,63966.408313,65229.455278,1,105,15,5,1.74
75110,5,27,9905.206776,10096.894162,2,110,3,3,0.46
75111,32,32,18276.82613,19528.156457,2,104,7,7,2.23
75112,80,80,25384.681948,26405.857052,1,115,7,7,2.05
75113,36,36,15129.331579,0,2,114,5,5,0.84
75114,47,48,21467.247442,22354.88108,1,110,15,15,4.25
75115,2,30,10557.24205,11062.965133,2,115,8,8,1.43
75116,0,22,7010.912611,7505.324102,2,111,1,1,0.03
75117,80,80,17152.004538,17938.626919,2,104,3,3,1.03
75118,64,52,9948.192627,10026.848971,2,118,14,14,3.3
75119,15,48,14994.502811,14848.170042,2,110,10,10,2.94
75120,2,42,10561.395754,10945.056227,2,113,10,10,2.19
75122,4,30,13310.0944,14468.930654,2,104,9,9,1.97
75123,35,35,26438.468888,28727.980269,1,115,9,9,5
75124,47,47,19037.393786,19330.725976,1,104,15,15,5
75125,32,32,20628.955903,21677.362375,1,116,3,3,0.51
75126,6,54,14819.77282,15696.301749,1,111,14,14,3.37
75127,59,59,22021.375122,22652.631886,1,112,15,15,5
75128,45,50,66076.325643,69929.44683,1,116,15,15,3.63
75129,80,80,33436.653289,34337.112067,1,116,6,6,2.61
75130,6,44,14135.727061,14720.993204,1,111,8,8,1.14
75131,34,40,16740.338362,16795.624177,1,117,15,15,5
75132,24,53,99429.770418,100665.107603,2,109,14,14,2.87
75133,12,38,9059.324666,9981.580798,1,104,8,8,1.29
75134,33,31,38955.552565,39211.526127,2,111,3,3,0.63
75135,7,31,17213.485442,17389.774539,1,115,1,1,0.11
75136,56,56,114986.314708,115814.426649,1,107,14,14,5
75137,30,32,38574.480424,38271.050894,1,107,4,4,0.47
75138,15,46,11596.149818,11428.565408,1,112,7,7,2.58
75139,44,44,16135.945779,18394.188133,1,111,1,1,0.02
75140,34,34,29118.060185,31223.144055,2,109,1,1,0.09
75141,16,32,17392.859184,18337.332514,2,111,5,5,1.27
75142,11,37,8185.998474,9110.304861,2,109,15,15,5
75143,15,48,6744.291206,7107.554104,2,104,15,15,5
75144,1,49,12632.66485,14757.446212,1,115,14,14,3.4
75145,8,29,7288.950827,7693.131767,1,112,8,8,2.46
75146,49,47,24174.287249,24116.004925,2,114,15,15,5
75147,42,74,14617.159916,14842.384208,1,118,15,15,5
75148,4,50,47579.294829,51301.532305,1,116,15,15,5
75149,39,47,22852.607859,22446.833922,2,114,6,6,1.04
75150,71,71,41713.879121,42844.159111,1,110,14,14,4.84
75151,19,19,31046.854877,33060.238311,2,109,5,3,1.03
75152,10,26,10052.199593,10439.409796,2,115,6,6,1.52
75153,7,40,39072.413554,40542.207096,2,104,15,15,4.19
75154,19,46,15178.413585,19891.864619,1,108,8,5,1.29
75155,34,34,64899.276332,67017.56754,1,105,14,14,5
75156,42,42,110735.363988,112447.275272,2,108,10,10,3.1
75157,56,56,28029.628472,28741.325333,1,108,14,14,5
75158,80,80,36601.053722,38863.325428,2,113,9,9,4.71
75159,68,68,113706.95816,115674.813568,1,110,8,8,3.22
75160,64,64,39384.605497,39539.911855,2,115,6,6,1.59
75161,47,47,95624.260479,96968.662365,1,113,8,8,3.22
75163,0,24,8825.053861,9447.399092,1,111,8,8,1.42
75164,42,65,44464.740545,46200.927476,2,106,10,10,2.6
75165,10,39,15808.782759,15969.115918,2,115,3,3,0.31
75166,14,38,13128.598914,13315.052373,2,110,7,7,1.58
75167,11,34,7199.254342,7112.739179,1,112,7,7,0.98
75168,0,25,14261.16334,13779.554969,2,107,15,15,5
75169,11,30,11412.116924,11668.709425,2,105,3,3,0.36
75170,45,45,27425.47673,27073.749793,2,111,6,6,1.07
75172,0,26,10015.975492,9848.782363,1,113,3,3,0.35
75173,42,42,22394.968435,23269.410769,2,108,14,14,5
75174,76,76,8013.95142,8722.069844,2,116,4,4,0.78
75175,34,34,23145.19894,24057.013024,1,107,7,7,3.48
75176,43,43,23482.185573,24155.3174,1,112,6,6,1.44
75177,9,33,19401.013315,19597.778986,1,111,6,6,1.16
75178,19,64,8009.989894,8441.426209,2,104,15,15,5
75179,64,64,18485.928578,18748.777565,1,116,3,3,0.71
75180,4,29,9300.326837,9638.176859,1,104,4,4,0.64
75181,59,59,27153.124199,29898.209882,1,104,9,9,5
75182,8,34,11551.514444,11668.670257,1,114,3,3,0.44
75184,8,35,11212.247451,12179.887998,2,104,15,15,4.61
75185,18,38,15691.604926,16283.999554,2,112,4,4,0.71
75186,11,50,10588.885902,10889.55987,1,115,10,10,2.97
75187,40,40,14985.905449,16296.312409,2,114,14,14,4.55
75188,35,40,19088.961376,18750.015246,1,112,7,7,1.45
75189,59,59,16433.426266,16686.635974,2,104,15,15,5
75190,41,41,98994.797869,101466.664794,1,114,7,7,1.49
75191,79,50,16202.02994,16167.487549,1,109,10,10,3.33
75192,2,41,9311.943659,12912.499092,2,104,14,14,3.05
75194,11,45,15265.545809,16593.538557,2,113,2,2,0.35
75195,62,80,9123.684839,9444.247044,2,118,8,1,0.23
75196,64,41,88111.560425,87383.563964,2,113,15,15,5
75197,10,36,8175.626827,0,2,104,15,15,5
75198,11,46,18157.493674,0,1,110,2,2,0.41
75199,0,36,4349.228128,4365.13575,2,110,5,5,0.79
75200,4,62,40509.833914,44765.9354,2,112,15,15,4.84
75201,11,38,19718.352028,20353.768016,2,116,6,6,0.83
75202,23,23,28734.577221,28469.4795,1,115,9,6,2.61
75203,69,69,12296.327439,12497.046543,1,111,4,4,1.57
75204,7,38,11157.799156,11023.713212,1,115,2,2,0.29
75205,32,34,17424.1604,18149.486514,1,117,15,15,5
75206,9,22,17813.90838,17996.34661,2,107,2,2,0.33
75207,65,65,11809.871339,12697.139256,1,109,5,5,2.09
75209,18,18,12516.605379,13868.577818,2,108,2,1,0.17
75210,7,36,16654.863753,18324.576591,1,110,5,5,1.18
75211,37,37,12607.395077,13266.268365,2,118,15,15,4.19
75212,55,53,90312.914645,91003.674395,2,107,9,9,4.04
75213,40,52,40501.942088,39995.273365,2,112,4,4,1.14
75214,72,72,11680.063327,0,2,112,1,1,0.12
75215,8,32,11334.715612,11316.317128,2,111,5,5,0.72
75216,54,54,118058.737087,121995.575344,1,105,6,6,1.44
75217,54,59,22232.599185,22013.559428,2,112,3,2,0.51
75218,9,45,14542.603836,15003.146424,2,108,9,9,2.52
75219,5,29,13898.832589,14353.585886,2,114,2,1,0
75220,39,39,25054.682743,25034.215659,1,106,2,2,0.25
75221,44,44,101720.456536,111136.476213,2,109,6,6,2.14
75222,65,37,8852.012045,8996.765671,2,106,15,15,5
75223,69,69,98127.7155,104012.1516,2,116,14,14,5
75224,27,50,21750.057166,22117.244582,1,112,8,8,1.91
75225,14,36,14186.945718,13875.789521,1,116,7,4,0.76
75226,8,34,11197.205824,11343.543737,2,105,4,4,0.54
75227,18,18,6113.246209,6773.564253,1,117,13,1,0
75229,0,23,7663.864752,7988.424255,1,105,15,15,5
75230,2,23,10312.62993,10980.343441,1,114,4,4,0.72
75231,79,79,20699.241406,21010.168477,2,111,6,6,2.57
75232,63,34,12910.61342,13274.909784,2,118,12,5,1.05
75233,3,43,23243.148939,25685.153539,1,113,5,5,0.87
75235,17,36,66072.141618,67676.550196,2,109,10,10,2.15
75236,29,29,25139.624684,26877.83247,2,107,9,9,2.78
75237,54,57,20762.20094,20557.647823,1,106,4,4,1
75238,15,34,12110.372878,12026.371557,2,114,5,5,0.72
75239,2,51,9013.353899,9485.237345,1,104,15,15,5
75240,0,44,6298.952125,6347.30168,2,111,4,4,0.81
75241,3,35,15997.852852,17033.668407,1,108,14,14,2.85
75242,7,32,24022.570594,26027.911417,2,109,3,3,0.51
75243,58,58,59706.921117,0,2,106,5,5,1.71
75244,63,63,21832.758725,21946.543317,1,115,2,2,0.52
75245,0,31,6152.908534,6050.200212,1,112,4,4,0.4
75246,6,31,14207.745843,17209.196332,2,111,10,10,2.94
75248,15,56,15930.379718,15918.703508,2,108,15,15,3.24
75249,23,30,39619.778665,40166.999755,1,109,5,5,1.23
75250,9,45,10263.294216,14174.845156,2,104,14,14,3.35
75251,22,50,25859.88969,26181.178608,1,104,5,5,0.73
75252,43,71,105564.632212,108109.365665,1,109,10,10,3.46
75253,15,41,9378.346282,9296.367435,2,118,14,14,2.1
75255,8,37,10656.908371,11773.212035,1,108,8,8,1.81
75256,44,44,35525.579313,35069.969979,1,106,8,8,1.42
75257,21,21,20550.057461,20360.467987,1,112,1,1,0.1
75258,20,50,22166.491882,22422.981552,2,109,2,2,0.35
75259,80,80,56314.228133,58075.361011,2,109,5,5,1.27
75260,20,57,19549.68944,21081.712138,2,106,14,14,3.22
75261,7,33,8190.16355,8060.018118,1,116,8,8,1.58
75262,80,80,28511.946732,30082.493436,1,104,15,15,5
75264,80,80,14622.538888,15365.760336,2,104,3,3,1.2
75265,16,53,19110.74323,20069.72936,1,104,6,6,1.11
75266,1,33,8418.874418,8714.518334,1,108,8,8,1.29
75267,4,23,18803.364829,19630.174147,2,107,2,2,0.3
75268,28,38,50210.95379,52012.697907,1,111,8,8,0.94
75269,29,28,23795.88286,23982.932948,1,108,3,3,0.32
75270,24,24,20842.810761,21621.68599,1,110,5,5,0.73
75271,15,54,10583.05838,10970.735004,1,110,15,15,3.53
75273,75,75,78088.059428,77590.343507,1,113,6,6,2.44
75274,25,25,17743.429247,19878.261324,2,117,14,14,5
75275,5,36,15920.574299,17210.589962,1,109,2,2,0.28
75276,3,29,59730.590749,67874.186361,2,108,8,8,1.99
75277,70,70,20749.081686,20620.992017,2,107,4,4,1.08
75278,22,53,14733.93477,14947.110439,2,118,14,14,3.35
75279,68,68,13341.680481,14474.510094,1,112,8,8,1.31
75280,16,46,15561.480412,15102.980095,1,109,6,6,0.76
75281,8,34,6251.662594,6598.324674,1,104,6,6,1.2
75282,80,80,45397.420109,46619.985809,2,108,7,7,2.8
75283,29,32,21374.409667,23049.427619,1,110,14,14,3.4
75284,13,46,16423.586242,16822.394908,2,105,6,1,0
75285,80,80,10694.23839,11283.317803,1,114,3,3,0.81
75286,13,44,22881.402127,22860.238597,2,107,7,7,0.88
75287,75,75,11676.190808,12090.866189,1,104,5,5,1.02
75288,19,50,84630.418172,84027.249541,2,109,7,7,1.51
75289,42,42,57033.72572,60028.587691,1,114,6,6,1.06
75291,24,24,23914.144938,24317.866777,2,114,4,4,0.54
75292,15,35,11047.828422,11621.736272,2,118,3,3,0.61
75293,74,78,17401.371525,17961.288662,2,114,8,8,1.56
75294,11,40,73706.070582,82528.108866,2,111,7,7,2.02
75296,15,44,14636.673397,14645.042657,1,111,8,8,1.14
75297,8,45,15019.329242,15864.182973,1,105,15,15,5
75298,72,72,9029.128627,9371.815825,1,104,15,15,5
75299,80,80,13152.459748,13388.792311,2,110,4,4,1.21
75300,6,30,13013.762005,13963.492235,1,107,15,15,4.35
75301,48,48,30341.43992,32508.22075,1,113,1,1,0.12
75302,25,52,48151.370423,49232.091018,2,105,10,10,2.13
75303,17,65,12586.673175,12331.954246,2,114,6,6,1.72
75304,3,20,15823.736378,17734.899873,2,113,7,7,1.68
75305,46,49,19784.767364,19537.265089,1,112,14,14,3.45
75306,59,59,18103.961574,18914.992551,1,106,4,4,1
75307,26,26,69363.063882,69573.264331,2,113,10,8,4.2
75308,0,50,7443.520249,7968.43935,2,114,6,6,1.06
75309,39,39,26776.586302,26954.947315,2,117,2,2,0.29
75310,11,51,52928.884371,55556.473347,1,114,15,15,5
75311,74,74,10588.710727,10828.124134,2,117,6,6,1.91
75312,14,35,16247.432383,16572.389602,2,115,8,8,2.58
75313,1,28,26059.920604,26002.0547,1,107,15,15,5
75314,2,27,20412.050006,20256.491796,2,109,6,6,1.09
75315,67,67,121183.281969,121661.147213,2,115,8,8,3.18
75316,9,41,7629.126901,7697.086673,2,118,14,14,2.1
75317,3,29,7236.297301,7609.05304,2,104,5,5,1.06
75318,10,70,7828.382304,7734.306759,1,114,4,4,0.54
75319,4,54,8383.334182,8545.570009,2,108,3,3,0.31
75320,14,40,17195.199762,17304.197732,2,108,3,3,0.45
75321,25,25,35859.677501,38303.621446,2,109,5,3,1.03
75322,11,39,11417.289597,12050.391802,2,115,4,4,0.91
75323,7,42,9018.393536,9090.142401,1,107,15,15,5
75324,80,50,13411.099208,13553.137652,1,104,5,5,1.07
75325,64,53,20871.929909,22395.838956,2,116,4,4,0.85
75327,34,34,34519.137335,35410.622027,2,110,7,7,1.47
75328,24,24,90245.717499,97392.707059,2,113,9,9,5
75329,43,43,95624.260479,98630.099037,1,113,5,5,1.02
75330,55,55,96088.818387,103296.442331,2,116,5,5,1.89
75331,32,32,106819.654572,109650.89718,1,105,15,15,4.67
75332,28,28,59625.507051,59904.945516,2,109,7,4,1.63
75333,44,44,35873.495141,37717.431279,1,111,14,14,3.82
75334,66,66,10648.852363,10670.29326,2,104,9,9,3.69
75335,30,36,19725.408052,21144.52813,1,114,4,4,0.54
75337,74,74,14989.075718,16260.934106,2,117,3,3,1.03
75338,77,73,51814.325208,52326.89763,1,109,14,14,5
75339,34,34,68324.90003,73313.849879,1,111,6,6,2.35
75340,22,45,30431.909124,30753.534993,1,108,9,9,1.99
75341,14,42,64420.854425,65985.165327,1,112,8,8,1.92
75342,73,72,51435.39666,52278.753921,2,113,15,15,4.48
75343,80,80,38596.961709,39615.938246,2,109,5,5,1.34
75344,62,62,90352.414131,92319.510069,1,104,15,15,5
75346,41,41,98711.148578,101175.932876,1,110,15,15,5
75347,62,69,19694.017421,20256.47875,1,107,15,15,5
75348,9,37,7828.382304,8192.897248,1,114,5,5,0.63
75349,54,54,21405.34507,23253.591192,1,110,6,3,0.87
75350,80,80,14622.538888,15365.760336,2,104,5,5,1.89
75351,29,29,43475.419048,47712.139163,1,111,6,6,1.02
75353,10,55,15802.971923,16407.771376,1,107,8,8,1.81
75354,18,40,14328.187768,14870.594407,1,111,7,7,1.27
75355,6,29,20674.67068,20944.870962,1,109,7,7,1.07
75357,1,33,21281.099607,0,2,110,10,10,2.93
75361,66,66,18803.70839,19844.668217,1,110,7,7,2.05
75362,40,43,30445.103746,32524.390896,2,108,9,9,2.78
75363,4,37,11502.564558,11869.997988,2,112,14,14,2.66
75364,61,61,120515.626784,124898.008034,1,105,15,15,5
75365,10,46,6154.270931,6056.476761,2,105,1,1,0
75366,46,66,23696.197283,23624.464844,2,109,7,7,1.08
75367,4,47,9768.079863,10195.066715,1,106,8,8,1.22
75368,0,19,6089.229939,6627.194148,2,113,5,1,0.13
75369,1,45,7000.219173,7339.800628,2,118,9,9,2.15
75370,25,25,90436.00364,92598.457261,2,105,7,7,3
75371,11,34,15180.091781,15671.320873,1,107,2,2,0.21
75372,2,22,28351.884863,30569.917911,2,116,7,7,2.12
75374,53,52,121415.408121,123936.615646,2,114,15,15,5
75375,52,52,24960.290688,25140.050469,1,104,4,4,1.06
75376,41,40,17258.46935,17310.82283,2,118,14,14,4.35
75377,53,53,109829.899489,118068.242166,2,109,15,15,5
75378,10,33,9335.134547,9186.795004,2,115,6,6,0.78
75379,53,67,20012.300242,20073.007454,1,110,15,15,5
75380,6,32,18183.508356,18369.731784,2,115,8,8,1.29
75381,69,76,35738.505782,35914.995907,1,110,4,4,1.23
75382,54,57,25570.743078,25787.902339,2,115,5,5,0.57
75383,9,59,9453.126931,9302.912435,2,108,15,15,4.16
75385,46,46,27921.206994,28481.283847,2,108,15,15,4.69
75386,5,33,6577.206272,6787.305981,2,110,4,4,0.59
75387,5,41,14208.787545,15924.900316,2,105,2,2,0.37
75389,43,43,24993.209821,24680.551291,2,105,8,8,1.89
75390,36,36,28788.799559,30759.836418,2,111,14,14,4.77
75391,31,31,23468.559567,22968.682771,2,110,2,2,0.36
75392,13,38,22621.399581,27125.285048,1,111,7,7,1.52
75393,30,30,38490.199714,39053.687164,2,111,2,2,0.41
75394,8,30,8181.982493,8398.070167,1,112,5,5,1.02
75395,53,53,20488.637482,20439.240973,1,107,14,14,3.45
75396,2,26,12770.29958,17253.798841,2,113,3,3,0.36
75397,62,62,14454.09628,14150.228935,1,107,5,5,1.91
75398,9,31,10329.967019,10427.91233,1,112,4,4,0.61
75399,27,27,23330.972539,26272.972458,2,104,14,14,3.77
75400,74,50,71306.957455,71892.331773,2,112,15,15,5
75401,0,34,6779.001934,8084.207024,2,107,10,10,2.98
75402,1,33,36085.753705,36925.742088,2,109,6,6,0.93
75403,27,27,31173.02391,35193.568705,2,111,6,6,2.57
75404,43,43,26654.6478,28024.725293,1,108,14,14,3.48
75405,19,52,16423.586242,16822.394908,2,105,10,10,2.13
75406,76,76,16657.131662,17453.328983,1,112,15,15,5
75407,23,23,43998.999273,45350.055311,1,108,14,10,5
75408,1,27,36665.53312,37519.017354,2,109,7,7,2.02
75409,47,47,22696.489654,22405.411148,1,117,7,7,1.38
75410,17,43,18351.092226,19155.740986,1,111,2,2,0.54
75411,7,41,16274.297519,16439.351944,2,112,9,9,1.45
75412,9,37,8185.998474,9110.304861,2,109,15,15,5
75413,18,50,18643.494533,18363.394624,2,108,14,14,3.37
75414,56,56,10341.444146,10500.787304,2,118,14,14,5
75415,24,55,24705.814942,25250.68926,2,105,6,6,1.59
75416,61,61,20871.929909,22395.838956,2,116,4,4,1.08
75417,41,41,26665.151773,28330.46322,1,108,14,14,3.84
75418,64,30,15126.052124,15353.610472,2,114,14,14,4.04
75419,28,51,31237.803712,32187.808806,2,110,4,4,1.29
75420,6,65,8424.955223,8291.078844,1,109,7,7,1.7
75421,7,49,12961.975963,14607.299547,2,113,14,14,3.35
75422,41,41,79390.202457,80678.367001,2,107,5,5,0.91
75423,64,64,67205.592165,67383.756658,1,116,6,6,2.52
75425,34,35,54036.316375,52885.350948,1,109,10,10,4.51
75426,24,24,114495.152468,113808.436134,1,105,12,9,5
75427,0,43,18779.746779,18047.331641,2,109,14,14,2.94
75428,44,40,17911.128634,18651.722895,1,107,15,15,4.35
75429,1,37,10711.861802,11088.028093,1,116,9,9,2.38
75430,9,30,8472.55633,8942.369594,1,105,14,14,3.08
75431,16,66,14572.982363,14781.384803,1,107,6,6,0.7
75433,17,48,30874.710053,33271.31421,2,104,15,15,4.3
75434,31,58,15164.50421,15795.766242,2,118,8,8,1.4
75435,63,66,94308.204797,94773.934028,1,114,15,15,5
75436,0,22,7553.455341,7906.38116,2,116,1,1,0.05
75437,0,32,10250.80634,0,1,105,6,6,1.09
75438,2,50,6424.124422,6657.491552,1,104,5,5,0.73
75439,10,39,39921.516451,40330.366135,2,115,9,9,2.15
75440,59,59,16038.024254,15832.339401,1,117,14,14,2.69
75442,0,27,6143.001417,6284.807577,1,109,5,5,0.7
75443,74,74,25966.636989,25525.45158,2,115,4,4,0.86
75444,49,58,72881.666451,73341.54086,1,115,15,15,5
75445,21,40,87027.253486,88108.499091,2,109,8,8,1.61
75446,23,44,40079.239311,41517.422182,1,111,8,8,1.14
75447,33,34,88911.122873,91153.981143,2,113,15,15,5
75449,71,71,11873.978648,11624.352916,2,117,8,8,4.2
75450,21,22,25242.708545,25233.693021,2,114,6,6,1.07
75451,56,56,33172.946793,34015.237019,2,108,14,14,5
75452,11,39,8190.16355,8245.1737,1,116,15,15,3.72
75453,11,39,13957.090765,14216.609277,1,105,15,15,5
75454,17,18,18353.718625,17951.174384,1,109,6,6,0.89
75456,80,80,34201.668854,37361.717941,1,113,8,8,4.35
75457,27,68,81969.888339,82988.300135,2,107,15,15,3.89
75458,61,61,64542.170864,64796.681715,1,114,14,14,3.1
75459,3,25,23249.820517,0,2,111,3,3,0.76
75460,5,70,12189.590841,0,1,106,8,8,1.36
75461,63,63,9509.038223,9851.1492,2,111,3,3,0.86
75462,51,51,19136.610498,19311.451089,2,110,5,5,1.01
75463,14,50,22844.522355,22908.412185,1,111,14,14,3.4
75464,8,32,11833.166525,13019.486051,2,105,6,6,1.72
75465,55,32,22109.714865,21706.773226,1,115,8,8,2.69
75466,12,37,10247.317984,10393.860813,2,117,4,4,0.47
75467,39,61,74719.537684,79995.140834,1,107,10,10,4.26
75468,54,54,140640.722679,141653.593316,2,115,15,15,5
75469,39,33,56642.374573,57996.56908,1,117,10,1,0.04
75470,14,49,14087.459741,14064.182336,1,112,14,14,3.45
75471,1,49,11375.252483,11854.711618,2,112,9,9,2.15
75472,61,60,98127.7155,98368.005565,2,116,10,10,4.13
75473,69,74,15330.937369,15259.591494,2,117,6,6,1.91
75474,3,38,18489.526545,18648.126131,2,111,7,7,1.16
75475,13,34,12249.515102,12001.619306,2,114,5,5,0.72
75476,25,26,76959.87691,78753.54755,1,114,9,9,2.82
75477,8,44,11903.034244,12938.512657,1,118,4,4,0.81
75478,5,54,8584.711975,9101.840973,1,110,15,15,3.53
75479,66,62,10631.757338,10546.289167,1,112,10,10,3.58
75480,14,41,14314.401657,14519.106236,1,118,4,4,0.54
75481,14,47,11735.530034,12848.440547,1,108,14,14,2.53
75482,52,53,21286.806411,20898.861984,2,118,4,4,0.8
75483,57,57,23134.121482,23078.346917,2,114,1,1,0.19
75484,0,24,5552.556725,0,2,110,3,1,0
75485,2,26,10074.906313,0,2,112,5,5,1.12
75486,37,32,47639.30552,48642.249377,1,111,10,10,2.36
75488,2,47,12066.036603,12651.361456,1,109,6,6,0.79
75490,28,63,74913.128415,75779.952256,1,114,4,4,1
75492,27,27,35853.952034,37918.696339,1,118,10,10,3.58
75493,4,34,16280.757542,17070.539003,1,106,6,6,0.76
75494,10,78,9326.897229,9410.761027,2,114,8,8,1.56
75495,66,66,18851.997415,19135.609381,2,115,3,3,0.86
75496,72,72,8592.630376,8844.408042,1,108,4,4,1.26
75497,0,24,5803.138213,5847.681995,1,114,6,6,1.27
75499,60,60,138653.859851,139200.617287,1,113,14,14,5
75500,75,75,37554.665566,37776.780192,1,112,7,7,3.48
75501,3,20,15539.87757,16755.597871,1,113,1,1,0
75502,17,51,13128.476273,12563.826414,2,105,9,9,2.52
75503,9,69,66323.455007,69421.679719,2,111,15,15,5
75504,33,41,17842.876892,18743.693333,1,112,6,6,0.91
75505,67,67,61145.527908,64495.736726,1,112,15,15,5
75506,25,26,39950.62428,41165.603954,1,109,3,3,0.72
75508,14,24,26019.367895,25833.925511,2,112,7,7,1.13
75509,9,39,17387.407855,19412.29263,1,110,4,4,0.57
75511,49,49,80402.673366,80084.760486,1,112,14,14,5
75512,17,35,11596.149818,11421.929234,1,112,7,7,1.45
75513,15,34,10382.16215,10172.056335,1,112,7,7,0.98
75514,4,31,14698.365319,14910.584217,2,111,10,10,2.94
75515,21,40,55257.924136,57756.481716,2,111,15,15,5
75517,20,20,37256.82438,38389.880124,1,110,4,4,0.82
75518,17,39,18728.403294,18847.120028,2,111,1,1,0.07
75519,44,55,27442.329744,27099.033363,1,112,15,15,5
75520,13,42,36814.400739,39507.031397,1,117,14,14,3.23
75521,49,49,28218.956804,27954.281621,1,109,5,5,0.74
75522,57,57,94744.17032,0,1,109,8,8,4.35
75523,58,58,28883.536459,29353.314492,2,107,2,2,0.52
75524,48,48,19866.349668,20943.020226,1,110,15,15,4.25
75525,11,33,55201.178592,55766.512438,2,109,9,9,2.52
75526,20,55,26370.515599,26752.053347,2,113,14,14,3.14
75527,58,58,27790.555024,28114.437606,1,110,2,2,0.65
75528,39,37,107737.369017,110455.135268,1,105,9,9,2.18
75529,48,48,66076.325643,67726.229349,1,116,15,15,4.72
75530,1,52,13385.192015,0,2,116,2,2,0.29
75531,37,37,69839.334304,73930.362056,2,107,15,15,4.19
75532,36,36,47560.030886,54740.44076,2,106,6,6,1.34
75533,21,55,30549.291064,32391.173997,2,111,9,9,3.03
75534,20,41,15975.126014,16496.116219,2,118,6,6,0.9
75535,13,36,18719.332815,18985.186345,1,109,3,3,0.32
75536,21,47,30099.494157,31440.595715,1,107,7,7,0.8
75537,42,42,35528.735766,35195.499683,1,106,14,14,2.9
75538,36,38,43336.112033,48240.609697,1,111,7,7,1.79
75539,19,19,14129.465593,14466.494293,2,113,5,1,0.13
75540,50,50,90877.67899,97092.962201,2,104,9,9,5
75541,6,71,13584.03478,13525.898322,1,106,15,15,3.17
75543,66,66,29208.421255,30252.45536,2,109,7,7,1.08
75544,26,47,46156.885004,47813.154995,1,109,14,14,3.5
75545,0,27,8053.731592,7775.182597,2,106,5,5,0.77
75546,37,37,19990.771245,20283.431423,2,104,9,9,1.72
75548,14,37,13968.969014,14248.355763,2,113,4,4,0.57
75550,21,29,33489.280804,36356.186581,2,111,3,3,0.56
75551,29,70,30978.404045,0,1,106,8,8,1.36
75552,80,80,13036.074129,13408.384533,1,109,4,4,1.03
75553,80,80,47633.108974,50577.260131,1,113,4,4,1.57
75554,13,30,17591.104692,19049.062586,2,116,4,4,0.77
75555,58,80,24199.38401,26297.272502,2,114,3,3,0.76
75556,22,69,52657.460475,55985.758923,1,106,6,6,1.59
75557,50,34,26548.839787,27100.130069,1,109,6,6,1.61
75558,37,37,72391.912422,74310.651701,2,107,14,14,3.14
75559,5,30,10145.436596,10637.592918,1,118,6,6,0.84
75560,9,49,19211.523342,19406.367201,1,111,14,14,2.82
75561,8,33,12048.451637,12170.647403,1,116,4,4,0.54
75562,66,63,11965.601623,12272.543089,2,116,8,8,3.18
75564,6,36,14534.574318,15824.960266,1,111,10,10,3.33
75565,9,44,17704.534004,17997.579436,2,107,7,7,0.88
75566,28,47,46156.885004,47813.154995,1,109,14,14,3.5
75568,45,45,33625.298298,0,1,105,3,3,1.22
75569,5,39,13889.550079,14502.668664,1,110,15,15,3.48
75570,14,32,12007.609621,15709.180135,2,104,4,4,0.76
75571,57,57,12093.772926,12280.116337,1,117,15,15,5
75572,68,68,14272.922707,14592.883695,1,111,2,2,0.27
75573,67,67,15174.746412,15608.137317,1,109,3,3,0.84
75574,7,39,9262.312461,9434.205099,2,113,15,15,2.49
75575,8,18,15587.138741,15745.223979,1,109,6,6,0.89
75576,47,47,23641.420963,24241.697385,1,116,9,9,4.96
75577,1,52,17438.363107,20432.870636,2,115,5,5,0.72
75578,16,36,14256.763156,13944.075683,2,114,3,3,0.61
75579,60,60,19223.252968,18925.871971,1,111,7,7,2.26
75580,12,41,68627.088455,70293.537986,1,114,7,7,1.49
75581,74,74,76458.854396,79384.565536,1,113,4,4,1.57
75582,3,21,26097.313152,29655.388875,1,115,3,3,0.55
75583,12,53,16417.941086,16057.853424,1,106,4,4,0.42
75584,52,26,16970.584091,16758.286514,2,117,10,10,2.51
75588,32,32,52470.116042,54750.431444,1,107,9,9,5
75589,13,36,12666.330319,13048.80913,2,115,2,2,0.26
75590,45,47,20837.122779,21778.523074,1,107,15,15,5
75591,38,38,34519.137335,35410.622027,2,110,7,7,1.58
75592,69,64,15875.841315,15630.692204,1,118,6,4,0.87
75594,26,26,36668.682115,37893.046026,2,116,2,2,0.18
75595,21,48,15734.533464,15755.228645,2,117,7,7,1.47
75596,35,44,27953.997263,30062.774077,1,111,4,1,0.05
75597,3,26,11553.408741,12106.851151,1,112,6,6,1.28
75598,62,62,15081.845585,14961.308649,2,106,15,15,5
75599,0,41,8808.432352,9343.135929,2,113,10,10,3.28
75600,10,37,12868.563725,0,1,104,10,10,2.97
75601,61,61,13571.291186,13539.19225,1,117,9,9,3.87
75602,14,33,16417.941086,16652.727548,1,106,8,8,1.34
75603,3,44,39325.405907,41475.808279,1,104,15,15,4.25
75604,3,26,44860.056841,45884.459613,2,113,10,5,1.53
75605,11,30,15051.654028,15769.11242,1,109,6,6,1.02
75606,0,35,6112.522174,5945.210451,2,117,5,5,1.01
75607,64,64,76751.08829,84342.350028,2,118,12,5,2.06
75609,80,80,30930.093041,34660.559958,2,105,15,15,5
75610,56,53,122416.19371,122197.33361,1,113,4,4,0.95
75612,61,60,74723.297588,76499.014677,1,104,14,14,5
75614,7,54,9280.455688,9168.93023,2,108,3,3,0.31
75615,1,28,28874.116891,29546.235948,2,107,8,8,1.86
75616,30,30,24369.608515,25393.755653,1,105,4,4,1.31
75617,2,29,28299.138455,28236.30038,2,107,14,14,3.77
75618,13,34,14994.502811,15207.455994,2,110,7,7,1.47
75619,36,36,58945.661732,63530.022925,1,109,15,15,4.53
75620,52,52,23828.588814,23936.293405,2,116,6,6,0.69
75621,59,59,20238.646751,20203.90296,2,108,15,15,4.16
75622,8,69,22474.912123,22768.640022,2,115,6,6,1.38
75623,9,31,56643.327451,61576.942715,1,113,7,7,2.02
75624,21,44,36992.868744,38117.897061,1,106,8,8,1.42
75625,60,60,13496.771825,13970.983178,2,108,3,3,0.76
75627,1,33,5145.703945,5843.133718,2,118,3,3,0.51
75628,70,72,41211.123835,42327.781159,1,118,10,10,4.45
75629,9,42,7779.291412,7792.518154,2,104,10,10,2.19
75630,59,63,21217.465624,21297.803975,1,110,6,6,1.27
75631,72,72,19721.999749,20018.247495,1,112,8,8,2.3
75632,3,29,13124.913901,18199.79212,2,113,4,4,0.91
75634,13,40,12175.316028,12090.864241,1,112,7,7,1.45
75635,60,48,9778.867728,10321.539613,2,118,5,5,0.86
75636,35,20,85751.788328,87099.230632,2,116,6,6,1.26
75637,70,70,29012.877845,28866.817307,2,109,15,15,5
75638,16,39,13357.331923,13492.026535,2,113,15,15,2.49
75639,15,40,18184.520132,19129.123106,2,116,8,8,1.44
75640,22,51,70166.810129,73594.801667,2,115,5,5,0.97
75641,49,49,93416.942697,97064.535666,1,116,15,15,4.35
75642,1,46,14250.873367,14429.977655,1,113,8,8,1.93
75643,43,43,23852.288987,23908.242062,1,116,2,2,0.34
75645,6,33,7324.260035,7207.874204,2,114,5,5,0.55
75646,20,43,25631.696117,28046.019537,1,104,15,15,5
75647,28,27,53506.258206,56587.557076,2,109,8,8,3.18
75648,18,43,15642.680105,15181.787337,2,111,5,5,0.54
75649,11,39,58836.858965,61526.673162,2,109,14,14,2.87
75650,13,50,18101.092654,18935.396368,1,106,6,6,1.28
75651,1,35,11596.63161,12193.996644,1,105,15,15,5
75652,4,74,10946.860676,11086.256827,2,110,6,6,1.07
75653,40,40,27341.960646,27276.041309,2,116,8,8,1.44
75654,49,30,32634.663736,32226.412612,1,112,4,4,1.06
75655,29,56,19163.85982,20292.715101,1,112,4,4,0.48
75656,1,33,12498.403743,14644.623769,1,114,5,5,0.8
75657,12,54,77129.879802,81777.023932,1,105,15,15,3.48
75658,8,66,11718.675338,11532.460245,2,108,14,14,2.69
75659,15,76,12304.002505,12484.541081,2,116,4,4,0.78
75660,59,59,24853.784569,24811.117946,1,109,9,9,2.87
75661,4,70,5175.290608,5593.247794,1,118,8,8,1.56
75662,44,53,22599.522878,23631.189789,1,104,15,15,5
75663,54,44,115082.96103,117472.674427,1,115,9,9,3.55
75664,31,31,25428.739215,25407.966565,1,114,2,2,0.39
75665,12,32,10339.028761,12302.051086,2,104,5,5,0.72
75666,37,31,26031.266306,27730.808,1,116,15,15,5
75667,46,46,25633.987477,25982.27433,1,104,12,2,0.63
75668,10,32,16717.361927,16886.909924,1,111,10,10,2.36
75669,64,64,15030.244774,15888.791459,1,118,15,15,5
75670,27,27,43608.324929,45876.025004,2,109,8,8,3.18
75671,11,40,9377.233972,12951.089265,1,117,9,9,3.07
75672,1,24,17887.834751,0,2,109,5,5,0.84
75674,60,60,15677.370725,16241.402596,2,108,4,3,1.11
75676,6,41,5524.328762,5500.68594,2,118,7,7,1.14
75677,10,37,8215.621318,9005.67314,1,104,6,6,1.06
75678,10,70,17072.353248,17245.501578,2,107,14,10,2.19
75679,41,34,91249.402337,94087.62569,2,113,5,5,1.01
75680,15,44,69840.743935,71536.664271,2,105,7,7,2.23
75681,40,40,25337.609307,28257.775391,1,116,7,7,3.48
75682,29,29,29309.742572,31076.890442,2,108,9,9,3.5
75684,33,33,84931.89592,87074.374825,2,109,9,9,2.52
75685,62,57,14469.499359,14402.162375,2,114,1,1,0.19
75686,41,42,84113.972226,89018.926085,1,112,8,8,1.92
75687,20,44,71344.112469,0,2,107,15,15,4.3
75688,57,57,16006.908825,16044.458084,2,118,2,2,0.3
75689,58,45,17017.071255,16976.044422,2,117,5,5,1.06
75690,34,34,47051.533604,54155.172735,1,110,7,7,1.38
75691,70,70,18399.187673,19504.258258,1,114,4,4,0.54
75692,18,55,73452.075199,80604.126798,2,113,14,14,5
75693,0,21,7189.430142,7086.925102,2,112,1,1,0.06
75695,74,74,9856.412377,9873.740173,2,110,6,6,1.07
75696,80,80,24307.190972,25767.879924,1,104,3,3,0.64
75697,10,37,38772.969858,39511.644651,1,116,9,9,2.34
75698,22,50,68799.696185,71920.424437,2,107,15,15,5
75699,62,29,12010.325301,12279.56487,1,107,4,4,0.71
75700,68,68,18552.911136,19076.41516,2,109,4,3,0.86
75701,2,41,29377.668611,32662.205433,1,116,15,15,5
75702,59,59,139870.360101,154010.763252,1,105,8,8,4.09
75704,24,48,46156.885004,48814.950852,1,109,3,3,0.47
75705,50,50,102771.492768,113161.330465,1,112,15,15,5
75706,44,44,33922.263974,34186.649479,1,112,6,6,1.93
75707,14,52,19926.374763,20055.704446,1,109,4,4,0.58
75708,5,23,9579.484359,9915.885179,1,116,1,1,0.13
75709,30,34,23923.600973,23904.609825,2,104,9,9,3.5
75710,35,35,81850.747752,84020.192369,1,104,15,15,5
75711,12,19,23430.279339,23471.687968,1,111,14,14,2.66
75712,11,37,37388.202346,37771.107507,2,116,14,14,2.22
75713,12,36,12666.330319,13048.80913,2,115,2,2,0.26
75714,54,54,23503.186692,23865.328764,1,105,15,15,5
75715,12,49,20102.54563,19661.645117,2,107,12,10,2.33
75716,2,48,14224.332742,14631.158825,1,110,3,3,0.72
75717,80,80,37737.526336,39180.262309,2,107,4,4,1.54
75718,0,30,8963.478185,8653.464397,2,107,14,14,2.87
75719,2,23,9951.961524,10095.650585,1,114,6,6,1.64
75720,6,34,14680.626463,15188.856906,1,107,9,9,2.34
75721,32,62,8289.698524,8430.461388,1,118,5,5,0.7
75722,15,40,17695.654181,17572.911608,1,115,14,14,3.18
75723,55,55,13508.107574,13482.334922,1,118,4,4,1.46
75724,66,66,15128.522469,14957.477208,1,107,8,8,1.63
75725,24,24,69766.055661,69347.614452,2,110,15,3,0.86
75726,33,33,19396.589411,19910.693773,2,110,10,10,2.93
75727,0,37,16362.704043,18050.226145,1,114,6,6,1.27
75728,10,44,22977.666752,25335.320551,1,105,6,6,1.93
75729,11,38,16094.782301,16517.90425,1,111,8,8,0.94
75730,59,59,25819.771131,26432.908546,2,116,2,2,0.69
75731,8,40,9493.757784,9944.347479,2,118,1,1,0.1
75732,15,37,20846.588995,20389.369698,1,109,5,5,0.85
75733,56,60,24236.158571,24923.160878,1,104,8,2,0.61
75734,18,47,14087.459741,14072.353666,1,112,14,14,5
75735,19,54,14020.203785,13501.0142,1,110,15,15,3.53
75736,0,42,16190.381201,15597.47969,2,107,14,14,2.24
75737,20,25,23089.077067,25746.30934,2,118,6,6,0.68
75738,47,70,28521.605745,29987.646879,2,107,14,10,2.19
75739,20,20,63966.408313,65229.455278,1,105,15,4,1.48
75740,5,37,15496.764111,15963.633328,2,108,7,7,1.8
75741,11,44,19758.073494,20141.330186,2,107,7,7,0.88
75742,37,37,36372.399546,39201.177985,1,104,10,10,2.97
75743,36,36,25723.357354,26201.462316,2,115,2,2,0.26
75744,72,72,54972.041423,57075.555989,2,107,4,4,1.31
75745,44,44,19474.498093,21068.668782,2,104,7,7,1.82
75746,2,37,7371.955397,7738.821333,2,104,14,14,3.22
75747,18,43,11529.091788,11300.580695,1,110,14,14,3.18
75748,80,80,17876.236819,21592.56702,2,118,9,7,3.08
75749,69,69,18814.734899,18786.386442,2,112,2,2,0.72
75750,70,70,81342.875018,81160.421136,2,113,15,15,5
75751,47,47,109286.615537,112015.4657,1,107,15,15,5
75752,11,31,33498.961645,35948.97807,1,114,5,5,0.63
75753,19,48,15326.45686,16360.851614,1,116,15,15,5
75754,55,55,22060.326312,22247.803172,1,109,3,3,0.61
75755,41,41,91249.402337,94812.360713,2,113,15,15,5
75757,7,30,9872.274383,10190.752111,1,118,6,6,0.84
75758,47,45,26373.741511,27565.280684,1,105,15,15,5
75759,11,57,19712.374348,20611.528458,2,107,15,15,4.19
75760,12,42,5874.20993,6366.734967,1,118,15,15,3.05
75762,61,61,98633.168689,102772.50884,1,107,10,10,4.26
75763,32,32,52907.76226,53539.260407,2,115,6,6,1.17
75764,2,27,10390.377595,11063.125046,2,114,2,2,0.45
75765,7,34,10525.096636,10940.135424,1,108,14,14,3.82
75766,16,52,66434.399628,68047.604801,2,107,4,4,0.99
75767,9,34,12197.77574,12591.273708,2,110,7,7,1.47
75768,46,46,23050.933517,24300.1948,2,112,10,10,2.94
75769,72,72,51435.39666,52278.753921,2,113,15,15,4.48
75770,10,22,29357.00911,29740.680137,1,114,2,2,0.31
75772,15,45,52627.175138,53905.103916,1,116,15,15,5
75773,19,31,27525.438182,28193.82955,1,115,6,6,1.27
75774,80,80,22208.518877,24769.485665,2,105,4,4,1.29
75776,21,21,35562.079797,36654.067421,2,107,5,5,1.53
75777,9,48,10172.677142,10758.12789,1,110,15,15,4.25
75778,62,26,14169.219207,0,1,118,6,6,1.27
75780,66,66,30260.947389,31412.111062,2,116,5,5,1.71
75781,65,65,78031.282026,80868.779838,2,104,15,15,5
75783,55,55,14497.659262,0,2,104,7,7,2.42
75784,57,57,21935.420532,23062.924681,2,107,15,15,4.19
75785,22,57,24410.976201,24402.257733,2,114,10,10,2.94
75786,54,54,20099.497744,21211.575384,2,113,6,6,2.14
75788,50,50,62169.911236,65609.687149,1,104,15,15,5
75789,58,50,112942.330619,118943.806246,1,110,15,15,5
75790,28,65,19370.330115,21599.586232,1,118,14,14,2.87
75791,12,56,16113.411942,15885.940198,2,108,15,15,3.24
75792,42,42,20684.807364,21201.300071,2,106,7,7,1.68
75793,2,30,36371.500623,37218.140498,2,109,9,9,2.15
75794,8,47,10174.260081,10575.464243,1,108,15,15,5
75795,79,71,10335.853617,10691.348313,1,106,5,5,1.29
75796,14,36,13294.291312,13025.252178,1,112,6,6,1.16
75797,47,47,92098.197437,94993.198262,1,110,14,14,4.61
75798,9,38,15355.102872,15510.834796,2,111,7,7,1.16
75799,22,25,38238.736245,39129.94997,2,106,6,6,1.52
75800,9,45,16717.361927,16886.909924,1,111,5,5,0.7
75801,3,40,14503.129658,14977.654838,2,114,5,5,0.67
75803,40,35,20498.91548,21123.949617,1,104,6,6,0.95
75804,0,35,13129.412871,12648.605864,2,106,15,15,5
75805,53,53,24209.531507,24987.8772,2,113,5,5,1.34
75807,32,32,69839.334304,73930.362056,2,107,14,14,3.27
75809,13,40,66076.248699,65605.317309,1,113,14,14,3.82
75810,7,40,57840.91455,58433.282819,1,105,15,15,5
75811,8,36,13601.521831,13540.067243,2,112,7,7,1.25
75812,1,35,39975.754956,0,2,111,15,15,5
75813,6,56,8773.306124,8667.875204,2,108,5,5,0.48
75814,28,28,28125.481489,30352.872751,1,109,1,1,0.04
75815,7,37,9377.712866,9283.191853,2,113,7,7,2.54
75816,17,49,11690.923303,12478.768307,2,112,9,9,2.15
75817,53,50,14309.982874,14353.392135,2,118,8,8,1.81
75818,6,32,10883.876948,11884.818008,2,114,6,6,1.91
75819,20,52,112158.516703,117245.984689,1,105,8,8,1.81
75820,43,45,19326.787997,20125.91733,1,112,15,15,5
75821,25,25,22215.675939,0,2,110,10,10,2.94
75822,34,34,58624.834789,60103.695828,1,116,15,15,5
75823,43,43,51223.793769,53223.897226,1,108,15,15,3.37
75824,50,50,27790.555024,29691.199627,1,110,4,4,1.31
75825,40,40,14689.126638,15973.582478,2,112,7,7,1.68
75826,70,70,13846.32795,13836.641113,1,109,7,7,2.05
75827,14,30,13479.173461,14163.771716,1,105,14,14,3.08
75828,43,43,91249.402337,96040.942105,2,113,14,14,4.55
75829,5,33,11577.645237,11723.152522,1,117,4,4,0.47
75830,18,49,12340.947943,12465.393395,1,112,14,14,4.1
75831,34,32,107737.369017,108445.301937,1,105,15,15,5
75832,14,41,18152.780365,18270.598752,2,112,6,6,0.9
75833,15,38,9059.324666,9981.580798,1,104,8,8,1.29
75834,0,19,4987.55281,5176.784454,2,112,6,6,0.99
75835,31,33,70109.846944,72488.531154,2,106,15,10,5
75836,16,54,12901.357811,12630.100763,1,104,15,15,5
75837,55,55,76594.574302,77146.195438,1,105,14,14,2.27
75838,80,80,29262.26112,30874.138,1,104,14,14,5
75839,40,49,22566.402094,22284.102295,1,108,6,6,1.16
75840,52,52,120938.407068,121809.384969,2,114,15,15,5
75841,41,44,95089.873372,93948.713016,2,112,7,7,2.54
75843,0,26,7245.461322,7158.614313,1,106,8,8,1.58
75844,16,48,68199.411632,69855.476024,2,115,15,15,5
75845,59,59,18463.262885,18734.428205,1,114,8,8,2.56
75846,7,38,14863.81325,14796.655359,1,111,2,2,0.29
75848,59,59,139320.855635,140324.220813,1,105,15,15,5
75849,3,70,16419.515173,17141.503406,1,109,3,3,0.51
75850,37,37,16201.021749,16731.093409,2,104,15,15,5
75851,11,53,13207.210139,13664.432198,1,104,15,15,5
75852,7,41,39849.768852,43938.606937,1,110,15,15,5
75853,19,19,18003.588276,18259.438851,1,110,3,3,0.55
75854,18,44,59123.958559,64069.672991,1,110,8,8,2.46
75855,34,28,103190.161514,104811.617948,2,107,8,8,2.53
75856,28,25,54764.120386,60100.93497,1,106,8,8,2.3
75857,7,42,12734.470806,12581.437622,2,112,14,14,3.4
75858,20,42,39290.220861,39705.467613,2,108,7,7,1.47
75859,11,57,17751.523773,17671.318587,1,109,15,15,4.17
75860,60,60,22313.031151,23631.715249,2,112,14,14,4.77
75861,52,52,28474.728068,28118.516653,1,112,9,9,3.55
75862,10,38,18881.877722,19205.586265,2,107,7,7,1.5
75864,4,34,11046.141143,11575.283937,2,110,6,6,1.05
75865,5,41,10943.500588,11327.801291,2,111,1,1,0.07
75866,12,40,30051.787272,29549.068893,2,109,14,14,2.5
75867,1,34,5497.665259,7636.077827,2,117,15,15,5
75868,0,26,15422.986938,15276.362336,2,113,10,10,2.81
75869,27,27,28561.447138,28297.94667,2,105,8,8,1.89
75870,40,40,34458.688136,34135.488394,1,111,9,9,2.18
75871,57,57,84374.634735,86164.881986,1,116,8,8,3.48
75872,21,21,26197.604584,27051.976272,1,112,3,3,0.72
75873,9,37,28607.538933,29081.050893,1,110,15,15,3.17
75874,57,22,133545.48139,134566.906107,2,107,8,8,2.43
75875,14,33,11245.346243,12070.157434,2,114,6,6,1.04
75876,4,37,35943.870056,38755.841536,2,114,15,15,4.19
75877,1,31,26985.516747,27401.501929,2,112,9,9,2.56
75878,12,53,10560.153006,10628.69238,1,118,6,6,0.88
75879,56,56,23192.46402,23654.945732,2,112,3,3,1.03
75880,13,37,9810.780695,11213.728507,1,108,8,8,1.81
75881,25,43,32419.988322,36151.078958,2,110,7,7,1.5
75882,54,54,114630.838071,115456.389929,1,115,15,15,5
75883,48,80,23871.711673,23585.230579,2,114,3,3,0.71
75884,3,25,24149.243241,33643.64279,2,113,5,5,0.67
75885,40,40,103253.477303,105695.623125,1,116,15,15,5
75887,56,56,21347.269329,21667.705008,1,112,9,9,5
75888,44,44,110329.841536,114637.821895,1,115,7,7,2.2
75889,4,29,16437.012026,0,2,111,7,7,1.77
75890,43,43,59781.505548,62920.65445,1,116,8,8,1.81
75891,2,28,30657.868877,32855.896439,2,112,6,4,0.76
75892,80,80,42707.210938,47858.111625,2,105,6,6,2.4
75893,49,55,21934.069851,22000.606742,2,113,14,14,3.14
75894,46,46,93422.007155,93890.625931,2,113,14,14,3.79
75895,55,55,29035.617725,29651.69073,1,115,3,3,0.84
75896,26,26,92282.126088,93428.659379,1,115,7,7,2
75897,0,28,22065.040565,24280.532936,2,111,14,14,3.79
75898,24,22,91660.998094,95818.706372,2,116,7,7,2.12
75900,21,18,19743.974615,20934.381614,2,110,7,7,1.43
75901,19,47,77169.740205,79464.209036,1,105,9,9,2.59
75902,19,54,13168.80819,13355.832706,1,118,5,5,0.96
75903,28,28,34938.259385,35757.614077,2,116,4,4,0.71
75904,70,70,14272.922707,14934.165781,1,111,6,6,1.27
75905,39,36,27645.680648,28989.869167,2,111,14,14,4.77
75906,17,66,33299.901335,33959.391697,2,109,5,5,1.16
75907,40,40,77890.863843,79835.772609,2,107,8,8,1.39
75908,24,24,26197.604584,29576.444027,1,112,5,5,1.74
75909,77,77,13036.074129,12815.990087,1,109,2,2,0.61
75910,30,30,102311.1805,104048.471038,2,107,7,7,1.51
75911,67,67,9522.513772,9665.771741,2,117,8,8,4.28
75912,80,78,13005.585762,13499.193498,2,118,9,9,3.07
75914,1,25,12682.017171,13786.170217,2,105,3,3,0.42
75915,63,63,14241.691039,14847.338676,1,118,5,5,1.98
75916,7,32,37388.202346,37771.107507,2,116,7,7,1.43
75917,13,41,11512.632372,0,2,105,5,5,0.72
75918,7,35,25027.732439,28023.355622,1,115,7,7,1.7
75919,23,27,43005.461947,44507.094314,1,111,12,5,0.89
75920,11,46,18532.303143,18830.800778,1,109,6,6,1.74
75921,76,76,9554.943993,9729.834862,2,108,14,14,5
75922,65,65,92228.668248,93012.583285,2,109,14,14,4.77
75923,80,77,30134.270058,31794.180514,1,104,9,9,3.87
75924,30,54,45528.69435,47902.244185,1,117,10,10,2.36
75925,51,51,27712.266236,28506.656024,2,112,2,2,0.6
75926,10,37,20213.260429,0,2,113,3,3,0.59
75928,31,31,82897.309694,84988.46444,1,104,15,15,5
75929,23,24,27978.775033,28831.099748,2,114,9,2,0.77
75930,7,42,7828.382304,7734.306759,1,114,10,10,2.63
75931,18,18,12068.07767,11976.876954,2,110,7,7,1.43
75932,41,41,24600.024311,24961.31871,2,106,15,15,5
75933,53,53,30652.046054,31112.152171,1,111,7,7,3.48
75934,46,50,102341.831273,113334.622057,1,113,2,1,0
75935,4,39,15548.389903,15681.760987,1,115,9,7,1.45
75936,35,35,26202.79655,29810.108686,2,118,3,3,0.61
75937,77,77,82342.218737,81833.898043,2,112,14,14,5
75938,33,44,31339.522934,31526.793329,1,114,15,15,5
75939,13,37,14682.770036,14580.925767,2,115,5,5,0.72
75940,4,45,57942.40529,59265.550305,2,113,15,15,5
75941,8,26,17813.90838,17996.34661,1,113,2,2,0.25
75942,78,76,10521.219928,10904.053041,1,118,9,9,3.56
75943,2,26,11703.476309,11803.866467,1,115,1,1,0.13
75944,16,45,12017.242452,11915.582227,1,112,15,15,5
75945,60,38,12192.188307,12912.73787,2,118,9,9,1.72
75946,71,71,61455.600029,61960.102413,1,110,6,6,2.18
75947,13,44,12586.673175,12331.954246,2,114,14,14,4.55
75948,5,33,16419.515173,17141.503406,1,109,3,3,0.49
75949,40,40,31536.210112,33505.732436,1,109,6,6,1.27
75950,0,25,4793.888718,5195.34693,2,110,2,2,0.34
75951,32,32,20531.376501,22775.971223,2,117,12,7,3
75952,36,36,30846.284763,30189.263529,1,104,4,4,0.87
75953,4,28,16419.515173,17141.503406,1,109,2,2,0.26
75954,54,54,59615.572614,62453.083764,1,117,10,10,2.36
75955,72,73,24750.15491,28194.025694,2,110,15,15,5
75956,80,80,36117.581178,38107.075217,1,110,14,14,5
75957,21,46,51877.119096,53738.651034,1,111,15,15,5
75958,29,29,27401.955749,30857.300418,1,109,15,15,5
75959,0,30,9578.807834,9255.325526,1,117,14,14,3.82
75960,76,76,6959.338123,6954.469397,2,118,14,14,2.53
75961,10,35,19211.523342,20872.263236,1,111,8,8,2.04
75962,64,64,8748.134024,8994.978485,2,106,7,6,1.26
75963,6,32,11215.443521,12339.833988,2,106,8,8,3.02
75964,71,71,50159.594859,50140.730313,1,104,15,15,5
75965,64,64,13953.641028,14022.549333,2,109,3,3,1.2
75966,37,37,88644.480725,89953.673292,1,115,10,10,5
75967,7,33,7887.401045,8422.602232,2,114,6,6,1.04
75968,2,28,13665.346375,0,1,106,15,15,5
75969,69,69,13092.54519,14911.017502,2,104,9,9,3.81
75970,30,30,16572.38128,18996.953296,1,109,5,5,0.93
75971,12,33,9172.973873,9232.20583,1,118,5,5,0.56
75972,5,26,11544.46341,12052.08904,1,118,3,3,0.67
75973,65,65,95957.474683,99446.833276,2,115,15,15,5
75974,71,71,43327.64326,46075.355223,1,109,10,10,3.46
75975,31,31,18368.870223,21519.617922,2,109,6,4,1.54
75976,67,67,11965.601623,11997.602688,2,116,5,5,1.97
75977,25,25,59618.527155,61044.091031,1,118,5,5,1.71
75978,71,71,79751.806605,79259.477223,2,108,7,7,2.38
75979,6,56,11173.448191,11108.132469,2,108,15,15,3.24
75980,31,31,59098.199668,59560.742299,2,118,15,15,5
75981,5,36,39091.155442,43198.205723,1,110,15,15,5
75982,75,75,41833.745138,42177.167448,1,114,3,3,0.91
75983,6,28,8048.670093,8523.379002,1,113,6,6,1.28
75984,15,40,11722.689733,11641.377503,1,110,15,15,4.72
75985,40,51,29406.630965,31972.412821,1,115,4,4,0.77
75986,55,50,32410.383206,32665.089001,2,107,8,8,2.1
75987,80,23,20746.085303,21539.224824,2,107,12,5,1.34
75989,32,29,21527.63823,22685.20106,2,114,6,4,1.29
75990,9,40,18842.833694,0,1,109,10,10,3.58
75991,80,80,27542.95231,28573.375262,1,105,8,8,3.92
75992,34,34,33160.516091,34845.802532,2,115,4,4,1.22
75993,48,44,87565.163256,96690.371811,1,107,15,15,5
75994,0,38,5877.823761,5807.369805,1,106,5,5,1.23
75995,6,37,43164.746157,43606.810848,2,107,15,15,5
75997,20,20,34981.270686,40648.703968,2,108,4,4,1.37
75998,76,80,61229.8401,61732.489171,1,114,14,14,5
75999,19,46,14347.983707,14775.517776,2,112,2,2,0.25
76000,0,25,6305.918981,6230.333704,2,107,10,10,2.73
76001,16,37,18155.984793,18142.677321,2,112,14,14,2.66
76002,0,21,6116.262782,6043.941128,2,112,7,7,1.68
76003,10,32,64947.503322,65796.3117,1,105,15,15,4.67
76004,58,58,25713.427662,27472.013896,1,114,1,1,0.03
76006,32,32,18677.194085,18953.038035,2,105,2,2,0.77
76007,36,37,84843.358338,86983.603807,1,110,15,15,5
76008,31,31,15981.261612,17383.366828,1,111,7,7,1.34
76009,11,33,11313.586066,14951.26072,1,108,14,14,2.97
76010,68,68,12352.53595,12701.085147,1,107,5,5,1.23
76011,32,32,50017.26474,52974.52622,2,113,4,4,0.82
76012,59,80,10266.73517,11244.196248,1,118,9,9,2.52
76013,1,22,16619.44151,16875.63232,2,107,2,2,0.33
76014,16,49,13176.47274,13117.869892,1,107,15,15,5
76015,30,30,24641.660854,24204.120255,2,114,15,10,5
76016,79,79,89754.279713,89200.20237,2,107,8,8,3.1
76017,2,36,7910.84474,8549.725656,1,118,15,15,5
76018,31,30,17756.721785,18041.451144,1,114,6,4,1.52
76019,29,31,43504.96459,48769.378136,1,109,1,1,0.06
76020,32,32,16572.38128,17782.463974,1,109,3,3,1.01
76021,0,31,6542.120128,6463.703649,1,106,6,6,0.63
76022,3,31,45031.764831,44688.582216,1,113,9,9,2.22
76023,67,67,6435.130313,6491.287927,2,118,15,15,5
76024,40,40,20719.448832,21135.064235,2,104,15,15,5
76025,51,51,90800.035317,92610.681906,2,104,15,15,5
76026,9,36,39330.420004,40093.330754,2,107,14,14,2.66
76027,5,36,9714.692097,10282.778153,1,112,4,4,0.92
76028,57,57,21303.593812,21469.631121,1,104,5,5,1.42
76029,3,46,11408.439723,12095.66546,2,112,10,10,2.94
76030,32,32,21679.511567,22845.240779,1,110,14,14,3.4
76031,4,20,15539.87757,16755.597871,1,113,1,1,0
76032,18,56,17430.855215,17048.551742,1,115,8,8,2.61
76033,69,69,11621.443799,11547.810687,2,105,6,6,2.23
76034,20,20,86293.020636,92305.469159,2,109,5,5,1.71
76035,0,31,16315.820071,16974.618074,1,110,15,15,5
76036,64,64,9358.132077,9344.032032,1,104,1,1,0.04
76037,60,60,7037.582072,7236.160209,2,118,5,5,1.42
76038,15,36,66072.141618,67676.550196,2,109,10,10,2.15
76039,26,27,38226.815338,40214.668624,2,112,7,5,1.71
76040,60,60,13881.652394,14203.176891,1,112,7,7,3.48
76041,52,52,114630.838071,115605.013581,1,115,9,9,3.07
76042,27,30,106554.218364,108025.925613,2,107,7,7,1.51
76044,11,33,12048.451637,12170.647403,1,116,4,4,0.54
76045,12,40,15286.52741,14836.128253,1,106,14,14,2.25
76046,50,50,26108.80047,26979.435944,1,113,5,5,1.04
76047,9,29,43164.746157,47593.72186,2,107,14,14,3.77
76048,49,39,20299.088456,21482.793013,2,107,8,6,1.52
76049,54,26,57235.140262,57647.338037,2,106,9,7,2.02
76050,7,33,8896.765645,8755.391983,2,112,3,3,0.31
76052,10,55,8987.222531,9277.148652,2,118,5,5,0.92
76053,5,40,16896.988751,17919.279316,1,112,15,15,5
76054,22,24,31440.077664,33202.93173,2,107,4,4,1.14
76055,18,18,21016.355264,22146.425979,2,108,2,1,0.34
76056,17,48,12443.701173,12357.387783,2,114,2,2,0.36
76057,18,59,49847.138435,53344.75964,1,116,7,7,2.2
76058,0,26,5286.422398,5326.999968,1,114,8,8,1.46
76059,21,21,26730.348348,27300.272619,2,114,10,10,4.45
76060,32,32,73030.053908,73509.928067,2,110,15,15,5
76061,10,61,11718.871808,11892.097589,1,111,5,5,1.02
76062,30,29,89160.148759,93808.339519,2,115,7,7,1.43
76063,0,39,6629.354011,6627.246195,1,107,8,8,1.42
76064,42,42,98711.148578,107848.603806,1,110,10,10,5
76065,1,30,8016.795203,9365.199299,1,114,15,15,4.25
76066,17,40,17090.959174,16924.166889,2,106,6,6,1.78
76067,26,26,77588.597287,78552.574966,1,114,9,9,2.82
76068,13,48,17195.199762,18620.344893,2,108,6,6,1.52
76069,44,48,23568.774431,23768.931994,1,116,15,15,4.25
76070,15,54,69002.013102,0,1,116,8,8,2.3
76071,34,34,58125.464346,59666.073066,1,116,15,15,5
76072,73,73,18650.131883,18608.299222,1,105,3,3,0.64
76073,21,58,62304.808645,63025.740939,2,114,15,15,5
76074,70,70,21243.547641,21723.869585,2,112,9,9,3.2
76075,35,35,59658.239122,62165.411725,1,116,8,8,2.12
76076,51,51,88218.304216,92417.214181,2,115,5,5,0.97
76077,45,44,22205.251305,21927.469408,2,114,4,4,0.54
76078,48,29,23376.558978,24973.090857,1,104,15,15,5
76079,19,19,11775.100709,12469.486813,1,116,5,5,0.83
76080,6,44,11615.995075,11861.56926,2,106,5,5,0.82
76081,35,36,66143.366059,70105.244552,1,111,15,15,4.35
76082,30,30,84120.656677,86974.699104,1,110,15,15,5
76083,11,46,32595.139035,33777.724117,1,104,15,15,4.64
76084,48,46,26850.658634,26745.112107,1,108,15,15,4.67
76085,2,34,8782.161726,8857.493412,1,108,6,6,1.09
76086,18,44,29696.41747,29484.768421,1,105,6,6,1.27
76087,55,57,14514.870818,14649.965142,2,104,15,15,4.16
76088,27,54,91370.709866,92427.965267,1,110,15,15,5
76089,17,36,35063.33474,36888.953984,2,106,5,5,1.21
76090,44,41,79358.256657,81235.233976,1,118,15,15,5
76091,66,66,8780.904487,9083.178041,1,117,15,15,5
76093,11,46,46988.58487,49321.275027,1,110,15,15,5
76094,18,43,17788.715987,17398.563707,2,111,5,5,0.54
76095,41,41,24857.199978,25638.557447,1,104,77,1,0.09
76096,37,37,47397.537439,51083.770232,1,110,15,15,5
76097,66,65,74311.781717,76077.719583,1,115,15,15,5
76098,5,44,9411.462943,9753.350172,2,113,6,6,1.47
76099,14,44,18415.334274,19350.636852,1,109,6,6,1.43
76100,6,44,38228.25587,38969.78742,1,116,15,15,5
76101,20,39,31173.02391,31802.604158,2,111,1,1,0.07
76102,16,71,16567.014613,15854.474767,1,106,15,15,3.17
76103,45,46,88692.879089,89252.520317,1,104,15,15,4.64
76104,45,45,28218.956804,27954.281621,1,109,14,14,2.25
76105,7,29,13375.201576,14091.599357,2,116,1,1,0
76107,59,50,22065.247409,22552.429047,1,104,5,5,0.73
76108,48,46,94481.045518,97794.43831,1,113,15,15,3.63
76109,36,36,37674.921434,39700.739976,2,107,8,8,2.12
76110,22,23,26892.390328,27906.256109,1,109,5,5,0.5
76111,2,40,7494.688729,7602.899033,1,108,6,4,0.7
76112,63,63,14975.454019,15106.140691,2,114,15,15,5
76113,5,34,49505.780981,0,1,105,10,10,2.47
76115,15,42,7378.953829,7807.970363,2,117,7,7,1.82
76117,72,72,56653.642228,56977.218825,1,109,6,6,2.19
76118,60,80,16419.184757,16394.915515,2,118,7,7,1.95
76119,49,77,21387.58651,21336.022705,2,114,5,5,0.75
76120,40,40,23568.774431,23511.951951,1,116,7,7,1.31
76121,11,33,7324.260035,7207.874204,2,114,5,5,0.55
76122,0,37,3833.642169,4066.35806,2,117,5,5,0.73
76123,0,37,6905.895129,6836.389628,1,114,8,8,1.34
76125,12,40,49146.845584,48796.571578,1,116,15,15,3.17
76126,27,27,31207.071929,31733.913952,2,110,3,3,0.46
76127,67,67,17020.296478,17108.199646,2,113,15,15,5
76128,74,74,38669.891565,39717.691616,1,108,1,1,0
76129,41,41,24672.86407,24625.789739,2,112,14,14,5
76131,0,24,7506.970721,7838.315065,1,115,6,6,1.1
76132,18,54,18742.165377,18189.95,1,111,4,4,0.65
76133,47,47,24191.170187,23964.272984,1,118,14,14,4.1
76134,58,80,18142.299743,18272.957509,2,106,4,4,1.21
76135,16,51,18184.520132,18692.516189,2,116,6,6,1.31
76136,53,80,18020.485039,17692.06815,2,106,8,8,2.43
76137,56,56,15212.714192,15017.613796,1,118,14,14,5
76138,39,39,23438.222526,23273.675872,1,114,6,6,1.74
76140,27,28,68920.741965,72264.741073,2,112,6,4,0.76
76142,2,34,35935.197471,0,1,105,10,10,2.47
76143,1,32,9841.721806,10233.987793,1,116,6,6,1.09
76144,80,80,40846.146506,42198.830606,2,116,3,3,0.86
76145,60,60,90209.454721,91190.479737,2,113,15,15,5
76146,23,62,31047.648989,31732.389266,2,114,6,4,0.76
76148,32,32,27344.465828,27744.782361,2,114,6,6,1.91
76149,68,68,15107.120526,15011.402274,1,118,10,10,3.33
76150,58,58,18541.57361,18757.66475,1,104,2,2,0.78
76151,55,55,30927.651343,33699.274173,2,115,2,2,0.57
76152,2,65,18543.742709,20492.011643,2,112,6,6,1.22
76153,16,48,19426.304596,20479.382614,1,109,2,2,0.22
76154,29,29,107644.698592,109030.013054,1,111,8,8,3.92
76155,10,76,9846.408943,9946.271524,2,118,14,14,2.53
76156,61,66,10245.07186,10162.712234,2,108,14,14,2.69
76157,50,50,109390.28714,0,1,104,9,9,5
76158,72,73,32267.942251,32587.152378,1,105,3,3,0.64
76159,75,75,50465.61674,50352.421236,2,113,6,6,2.19
76160,25,55,116194.09703,124165.148483,1,105,6,6,1.46
76161,34,34,18333.625839,18795.361752,1,109,6,6,1.61
76162,10,42,14146.528127,14082.611083,1,105,9,9,1.51
76163,10,46,19564.852312,0,1,109,15,15,5
76164,62,62,34165.468012,35386.688205,2,113,3,3,1.2
76165,7,47,9794.027172,10817.353526,1,117,7,7,1.38
76168,52,52,22875.236148,22855.586718,2,115,5,5,0.72
76169,43,43,89307.342969,89795.127684,1,110,8,8,2.9
76170,55,55,15288.092546,15557.465333,2,104,15,15,5
76171,80,80,14751.6517,16138.063197,2,112,7,7,3.64
76172,13,33,16417.941086,16652.727548,1,106,8,8,1.34
76173,19,42,9463.50088,10048.143556,2,118,8,8,1.56
76174,21,21,112158.516703,114426.433582,1,105,14,6,2.35
76175,6,24,10083.27933,10552.789614,2,116,6,6,0.78
76176,17,35,11161.201139,11083.783569,1,114,7,5,0.85
76177,7,33,54927.699302,60563.628325,1,115,15,15,4.67
76178,49,49,13479.736332,13917.038729,1,117,15,15,5
76179,54,54,110148.142573,116242.488215,1,110,14,14,4.61
76180,55,55,24451.501798,27537.135283,1,113,1,1,0.02
76181,45,45,33769.649871,33922.287795,2,111,5,5,1.27
76182,3,41,25889.243138,27745.382265,1,113,3,3,0.59
76183,17,52,122461.893881,129840.332337,1,113,9,9,3.2
76184,59,50,115129.902738,116947.946303,2,109,7,7,1.51
76185,3,39,11931.445125,16544.856797,1,105,15,15,5
76186,53,53,21784.629506,21387.612431,2,113,12,7,2.02
76187,56,68,82952.781626,84784.307522,2,107,15,15,3.89
76188,74,74,20087.482733,23131.400423,1,118,3,3,0.87
76189,15,44,20211.593647,21038.123718,2,107,5,5,1.11
76190,48,48,29993.619797,30183.161296,2,108,12,3,1.03
76191,18,33,10002.606134,9707.891366,1,117,4,4,0.47
76192,66,71,58087.039848,57607.112365,1,116,7,7,1.45
76193,39,39,40292.296794,42674.571352,2,115,3,3,0.42
76195,18,55,14376.08747,14276.370446,2,116,7,7,1.52
76196,3,24,15383.735112,15577.077151,1,107,4,4,0.65
76197,45,45,25701.696795,26217.252067,2,106,1,1,0.17
76198,11,53,20309.907117,21212.094102,1,107,7,7,0.93
76199,56,80,18561.595413,18955.43232,1,107,6,6,1.33
76200,2,38,7278.544556,7511.047541,1,112,14,14,2.72
76202,0,26,9965.916898,9577.243478,2,109,7,7,1.29
76203,13,41,19728.892955,19588.283353,2,116,5,5,0.63
76204,45,46,53410.628652,53747.643191,2,110,15,15,3.67
76205,1,37,11500.449093,12006.139354,1,107,7,7,1.14
76206,38,45,19308.262332,20126.44339,2,118,9,9,2.15
76207,6,29,7288.950827,7928.079751,1,112,7,7,1.84
76208,51,59,21710.510043,21894.886316,2,108,15,15,4.16
76209,59,60,127302.83078,128276.508486,2,112,15,15,5
76210,17,57,19189.056724,18623.67423,1,109,15,15,4.17
76211,17,50,22844.522355,22908.412185,1,111,14,14,3.4
76212,34,34,38858.146378,38373.10914,1,107,9,9,2.34
76213,78,78,27599.419547,27491.614492,2,109,10,10,3.54
76214,18,47,12814.893523,12605.061283,1,107,7,7,0.8
76215,43,44,35539.655182,37162.038382,1,111,14,14,3.82
76216,13,40,63138.021552,63021.586008,2,109,8,8,1.61
76217,53,53,19358.277985,19548.456533,1,106,4,4,0.42
76218,36,40,110730.073712,113523.33347,1,105,15,15,5
76219,8,39,64060.266025,64716.328766,2,115,14,14,3.3
76220,56,26,112101.255873,112958.664094,2,113,15,15,5
76221,16,33,13555.67101,14701.427974,1,107,7,7,1.27
76222,2,20,9364.324516,9704.499362,2,113,3,3,0.38
76223,76,76,92650.446611,92693.605989,2,115,10,10,4.13
76224,74,74,14098.321033,14353.76382,2,104,2,2,0.73
76226,43,43,25134.995198,27461.681663,1,104,6,6,1.06
76227,26,29,50437.189579,50673.566451,1,111,4,4,1.16
76228,1,22,8622.841144,8747.340012,2,114,6,6,1.07
76229,17,70,20102.54563,19661.645117,2,107,14,10,2.19
76231,25,25,62211.875054,68637.01558,1,106,9,9,2.82
76232,29,33,31711.124434,32849.030161,1,117,4,4,0.47
76234,17,39,17242.214298,18036.931154,1,111,3,3,0.51
76235,76,76,43874.103499,44308.127398,2,113,7,7,3.43
76236,40,41,23906.542802,23470.854617,1,117,15,15,4.71
76237,4,27,6540.499484,9084.54057,2,104,14,14,3.77
76238,61,61,15818.718246,15640.31771,1,117,7,7,3.39
76239,13,41,8246.939853,8111.903705,2,118,14,14,2.1
76240,35,35,15143.293952,15927.665187,2,107,8,8,1.13
76241,20,21,78766.187267,80358.889907,1,112,15,9,4.87
76242,19,37,12315.204418,12065.979254,1,112,6,6,0.98
76243,59,59,21545.609413,21742.45969,1,111,12,6,1.93
76244,15,47,11100.201624,11435.388834,1,107,6,6,0.7
76245,12,70,11289.437847,11060.971319,1,114,4,4,0.54
76246,44,42,17212.366477,17144.706851,2,117,5,5,0.82
76247,2,66,9499.599637,9636.757377,1,114,6,6,1.06
76248,50,18,25741.768982,25679.707583,2,114,15,15,3.58
76249,0,43,16610.119912,16373.297109,1,113,5,5,1.02
76250,11,41,48250.801259,49049.448482,2,108,15,15,3.13
76251,11,37,14322.881933,14258.168085,1,111,7,7,1.27
76252,70,68,17641.628875,17864.518233,1,116,6,6,1.48
76253,27,21,18235.900105,20535.41919,2,117,4,4,0.5
76254,1,24,11271.446634,11720.697814,1,111,99,4,0.76
76256,50,50,107175.908858,114390.928176,1,104,15,15,5
76257,2,41,13335.680484,18578.672056,1,104,77,1,0.09
76258,11,29,10699.839476,11046.97175,1,111,3,3,0.51
76259,16,42,7262.61283,7871.548958,2,104,10,10,2.51
76260,15,45,21179.334081,21028.387055,1,116,6,6,1.21
76261,20,20,21895.534157,22584.028697,2,105,6,5,1.89
76262,3,22,11737.933902,11907.409305,1,114,4,4,0.92
76264,80,80,27220.143827,28215.682236,2,106,7,7,3
76265,12,30,11245.346243,11167.345017,2,114,1,1,0.02
76266,7,33,7401.433355,7283.821204,1,116,6,6,1.09
76267,63,63,9289.337676,9352.902688,1,118,8,8,2.53
76268,1,57,18881.096491,19320.602393,2,109,7,7,1.43
76269,28,31,61549.113611,61837.567173,2,118,15,15,5
76270,24,61,38552.426618,39450.951389,2,115,9,9,2.04
76271,61,61,66870.478834,67872.926679,2,110,14,14,5
76272,42,42,52119.49921,52448.36688,2,110,14,14,3.79
76273,4,62,24811.281951,26014.880153,1,109,5,5,1.02
76274,0,36,15404.220474,16123.963542,2,115,9,9,3.03
76275,1,37,9500.691638,9582.186735,1,114,8,8,1.34
76277,80,80,15009.978227,15507.05716,1,113,4,4,0.97
76278,7,50,25430.850293,25691.296189,2,110,9,9,2.52
76279,15,40,21397.981963,20986.000147,2,109,4,4,0.67
76281,49,49,24000.790205,23905.890869,1,114,2,2,0.78
76282,62,65,12595.528584,13483.863698,2,117,14,3,1.11
76283,1,52,13235.539605,17882.379067,1,105,3,1,0.08
76284,29,36,35168.825543,39424.506321,2,114,3,3,0.61
76285,40,41,68207.820019,72185.235437,1,116,15,15,4.72
76286,59,59,68958.735481,70333.843967,1,108,4,4,1.31
76287,2,36,12066.036603,12651.361456,1,109,2,2,0.28
76288,30,30,30504.63448,32709.960439,2,109,2,2,0.35
76289,24,33,20785.402003,22564.771032,2,106,15,6,2.57
76290,42,42,11526.588206,11900.527616,2,118,8,8,1.56
76291,2,30,11554.643735,12490.895852,1,107,15,15,4.35
76293,14,48,61427.682489,62561.939457,1,116,15,15,4.72
76294,72,72,18276.240999,18874.711894,2,112,2,2,0.77
76295,41,49,128072.163627,128881.502084,1,105,10,7,3.31
76296,33,36,26929.892939,27800.872592,1,105,15,15,5
76298,57,53,109390.28714,111805.530362,1,104,14,14,5
76299,16,43,13179.636273,14093.527798,1,105,7,7,2.58
76300,9,74,11149.63659,11678.817075,2,110,6,6,1.07
76301,28,29,36696.711646,37812.733224,1,108,15,15,5
76302,49,49,33692.336927,33611.107327,2,110,15,15,4.19
76304,18,38,11857.377669,12556.615704,1,110,2,2,0.18
76305,18,34,31248.553759,32359.447111,1,106,4,4,0.68
76306,66,66,167884.543709,171075.161241,2,109,15,15,5
76307,41,44,19070.810086,18723.251399,2,110,6,6,1.03
76309,3,67,13432.36994,13819.841623,2,106,3,3,0.35
76310,50,50,73732.143152,77811.641497,1,116,15,15,3.63
76311,16,41,26540.641758,27776.678895,2,107,2,2,0.25
76312,65,64,15462.309599,15491.057336,1,108,8,8,2.12
76313,27,54,72378.600969,0,1,112,15,15,5
76314,38,38,84843.358338,89813.287347,1,110,15,15,4.67
76315,10,35,33354.565594,33790.481268,1,110,6,6,0.98
76316,45,45,18395.329849,19113.600796,1,116,6,6,1.21
76318,0,60,10782.174226,10706.114718,2,113,5,5,0.43
76319,9,40,12754.485277,13348.375599,2,116,8,8,1.44
76320,63,23,63776.020341,63945.092914,2,107,9,9,2.31
76321,5,43,12078.754049,12502.92122,2,111,7,7,1.47
76322,43,23,28218.956804,27704.676417,1,109,5,5,0.76
76323,12,39,21115.356656,25363.279862,2,111,8,8,2.27
76324,2,36,7741.533675,8022.757913,2,105,9,9,2.31
76325,64,64,9358.132077,9344.032032,1,104,2,2,0.7
76326,32,32,41290.81872,41783.658984,2,114,9,9,3.81
76327,0,30,20472.065478,19722.36611,2,107,7,7,1.51
76328,16,65,26498.191108,26309.336108,1,106,6,6,0.67
76329,5,26,11829.859624,12245.286419,2,116,2,2,0.18
76330,24,24,30571.921215,0,2,110,3,3,0.52
76331,12,51,9716.809445,0,2,110,15,15,5
76332,6,31,14930.441282,14862.982351,1,109,1,1,0.06
76333,80,56,17702.366641,17403.503012,1,107,3,3,0.44
76334,22,45,22747.489484,23280.9523,2,106,1,1,0.17
76335,65,65,12192.846617,12328.218177,2,114,7,7,2.61
76336,4,38,7384.018163,10256.160518,2,113,7,7,1.13
76337,14,47,8058.788155,8302.13533,1,112,5,5,0.85
76338,0,37,18931.252597,19695.656185,2,112,14,14,4.8
76339,5,31,18951.719215,19114.2834,1,114,14,14,3.61
76340,16,47,13416.496062,13821.627251,1,112,6,6,1.53
76341,1,32,15668.314706,16180.963357,1,111,9,9,2.82
76342,43,40,27720.361125,28985.794005,1,106,14,14,2.25
76343,2,34,17311.232884,17578.087747,2,115,4,4,1.22
76344,11,43,10274.533709,10217.641949,2,111,7,7,1.47
76345,8,29,26305.81196,27717.519094,1,113,4,4,0.64
76346,6,32,14794.01056,0,2,113,4,4,0.82
76347,32,32,26003.811546,27867.791772,1,110,5,5,1.74
76349,38,38,26546.49976,28456.28301,1,113,4,4,1.19
76350,7,34,13734.053828,14544.085501,2,111,8,8,3.18
76351,43,43,27317.354393,29513.746215,1,111,2,2,0.54
76352,17,58,63790.285662,68455.951146,1,116,15,15,4.9
76353,80,80,15898.513571,16137.328035,1,108,9,9,3.07
76354,54,54,20270.23083,20010.268669,1,111,4,4,0.65
76355,14,39,16347.70089,16016.869319,2,116,6,6,1.26
76356,23,21,29340.049115,30240.979844,1,112,3,1,0.17
76357,14,40,11775.100709,11536.805728,1,116,6,6,0.94
76358,0,27,5744.366731,5709.048809,1,118,14,14,4.04
76359,6,48,16118.596268,16723.722538,1,108,6,6,1.33
76360,3,41,7365.691277,7960.545524,2,118,15,15,3.63
76361,2,47,35798.356643,38598.944276,1,111,9,9,1.99
76362,1,22,14133.800304,14311.433223,2,109,12,6,1.67
76365,55,46,21091.913688,21041.062727,1,116,14,14,3.57
76366,37,56,26003.858466,25821.299917,2,113,6,6,0.65
76367,42,42,101070.363063,103594.056156,2,105,14,14,4.04
76368,0,28,5416.688143,5383.384878,2,118,4,4,0.54
76369,31,31,16074.414331,16687.683018,1,115,6,5,2
76370,4,35,59906.554622,0,2,113,14,14,3.77
76371,18,46,64733.175654,64613.798417,1,113,15,15,3.63
76372,42,42,58182.339556,60454.149,1,105,9,9,1.51
76373,20,52,90245.717499,91249.487194,2,113,15,15,3.58
76374,9,62,9296.783997,9560.768419,1,106,7,7,1.74
76375,30,30,41724.452135,43844.975628,2,111,5,5,1.27
76376,56,56,22623.573158,22584.735151,2,113,6,6,0.65
76377,36,36,19211.134195,20206.205749,2,109,7,7,1.77
76378,4,43,48259.869004,51719.878656,2,112,10,10,2.03
76379,1,39,10526.744607,10660.791045,1,110,15,15,3.48
76380,58,58,20391.44855,20136.356852,1,114,2,2,0.32
76381,21,21,27971.682978,28822.358703,2,105,3,3,0.64
76383,23,48,99429.770418,100535.690933,2,112,10,10,2.51
76384,50,50,19576.245693,19219.475623,2,111,5,5,0.56
76386,2,31,11884.44136,13703.922699,1,106,6,6,0.95
76387,25,61,32250.202365,33230.996559,1,108,14,14,3.84
76388,43,43,14878.09611,15459.031829,1,108,6,6,1.2
76390,23,48,34020.358384,40965.291934,1,104,2,2,0.7
76391,80,80,28890.44725,32442.974265,2,109,3,3,1.11
76393,8,37,7724.805337,7679.649067,2,104,9,9,1.72
76394,12,46,15561.480412,15102.980095,1,109,6,6,0.76
76395,71,68,18655.901752,20230.569183,2,108,7,7,1.89
76396,2,34,8188.554198,8291.467551,2,106,15,15,5
76397,69,64,18814.734899,18602.012788,2,112,4,4,1.08
76398,15,33,19070.308041,18684.378544,2,111,3,3,0.36
76400,61,61,10077.931584,10259.018882,1,108,14,14,3.84
76401,18,52,9426.605819,10733.341866,2,107,6,6,1.59
76402,80,78,26069.702142,26461.299881,1,108,2,2,0.42
76403,59,59,25019.610303,27549.005209,1,112,1,1,0.26
76405,50,50,93422.475223,102867.160015,1,114,14,14,5
76406,36,35,19048.334053,20734.606491,1,104,6,6,0.95
76408,48,66,26354.381238,26290.842878,1,115,3,3,0.33
76409,20,22,37288.356252,38422.370945,2,118,3,3,0.59
76411,63,63,19694.017421,20256.47875,1,109,4,4,1.1
76412,31,65,32828.619798,33144.365836,2,115,14,2,0.8
76413,66,66,26799.72415,28689.850147,2,115,3,3,1
76414,6,28,19712.374348,19912.297852,2,107,4,4,0.63
76415,25,25,27104.458963,28738.645507,1,106,5,5,0.8
76417,4,29,9287.151274,9583.816408,1,112,5,5,1.45
76418,40,40,25060.925719,25771.307017,2,114,15,15,5
76419,7,32,7687.580325,7565.421169,1,112,2,2,0.41
76420,2,30,38325.539189,39217.664318,2,107,7,7,1.51
76421,0,38,10045.159699,13142.747026,2,105,15,15,3.75
76422,69,50,14047.62396,14553.021693,2,113,12,8,4.28
76423,74,74,42149.132776,42495.144172,2,114,9,9,5
76424,60,61,122311.138601,124974.01979,2,109,10,10,4.13
76425,29,24,33552.013091,34755.976323,1,114,14,6,2.44
76426,3,40,10780.991036,11159.584925,2,114,1,1,0.02
76427,37,37,20256.896953,21643.793634,1,112,8,8,3.22
76430,1,41,6727.363637,0,2,111,1,1,0.07
76431,13,40,17383.702326,17002.433037,1,106,14,14,2.25
76432,18,46,21654.672314,28758.977473,1,108,6,6,1.47
76433,44,40,31153.847668,33378.645175,1,113,4,4,1.16
76435,69,66,25866.182571,25919.502686,1,114,14,14,4.84
76436,78,78,70688.504386,71731.427149,1,110,6,6,2.61
76437,64,63,18814.734899,19345.626754,2,112,3,3,0.89
76438,59,59,97710.747222,0,1,107,6,6,1.93
76439,28,45,32322.174729,34438.569802,1,118,6,6,0.56
76440,49,54,82753.379148,83168.482489,1,115,14,14,5
76441,7,46,12483.029565,16621.931205,2,106,15,15,5
76442,78,78,51836.76364,56280.682789,2,105,10,10,4.45
76443,63,52,20871.929909,22395.838956,2,116,2,2,0.29
76444,51,58,76567.994811,78258.550119,1,116,15,15,4.9
76445,5,33,6577.206272,6787.305981,2,110,4,4,0.59
76446,46,46,79004.83557,83105.814437,1,116,6,6,2.18
76447,80,80,45775.755656,50060.019956,2,109,7,7,3.08
76448,15,38,13135.017904,0,2,114,4,4,0.68
76449,0,40,10167.109106,10463.272348,2,109,10,10,2.33
76451,34,62,13377.626277,13587.832734,1,118,5,5,0.7
76452,2,43,37265.589178,36981.591818,2,109,14,14,2.94
76453,42,42,59610.193774,61937.75575,2,114,15,15,5
76454,16,41,18276.603964,17941.366447,2,111,15,15,5
76455,69,69,14361.229012,14853.64975,1,114,2,2,0.75
76456,7,42,41856.475622,42285.141873,1,112,8,8,1.92
76457,4,41,22501.895901,23150.98817,2,118,15,15,5
76458,17,43,18572.447328,18552.531972,2,115,6,6,1.07
76459,33,48,26084.032439,27486.597183,1,114,5,5,1.29
76460,2,23,12156.474546,0,1,104,6,6,1.54
76461,52,52,25387.099737,26595.444729,2,109,4,4,0.47
76462,0,36,6143.001417,6284.807577,1,109,3,3,0.32
76463,6,45,33525.39287,33868.737699,2,113,15,15,5
76464,33,32,55514.676606,58839.914138,1,110,14,14,3.26
76465,71,71,46865.504432,47329.12072,1,105,7,7,2
76466,39,18,36433.531882,35657.503123,1,109,6,6,0.89
76467,5,26,8994.003713,9309.844328,1,108,1,1,0.02
76468,73,73,18167.40798,17858.735151,2,115,10,10,4.45
76469,72,62,13023.451149,12876.206129,1,111,6,6,1.19
76471,2,36,16032.989245,18786.166634,2,116,4,4,0.64
76472,52,57,14212.232209,14493.894723,2,106,9,9,4.07
76473,4,30,12383.790015,12541.48387,1,112,4,4,0.97
76475,72,72,30251.307625,0,1,115,4,4,1.61
76476,39,39,23323.522188,24508.872126,2,107,8,2,0.56
76477,73,73,14241.691039,14560.951897,1,118,8,8,2.56
76478,4,51,9474.2,9818.366258,1,104,15,15,5
76479,14,37,42444.184622,42404.92703,1,110,15,15,3.17
76480,24,52,56226.049747,56489.556455,1,114,15,15,4.06
76481,67,71,12998.5685,12979.35528,1,106,15,15,3.17
76482,42,42,31782.111792,35445.00847,1,111,6,6,2.79
76483,12,45,17696.376422,17308.249386,1,109,14,14,2.25
76484,63,63,8080.327441,8364.187716,2,117,7,7,1.68
76485,12,33,10813.424761,11643.978715,2,110,3,3,0.52
76486,24,45,21122.318941,21811.172429,2,117,6,6,1.11
76487,23,23,34291.946353,35653.18322,2,111,6,6,1.07
76488,41,38,24418.408725,24105.246908,1,118,5,5,0.73
76489,39,38,36665.472747,39059.305568,2,111,10,10,2.33
76490,68,68,138843.957194,139762.573933,2,109,10,10,4.45
76491,23,23,36093.699481,37202.011293,1,115,7,4,1.31
76492,55,55,103561.720586,0,2,109,15,15,5
76494,29,29,21814.112075,22770.256608,2,104,5,5,1.06
76495,3,30,8410.479473,9322.695499,2,115,5,5,0.51
76496,23,23,33293.394398,35286.01549,2,107,2,2,0.3
76497,7,32,9794.027172,9871.125849,1,117,8,8,1.42
76498,6,32,8642.774077,10940.636403,2,104,7,7,1.47
76499,7,26,11913.818655,11770.647444,2,115,3,3,0.53
76500,20,53,111249.667369,113696.157603,1,105,15,15,5
76501,9,32,11064.840764,11014.847444,1,114,7,7,1.27
76503,15,60,9426.605819,10467.266596,2,107,15,15,5
76504,3,40,7704.767564,8042.879813,2,112,7,7,1.68
76505,14,33,10239.294743,10428.140197,2,105,5,5,0.75
76506,20,46,48151.370423,50876.544847,2,105,6,6,1.26
76507,2,34,13138.595293,13826.450856,2,113,14,14,3.22
76508,55,55,59942.415075,69921.357362,2,106,5,5,1.71
76509,24,23,21205.157853,21871.943842,1,117,12,2,0.44
76510,52,64,31421.038424,33536.2843,1,113,3,1,0.04
76511,52,52,25518.923933,26283.213369,1,108,4,4,1.16
76512,13,42,20816.1742,20879.948573,2,111,5,5,0.9
76514,26,29,28554.389266,30998.835416,2,110,9,9,3.81
76515,72,72,18378.979782,18068.693101,1,110,3,3,0.92
76516,2,41,8368.979847,0,2,111,1,1,0.07
76517,11,55,19880.134147,0,1,113,1,1,0.02
76518,47,47,31330.943021,31892.623008,2,105,3,3,1.03
76519,17,41,13623.7203,13947.916545,2,111,1,1,0.07
76520,9,31,11183.784851,11297.211139,1,118,9,9,2.42
76521,14,42,8409.26481,8212.47825,2,104,10,10,2.19
76522,13,29,13849.196172,14018.896064,2,116,1,1,0
76524,18,57,13880.891735,14633.359188,1,104,15,15,4.67
76525,17,44,8780.18123,9253.101806,2,104,7,7,1.82
76526,7,44,8539.394435,9323.885214,2,106,15,15,4.38
76527,68,68,94768.369007,95142.071626,2,106,10,10,4.13
76528,43,73,13741.675082,14309.869634,2,106,15,15,4.3
76529,18,42,7378.953829,7807.970363,2,117,7,7,1.82
76530,80,80,21427.421267,22168.974055,2,114,4,4,1.32
76531,80,50,26176.852831,29256.803372,1,115,15,5,1.91
76532,38,38,34435.724348,37417.779895,2,115,3,3,1.24
76533,67,67,17250.326237,18730.26364,1,106,7,7,2.84
76534,52,52,14583.777666,14440.09554,1,118,5,3,1.11
76535,2,32,8584.020147,8691.903697,1,117,8,8,1.42
76536,37,37,14433.378178,14905.615352,2,109,15,15,5
76537,15,38,18271.814003,17871.066141,1,111,2,2,0.29
76538,1,41,14810.13557,15461.35721,1,109,10,10,3.33
76539,36,36,46735.061615,47913.99307,2,110,15,15,5
76540,69,69,86888.442321,87231.071816,1,107,9,9,3.87
76541,26,26,39140.447471,41614.381637,1,108,6,6,1.93
76542,64,64,8143.343494,8375.917463,2,118,6,6,0.68
76543,40,40,20967.80665,21491.365755,1,108,6,6,0.71
76545,2,25,9423.39555,9754.315032,2,116,2,2,0.38
76546,7,45,9969.757272,10616.755627,1,107,14,14,2.11
76547,16,47,12287.007439,12028.667394,1,104,15,15,5
76548,62,62,9918.654347,9880.52892,1,114,8,8,2.77
76549,74,74,12475.828207,13267.906234,2,105,2,2,0.85
76550,70,54,12172.957045,13105.407795,2,106,6,6,1.91
76551,56,59,18154.609898,18209.681816,2,104,15,15,5
76552,31,36,36950.611488,36163.56901,2,116,4,4,0.64
76553,22,50,68799.696185,79495.059,2,107,15,2,0.51
76554,10,68,13992.664963,13932.779664,2,107,15,15,3.89
76555,2,61,16856.63639,19751.250081,2,115,9,9,2.04
76556,45,43,15816.48206,15754.309479,1,118,9,9,1.97
76557,54,49,25877.858263,25776.13569,1,109,5,5,0.74
76558,64,73,15875.841315,16706.048666,1,118,14,14,3.84
76559,15,46,16685.691495,18472.558003,1,110,6,6,1.09
76560,57,57,12326.811131,13082.130141,1,118,8,8,3.22
76561,61,61,13073.261484,13088.560124,1,108,3,3,0.47
76562,2,40,10916.993369,11577.486163,2,112,5,5,0.45
76563,16,41,16600.853811,16684.138485,1,107,15,15,5
76564,2,21,11983.624369,12954.63602,1,109,8,8,1.52
76565,80,68,43615.875,46236.878259,2,105,14,14,5
76566,4,33,16365.936561,17425.584491,1,111,8,8,1.91
76567,20,20,54401.539794,56072.021624,1,105,15,7,3.48
76568,64,64,17723.478287,17878.656078,1,114,10,10,4.64
76569,45,47,33635.182499,33203.817173,2,113,4,4,0.8
76570,3,75,9099.734858,9390.413236,2,110,5,5,0.48
76571,57,57,31463.897254,31060.378281,1,106,14,14,4.84
76572,6,43,42091.935293,42908.412459,2,112,10,10,2.03
76573,41,42,91441.804782,92018.791395,2,105,14,14,4.04
76574,38,38,23015.093413,24375.856532,1,118,5,5,0.63
76575,69,69,66723.442273,66172.158995,1,117,15,15,5
76576,80,80,24635.680812,26116.109662,1,104,14,14,5
76577,23,47,32145.74355,33224.684936,1,114,6,5,1.02
76578,43,44,37929.243164,38430.421832,2,109,8,6,2.57
76579,16,33,10813.424761,11643.978715,2,110,3,3,0.52
76580,71,71,27080.287892,29994.509667,1,110,7,7,2.39
76581,13,36,38931.589883,39876.953167,2,106,10,10,2.58
76582,3,25,11317.702816,11536.725085,2,108,9,9,2.78
76583,15,45,8395.163646,8449.373107,1,118,5,5,0.56
76584,49,49,25595.137195,25274.948711,2,106,15,15,5
76585,6,26,11923.587281,13020.145809,2,108,9,9,1.88
76586,45,45,27191.901215,29478.960551,2,105,2,2,0.82
76587,62,62,9072.365974,9320.726604,1,107,15,15,3.79
76588,13,37,14176.393822,13758.703416,2,112,5,5,0.56
76589,38,38,17422.87721,18695.061445,2,112,3,3,1.11
76590,67,67,14469.499359,14402.162375,2,114,8,8,4.28
76591,28,56,104953.581127,107261.614196,1,111,15,15,5
76592,5,51,11085.409261,11623.163766,1,118,15,15,5
76593,76,76,21243.547641,21723.869585,2,112,2,2,0.73
76594,10,40,44589.412552,45046.06773,1,114,15,15,5
76595,11,40,8790.798024,9272.17779,2,111,2,2,0.16
76596,46,47,91441.804782,92018.791395,2,105,8,8,2.2
76597,41,33,113405.908888,113062.609818,1,105,5,5,0.89
76598,40,40,28509.568141,28143.937922,1,117,9,9,2.55
76600,40,34,24192.767674,27186.625753,1,113,1,1,0.03
76601,39,36,43319.182361,45913.92991,2,106,10,10,2.58
76602,40,40,25641.215296,25320.450387,2,114,3,3,0.7
76603,12,55,23022.757956,23566.089798,1,113,1,1,0.02
76604,61,61,21716.956264,22543.096002,1,108,5,3,1.1
76605,12,56,11492.995472,12471.779745,2,117,4,4,0.49
76606,57,57,15152.378708,16392.743306,2,110,15,15,5
76607,2,23,17620.795588,18197.327095,2,111,2,2,0.35
76609,21,21,18235.900105,20535.41919,2,117,4,4,0.5
76610,7,47,5403.357869,7112.713883,2,117,5,5,1.27
76611,16,44,17893.43236,17500.98338,2,115,5,5,0.89
76612,62,62,15599.966039,15527.645801,1,110,15,15,4.25
76613,32,32,21488.315802,22603.082785,1,104,15,15,5
76614,41,41,91249.402337,91747.79432,2,113,15,15,5
76615,69,69,35067.655045,35354.829024,1,115,6,6,1.81
76616,69,72,79840.680841,80368.921229,2,105,14,14,5
76617,18,18,13251.194129,13645.448682,1,108,5,5,0.85
76618,9,36,8928.672861,9470.833993,1,111,14,14,2.9
76619,31,31,39326.824047,43435.945311,1,105,3,3,0.96
76620,3,51,13254.995996,15458.727685,2,115,3,3,0.48
76621,1,19,8807.307751,9072.644492,1,114,3,3,0.72
76622,22,60,32950.821265,33378.756231,2,114,6,6,1.05
76623,41,50,35862.473154,36336.342523,1,106,6,6,1.28
76624,51,51,30130.547243,31763.490549,1,114,4,4,1.48
76625,10,40,9901.746684,10163.253649,1,108,6,4,0.7
76626,51,63,130319.531266,130773.233853,2,112,14,14,5
76627,76,52,20864.653362,20988.055997,1,111,5,5,1.04
76628,2,29,15632.204481,15597.49326,1,106,7,7,1.27
76629,25,25,30564.708856,31126.675814,2,112,14,14,3.79
76630,39,39,24820.049485,25264.148319,2,108,2,2,0.71
76631,80,80,31920.554865,33134.217041,2,116,4,4,1.54
76632,49,49,13262.997143,13663.200776,1,117,10,10,4.64
76633,48,48,20451.498563,20766.619579,2,107,15,15,5
76634,43,43,19814.071249,20456.868751,2,112,7,7,1.25
76635,59,59,12326.811131,12698.765867,1,118,15,15,5
76636,29,29,26359.330998,26349.916668,2,114,6,3,0.76
76637,42,48,14116.266435,14073.534083,2,106,7,7,1.82
76638,63,63,13036.074129,13408.384533,1,109,7,7,3.05
76639,43,68,19466.287321,19419.355619,2,105,1,1,0.08
76640,6,25,13556.849442,13734.025881,1,113,7,7,1.2
76641,42,43,24192.767674,24119.532032,1,113,5,5,0.87
76642,40,51,21980.318578,22889.166822,2,105,9,9,2.52
76643,41,50,24110.527621,23808.911214,2,108,14,14,3.37
76644,10,25,20425.791465,20632.950468,1,106,6,6,1.07
76645,52,52,114630.838071,123229.299235,1,115,8,8,4.53
76646,1,51,12535.174878,13293.569832,2,110,4,1,0
76647,8,39,51396.579214,53201.315736,1,113,3,1,0.26
76649,59,59,16555.780125,17030.362122,2,104,3,3,1.14
76650,8,28,28754.43971,30153.158914,2,109,6,6,0.78
76651,0,32,6867.345763,6679.373037,1,104,15,15,5
76652,3,38,16770.509595,17584.048986,2,107,7,7,1.5
76654,45,45,113405.908888,119172.844185,1,105,15,15,5
76655,64,64,12395.031073,12672.894723,1,104,2,2,0.7
76656,23,24,76245.355111,78623.203087,2,112,7,7,2.02
76658,9,22,29357.00911,29740.680137,1,114,2,2,0.31
76660,74,74,29184.864994,29713.65585,2,104,3,3,1.03
76661,9,39,9026.243656,8970.432253,1,112,15,15,5
76662,12,53,18022.894449,17627.606033,1,106,3,3,0.45
76664,0,26,20232.999616,22264.5416,1,115,7,7,2
76665,44,41,113405.908888,114121.486313,1,105,15,15,5
76666,65,65,17155.864026,17190.899055,1,116,3,3,0.67
76667,52,52,110829.633023,113181.198116,1,104,15,15,5
76668,45,46,92357.351149,92820.629452,2,109,15,15,5
76669,63,48,7037.582072,7279.634949,2,118,9,9,1.68
76670,49,49,128072.163627,128881.502084,1,105,10,6,2.61
76671,40,39,25462.93301,25144.398365,1,116,15,15,3.96
76672,45,50,35321.251082,36029.766839,2,115,3,3,0.51
76673,80,73,33888.033134,34636.210604,2,106,14,14,5
76674,42,73,20441.396758,20196.082396,1,109,5,5,0.67
76675,48,48,15899.290863,16617.604867,2,104,15,15,5
76676,41,41,22176.810058,21892.396353,2,106,8,8,1.25
76677,18,23,17318.160418,16807.901635,2,111,6,6,1.07
76679,69,69,24522.638098,24643.740068,1,116,4,4,1.67
76680,61,62,64433.423473,64604.238845,2,112,15,15,4.84
76683,15,39,18614.702504,19025.737955,2,115,3,3,0.42
76684,47,47,89859.890656,97417.835952,1,104,7,7,3.31
76685,4,39,16169.558344,17479.748738,1,106,10,10,2.54
76687,79,79,11824.556541,13167.023746,2,106,5,5,2.1
76688,68,68,107501.141396,109112.678946,1,114,7,7,3.05
76689,69,69,64249.082614,0,1,110,7,7,3.05
76692,58,52,113951.043264,116317.252234,2,115,9,9,3.5
76693,7,33,5832.070181,5816.803662,1,118,5,5,0.56
76694,8,29,18205.463881,18391.912163,1,114,7,7,1.7
76695,80,80,14622.538888,0,2,104,4,4,1.37
76696,7,45,8790.798024,8753.175487,2,111,1,1,0.13
76697,24,48,71163.092077,75354.984166,1,114,6,6,1.4
76698,66,70,7425.113535,7440.276809,1,118,8,8,1.56
76699,16,44,11596.149818,12557.243419,1,112,6,6,1.93
76700,53,53,21423.46123,21148.709091,2,118,4,4,0.8
76701,3,28,15359.407592,15898.780812,2,108,6,6,1.07
76702,62,62,10117.475546,10985.472492,2,112,4,1,0.26
76703,36,36,19211.134195,20613.893438,2,109,5,5,2.06
76704,50,50,28454.754367,29293.321973,2,105,4,2,0.6
76705,50,50,26270.671637,26472.201055,1,106,6,6,1.28
76706,60,60,7775.941732,7764.225598,1,104,8,2,0.52
76707,46,46,32300.283531,32244.833464,1,108,5,5,1.35
76708,23,23,36346.250689,37132.730041,2,111,1,1,0.05
76709,74,74,83918.343235,83886.782345,2,111,6,6,1.59
76710,1,28,8365.21694,8796.125523,1,104,15,15,5
76711,11,38,5221.14545,5256.213858,2,104,9,9,3.18
76712,36,28,106819.654572,118128.052992,1,105,15,15,5
76713,2,29,13330.65674,15546.967533,1,115,3,3,0.72
76714,72,73,20930.26726,21120.247321,1,109,5,5,0.67
76715,74,74,9918.956424,10143.226518,1,114,6,6,1.93
76716,18,43,35774.073064,44923.569967,1,105,5,5,1.02
76717,0,47,6998.55619,7455.979685,1,108,14,14,2.53
76718,40,42,24002.615607,23929.955587,2,115,5,1,0
76719,39,44,18899.821202,18564.233469,2,106,8,8,1.79
76720,15,46,15200.883115,14908.215917,1,107,6,6,1.27
76721,9,35,17107.698325,17439.544437,2,112,6,6,0.9
76722,73,73,95375.459747,93754.985704,2,115,15,15,5
76723,48,48,79969.743225,80406.527224,2,115,15,15,5
76724,13,42,7434.854994,8558.9272,2,117,6,6,1.62
76725,14,53,16921.62129,17225.813568,1,104,6,6,1.11
76726,0,36,6521.344688,6519.271213,1,118,15,15,5
76727,7,33,15733.231169,15662.145061,1,106,9,9,2.97
76728,8,20,9674.62887,10522.94508,2,111,5,5,1.25
76729,0,30,7441.878888,7298.249183,2,110,15,15,5
76730,58,58,28883.536459,30418.336026,1,113,4,4,1.21
76731,41,41,29058.926776,30552.586788,1,118,10,10,3.58
76732,19,45,17007.32113,16953.951872,1,106,14,14,3.61
76733,77,75,46988.470276,50559.292997,1,116,7,7,2.26
76734,80,80,47196.304429,48467.314606,2,106,8,8,3.18
76735,58,31,152364.716013,155528.590142,1,113,3,3,0.61
76736,30,30,21017.541729,22744.124332,2,104,15,15,5
76737,28,60,106064.510933,108396.974447,2,115,15,15,5
76738,63,37,16046.589066,16022.870558,1,112,15,15,5
76739,80,80,60081.374354,67327.766373,2,112,4,4,1.54
76740,40,40,68224.987026,70888.925449,2,104,15,15,4.19
76741,68,68,41630.359646,41871.946969,2,112,3,3,1.11
76742,40,40,15681.810271,15923.438921,1,117,15,15,5
76743,2,29,17053.373594,19378.409671,1,114,7,7,1.7
76744,5,57,7738.712668,8063.572659,1,117,9,9,2.18
76745,70,70,13232.460603,13082.852492,2,107,14,2,0.69
76747,80,80,14622.538888,15365.760336,2,104,3,3,1.2
76748,1,27,27218.887027,29348.283053,2,116,15,15,5
76749,7,34,18069.015491,18252.272,2,109,6,6,0.84
76750,9,38,12006.043856,12393.356589,1,116,4,4,0.54
76751,36,36,44489.657132,44786.006346,1,111,10,10,3.33
76752,4,26,11800.738037,11949.049142,1,118,1,1,0.02
76753,61,52,18397.696565,18470.244689,2,105,10,10,2.13
76754,76,76,14180.768061,14696.760276,1,112,15,14,5
76755,42,61,60181.614442,60483.494432,1,114,14,14,3.1
76756,44,49,20887.046854,22929.907399,2,117,4,1,0.15
76757,79,79,6577.387231,6827.022217,2,117,7,7,1.77
76758,15,44,18206.154518,19390.545785,1,109,6,6,1.43
76759,0,34,5776.381432,5922.386284,1,108,14,14,3.82
76760,16,64,9830.200555,9669.239951,2,118,6,6,0.68
76761,0,32,5923.098943,6059.828835,1,107,4,4,0.47
76762,3,27,16087.366398,16794.749601,1,109,6,6,1.16
76763,12,36,21218.503831,20593.326118,1,111,9,9,3.17
76764,61,64,13221.510637,13160.593855,2,108,15,15,5
76765,13,75,9926.319673,10026.416144,2,110,5,5,0.48
76766,11,34,7914.105806,7819.000102,1,117,6,6,1.28
76767,25,29,93806.110061,96731.621637,1,113,8,8,3.38
76768,7,27,39679.836977,41173.549489,1,115,3,3,0.61
76769,19,60,19621.351029,20525.725497,1,106,6,6,1.12
76770,7,25,13688.122226,13828.306891,2,113,5,5,0.67
76772,13,42,68627.088455,70708.618785,1,114,6,6,1.54
76773,60,60,9289.765852,0,1,114,2,2,0.73
76774,13,20,15752.903365,16097.523486,1,108,7,7,1.38
76775,3,36,58474.189479,59835.326072,1,106,15,15,5
76776,5,44,7536.17002,8144.792154,2,106,15,15,4.69
76777,29,29,35859.677501,37146.44778,2,109,14,14,3.14
76778,18,40,19805.786404,20879.435701,1,107,14,14,3.91
76779,71,66,15239.155551,15400.555144,1,111,5,5,1.02
76780,7,36,49542.862249,52448.949802,2,109,15,15,5
76781,1,34,19907.023126,21334.264715,1,113,1,1,0.03
76783,9,26,12442.343497,12821.211448,2,113,2,2,0.35
76784,11,38,29357.00911,31019.043755,1,113,2,2,0.28
76786,9,30,63389.589812,70976.826301,1,115,7,7,2.58
76787,11,43,16767.641059,17027.822275,1,111,14,14,3.82
76788,4,49,16198.000356,16401.576041,1,109,5,5,0.74
76789,71,76,40851.120848,40645.462633,1,116,14,14,5
76790,6,31,10671.081228,11017.280505,1,115,6,1,0
76791,15,35,18548.259591,19371.316418,2,104,8,8,2.1
76792,38,38,21831.139026,23030.876567,2,113,7,7,1.13
76793,45,45,20294.919152,21562.392199,1,118,8,8,2.1
76794,12,46,13071.749823,13781.57671,2,116,6,6,1.72
76795,11,47,7626.304479,7505.119024,2,114,6,6,1.04
76796,42,42,76100.779641,79072.239215,1,112,8,8,1.92
76797,60,64,14929.446508,15338.587226,2,117,3,3,0.64
76798,5,36,16342.801321,17061.416342,2,107,8,8,2.86
76800,18,41,23500.430267,23457.092112,1,113,3,3,0.47
76801,0,35,8189.103453,8138.754627,1,107,15,14,5
76802,57,49,19125.968907,20996.586977,2,117,4,1,0.39
76803,12,37,21348.448023,20991.322601,1,107,7,7,1.14
76804,10,54,26585.403827,29028.954665,1,117,10,10,2.36
76805,56,80,103561.720586,105759.076298,2,104,8,8,3.05
76806,14,54,29527.061308,30976.911469,1,108,7,7,1.78
76807,72,78,16202.02994,15928.496036,1,109,8,8,2.12
76808,4,47,14352.51152,0,1,107,7,7,0.8
76809,80,80,32304.087068,34083.519316,1,112,8,8,3.22
76811,27,50,21838.291237,22683.188609,2,118,8,8,1.81
76812,4,38,11744.584518,12996.796324,1,111,15,15,4.35
76813,31,31,17551.106895,0,2,104,5,5,0.84
76814,62,62,77910.3111,79078.255833,2,112,15,15,4.84
76816,30,52,24751.89737,0,2,116,2,2,0.29
76817,54,54,25710.824593,26363.644989,2,108,8,8,3.18
76818,80,80,35881.794253,37858.30025,1,110,8,8,3.22
76819,54,54,20136.11705,21784.447469,1,104,15,15,5
76820,46,46,27432.009915,30115.001491,2,108,3,2,0.74
76821,18,47,13784.7385,13650.211935,1,118,14,14,4.1
76822,16,61,19926.374763,19339.268079,1,109,6,6,1.2
76823,6,47,9482.85517,10076.594519,1,114,4,4,0.97
76824,57,57,26128.790074,28770.319168,2,109,3,3,1.03
76825,28,43,29199.756254,30520.060509,2,118,6,6,0.95
76826,23,52,90245.717499,91249.487194,2,113,15,15,3.58
76827,72,34,12757.3366,13043.322177,1,114,3,3,0.44
76828,40,56,15692.5815,15740.184868,2,117,5,5,1.11
76829,12,75,9813.566622,10047.094717,2,110,5,5,0.48
76830,10,44,49506.972973,51770.257606,2,113,15,15,5
76831,80,58,31005.33338,32454.726309,2,111,7,7,1.93
76832,5,35,54870.380381,60635.249918,1,113,14,14,3.61
76833,7,28,13732.557724,13670.511088,1,106,10,10,2.22
76834,16,44,10907.339188,10585.967548,2,110,6,6,1.03
76835,40,40,28751.601313,32065.230867,1,114,3,3,1.13
76837,40,40,16575.424742,17473.741348,1,107,15,15,4.35
76838,2,50,7889.091627,8220.26431,2,106,10,10,2.19
76839,6,28,10579.879323,10532.077162,1,104,5,5,0.96
76840,61,61,15890.836481,16435.704711,2,116,3,3,0.86
76841,6,36,52045.289608,55316.386667,1,106,15,15,5
76842,62,62,14291.724029,14525.01499,2,111,14,14,5
76843,59,36,19437.763178,19725.305018,1,114,4,4,0.54
76844,4,35,13300.057647,13700.746943,1,108,6,6,1.12
76845,17,49,42444.184622,45548.581556,1,110,15,15,3.96
76846,26,27,26603.078593,27412.132277,1,108,8,4,0.64
76847,35,59,17384.197529,18812.302368,1,117,15,15,5
76848,31,31,30106.853771,0,2,105,4,4,0.95
76849,79,79,14404.1694,14410.879298,1,116,5,5,1.4
76850,7,36,15968.816422,16470.579794,1,110,15,15,3.48
76852,0,25,6086.166679,5999.391685,1,112,8,8,2.56
76853,80,80,22208.518877,23039.372713,2,105,15,15,5
76854,36,36,83613.322042,87972.339791,2,109,15,15,5
76855,0,24,3793.89278,3748.417657,2,118,5,5,0.79
76856,20,20,89270.728172,89541.257559,2,116,6,6,1.26
76857,13,38,50772.674313,50410.812879,2,113,10,10,2.73
76858,8,65,33498.961645,33936.764452,1,114,5,5,0.65
76859,32,32,25894.090606,27482.399122,2,115,15,15,3.33
76860,60,60,13968.17501,13903.171049,2,105,7,7,3
76862,9,33,10345.355949,0,2,113,14,14,3.79
76863,39,36,66778.878489,68375.414495,2,104,15,15,5
76864,80,80,23481.097521,26368.461381,1,105,5,5,2
76866,11,43,8965.6736,8823.204959,1,116,8,8,2.21
76867,51,51,19683.281908,20247.515739,2,106,9,9,5
76868,55,55,25812.800108,27749.018695,2,114,6,6,2.57
76870,80,80,36855.990798,37848.533327,2,113,4,4,0.81
76871,70,70,22565.168491,25232.330748,2,106,9,9,3.81
76872,66,34,80692.867938,82574.305572,1,109,7,7,2.05
76873,5,40,18808.278634,19374.913466,2,116,5,5,0.84
76874,10,36,14805.876017,15287.53589,2,115,2,2,0.26
76875,4,28,13297.60351,17966.232866,2,105,6,6,1.2
76876,1,36,16070.066365,16595.859854,1,111,15,15,5
76878,30,30,108897.365863,113052.002114,2,111,7,7,3.6
76879,17,40,11775.100709,11536.805728,1,116,6,6,0.94
76880,62,62,16435.839651,16579.743531,1,112,14,14,4.84
76882,33,33,86688.344802,87968.647147,2,113,6,6,2.14
76883,7,29,15119.155092,15272.494027,1,115,8,8,2.12
76884,55,58,19634.895248,19389.267835,1,104,15,15,5
76885,51,50,89536.217554,90950.105175,1,115,15,14,4.4
76886,54,53,21229.284796,20957.022936,2,113,12,7,2.02
76887,11,34,19211.523342,0,1,111,14,14,3.26
76888,80,80,38030.363265,39453.135912,1,105,9,9,3.87
76889,65,65,21118.127311,21991.451519,2,111,14,14,5
76890,10,30,9620.989807,10271.828972,2,106,12,5,0.84
76891,20,55,58373.274406,59656.960453,1,105,14,14,2.27
76892,62,62,10551.463549,11559.399792,1,118,5,5,0.7
76893,60,60,96282.763956,95487.255273,1,116,6,6,2.96
76894,18,46,10120.793614,11379.67817,2,105,8,8,3.18
76895,14,38,11087.575359,10863.193961,1,108,7,7,1.33
76896,4,52,14079.456959,14573.882411,2,108,6,6,1.17
76898,19,39,13170.911099,14394.990267,2,106,8,8,2.53
76899,60,60,13214.274682,14007.01612,2,117,9,9,2.31
76900,25,55,36550.650062,38506.603907,1,109,5,5,0.87
76901,52,50,24417.281849,24111.828027,2,111,9,9,1.88
76902,56,22,25643.026959,27394.350156,1,111,15,15,5
76903,34,34,85949.927417,90401.841965,2,113,5,5,1.01
76904,17,50,50000.544949,51214.692111,2,112,15,15,4.48
76905,33,33,17198.16013,17184.111012,1,104,2,2,0.3
76906,10,34,8494.124203,8392.048279,2,114,5,5,0.72
76907,32,80,56828.521331,57273.299919,1,118,8,8,2.56
76908,22,24,42130.081862,43056.564038,1,108,12,1,0
76909,18,48,63722.125979,66951.836916,1,116,15,15,4.72
76910,10,40,5960.905529,7877.524613,2,117,7,7,2.54
76911,56,58,31421.038424,33536.2843,1,113,4,4,1.21
76912,74,70,10478.605164,10774.278006,1,111,4,4,1.01
76913,0,34,8089.327514,8659.789121,2,111,5,5,0.92
76915,63,70,12258.213681,12375.602168,2,106,15,15,5
76916,15,36,16417.941086,16057.853424,1,106,4,4,0.46
76917,80,80,14690.792779,15228.087827,1,112,4,4,1.23
76918,17,45,95044.378495,94869.103063,1,113,14,14,3.14
76919,37,34,106819.654572,113217.975633,1,105,14,14,4.61
76920,23,20,28836.917644,29235.207842,1,108,4,4,0.9
76921,64,39,14342.414178,14371.291865,2,115,3,3,0.31
76922,1,29,31168.24754,33606.611107,2,114,15,15,5
76923,33,33,17604.434533,0,2,104,15,15,5
76924,19,62,11464.429169,11445.485926,1,112,4,4,0.54
76925,58,58,31421.038424,32362.095649,2,107,2,2,0.52
76926,2,29,16270.122035,17035.319455,1,113,4,4,0.64
76927,11,36,9218.598504,9107.816398,1,112,6,6,1.16
76928,57,57,148651.038838,149721.598413,2,109,15,10,5
76929,19,52,58894.103815,63201.659183,1,114,15,15,4.06
76930,5,38,22602.894766,23249.353711,2,112,1,1,0.18
76931,80,80,16207.51728,16845.325597,2,109,4,4,0.95
76932,73,73,12296.327439,12497.046543,1,111,6,6,2.06
76933,4,43,15412.907125,15877.249992,2,114,5,5,1.06
76934,41,41,94164.832792,96516.097108,1,106,15,15,3.63
76935,43,43,22662.713558,23068.995381,1,104,10,7,3.05
76936,12,50,13081.902358,13142.302561,2,114,2,2,0.38
76937,39,39,84120.656677,84779.042044,1,110,9,9,3.55
76938,16,38,10195.349076,9894.955369,1,118,5,5,0.63
76939,8,43,11001.090872,11349.479023,2,114,15,15,5
76940,21,24,99863.562648,99264.60332,1,114,15,6,2.96
76941,78,80,54972.041423,55286.013576,2,107,6,6,1.93
76942,39,41,42234.695086,0,2,109,6,6,1.04
76943,10,35,42846.479497,43406.446377,2,106,15,15,5
76944,64,64,11754.738636,12159.034923,2,113,2,2,0.61
76945,53,53,22859.754728,24398.660008,2,116,4,4,0.85
76946,3,22,6903.525397,7124.048916,1,112,14,14,3.84
76948,11,34,10610.987219,11147.892376,1,118,5,2,0.38
76949,14,46,15545.115929,15475.978453,1,108,4,4,0.58
76950,36,36,66711.620307,70619.433759,1,111,15,15,4.35
76951,80,80,14989.075718,15876.331204,2,117,5,5,1.75
76952,1,42,32249.34322,32003.574173,2,107,14,14,2.24
76953,41,43,20986.439254,22984.487046,2,113,15,15,5
76954,48,48,35988.603336,37020.239605,2,111,4,4,1.54
76955,38,37,16872.574885,18366.236111,2,104,9,9,1.72
76956,16,36,19892.347342,19306.243236,1,111,3,3,0.61
76957,7,30,12054.099375,11909.242377,2,115,8,8,1.43
76958,57,27,19525.577529,20416.919012,1,108,14,14,3.09
76959,12,41,15870.247154,16342.424766,1,106,1,1,0.03
76960,59,59,14563.445084,15524.663216,2,118,3,3,0.84
76961,18,55,63138.021552,65509.041464,2,109,8,8,1.79
76962,3,31,14055.660701,14716.710156,1,112,4,4,0.4
76963,39,39,29318.115478,31116.449051,1,105,15,15,5
76964,16,45,53228.818259,53130.656702,1,112,15,15,5
76965,35,29,19814.69502,21960.980347,1,109,15,15,5
76966,48,51,18845.22475,19177.273415,2,106,15,15,5
76967,3,34,14520.052383,16143.450323,1,116,2,2,0.31
76968,34,34,56614.708626,65162.154985,2,109,6,6,0.84
76969,52,52,100925.096958,99930.763883,2,113,9,9,3.81
76970,19,49,11690.923303,12478.768307,2,112,9,9,2.15
76971,6,38,8018.518452,8382.423146,1,118,14,14,3.77
76972,57,57,21027.325599,22108.152694,2,107,8,8,1.65
76973,65,65,69977.962902,69399.790082,1,117,15,15,5
76974,38,38,57743.051354,63776.419312,2,109,9,9,5
76976,12,27,14191.761385,14406.553309,2,108,6,6,1.09
76977,69,69,11957.886606,12137.782649,1,116,12,5,1.74
76978,18,18,15900.406629,16126.368704,2,108,12,1,0.3
76979,23,42,16398.380721,17532.200076,2,118,8,8,1.56
76980,1,45,27248.679748,30111.519093,1,110,15,15,5
76981,6,35,8041.064157,8520.353249,1,112,3,3,0.51
76982,8,41,9447.088056,9896.520678,2,104,14,14,3.05
76983,11,46,12251.342399,13031.371389,2,108,15,15,4.69
76984,43,43,103133.570841,105572.880642,1,115,5,5,1.42
76985,80,80,30930.093041,34660.559958,2,105,15,15,5
76986,2,26,17074.751354,17903.049548,2,109,5,5,0.88
76987,33,33,22579.993369,22099.0429,1,117,4,4,0.47
76988,67,67,14746.098191,15588.414062,1,117,14,14,5
76989,9,61,11718.871808,11892.097589,1,111,5,5,1.02
76990,21,21,78766.187267,83274.538436,1,112,15,15,5
76991,80,80,38908.626538,40396.134614,2,107,6,6,1.88
76992,67,49,13474.095754,13694.040159,2,106,15,15,5
76993,16,37,14359.14917,14576.474504,1,114,14,14,2.37
76995,15,45,15752.903365,15808.097956,1,108,9,9,1.99
76996,36,54,35598.689428,36518.054428,1,117,12,3,1.04
76997,18,36,14909.95275,14582.93915,2,105,8,8,1.63
76999,19,41,69002.013102,68510.229524,1,116,15,15,5
77000,55,57,106720.010705,108936.066296,2,116,14,14,5
77001,40,54,18621.961603,18565.589742,2,112,5,5,0.86
77002,16,36,22844.522355,22919.402423,1,111,14,14,3.45
77004,80,53,15080.329818,15986.55017,1,104,15,15,5
77005,4,49,8207.825691,8326.332456,1,108,6,6,1.16
77006,34,38,30865.768548,31005.12591,1,117,6,6,1.54
77007,45,45,17192.441605,17732.866217,1,117,7,7,1.78
77009,10,45,34193.710916,34543.900216,1,116,15,15,5
77010,44,44,33880.523189,33446.011412,1,111,3,3,0.69
77011,63,63,18448.672498,18409.340312,2,111,9,9,5
77012,80,80,22208.518877,24769.485665,2,105,15,15,5
77013,25,55,45484.281501,46049.388149,2,106,15,15,5
77014,52,52,27252.596772,27661.675058,1,115,8,8,3.92
77015,67,70,12673.954477,0,1,118,15,15,5
77016,20,20,44226.961684,49931.139793,2,111,6,4,1.56
77017,34,34,84120.656677,85549.063819,1,110,9,9,2.82
77018,4,46,24641.81842,0,1,109,15,15,5
77019,28,28,24228.317161,25018.465289,1,114,6,6,1.36
77020,47,43,66076.325643,70835.594683,1,116,8,8,1.81
77021,43,43,28451.828786,29174.245683,2,116,6,6,2.18
77022,54,80,21657.586678,21859.160435,1,106,3,3,0.85
77023,65,65,47250.305652,51134.600532,1,104,9,9,5
77024,25,57,23397.254422,23181.397451,2,114,10,10,2.94
77025,55,39,21018.835537,22157.965865,2,112,9,9,2.15
77026,14,50,21149.230095,22936.812402,1,109,14,14,3.82
77028,54,28,25036.640787,25407.006538,2,116,2,2,0.29
77029,48,48,31213.217323,31671.638032,1,109,2,2,0.52
77030,70,70,12970.950454,13351.019826,2,105,4,4,1.29
77031,6,26,10932.567906,11221.29905,2,111,2,2,0.34
77032,57,57,22430.48913,22149.889567,2,114,15,15,5
77033,21,26,20846.836154,21079.18217,1,112,7,4,1.31
77034,1,36,8594.465967,8760.787656,2,105,6,6,0.69
77035,64,64,10002.015537,10028.765144,1,108,8,8,2.12
77036,12,27,18719.332815,18776.683108,1,109,5,5,0.7
77037,9,33,13355.718826,13787.91105,1,106,8,8,1.34
77039,16,29,16409.388061,16515.891175,1,107,4,4,0.71
77040,80,75,53258.809072,54693.084259,2,115,8,8,3.31
77041,73,73,20564.200441,21312.465083,2,115,7,7,2.69
77042,6,24,13079.076751,13211.725148,1,116,6,6,1.59
77043,60,60,28228.248455,29812.289129,1,117,4,4,0.98
77044,2,23,9313.493495,9447.964185,2,115,5,5,1.11
77045,30,30,26575.552863,28004.547157,1,112,4,4,1.06
77046,62,62,106540.964522,106961.090328,2,113,7,7,2.23
77047,28,28,27264.501162,29122.658211,2,104,7,7,3.17
77048,1,20,28814.081083,31841.386838,2,112,1,1,0.13
77049,66,66,12381.665077,13302.519319,1,118,8,8,2.58
77050,31,31,24139.543137,24328.475589,2,111,3,3,0.63
77051,21,21,31991.897986,32964.836619,2,110,3,3,0.73
77052,12,33,10295.038595,10086.695917,2,110,4,4,0.59
77053,8,38,19928.602828,21653.459166,1,107,5,5,1.13
77054,54,54,15902.418122,16147.445944,2,106,15,15,5
77055,45,45,31548.827944,31707.081589,2,107,4,4,1.04
77056,16,37,11713.301479,0,1,104,6,6,1.06
77057,80,80,53754.49049,56182.394718,2,109,7,7,2.23
77058,17,43,15096.13109,16372.091337,1,107,14,14,3.82
77059,6,34,7914.105806,7819.000102,1,117,6,6,1.28
77061,3,44,10759.371831,11410.32831,2,110,6,6,1.03
77062,1,31,39617.702346,45019.131378,2,108,8,8,2.1
77063,69,70,41467.402647,41672.184209,2,112,7,7,1.77
77064,2,30,40470.877023,41395.050587,2,113,14,14,3.05
77065,6,24,12834.292027,13549.200397,1,110,5,5,0.73
77067,67,72,74311.781717,73697.801964,1,115,8,8,3.03
77068,15,38,20868.698041,21288.333285,1,111,7,7,1.79
77069,0,37,5925.859962,0,2,106,15,15,5
77070,30,30,22764.001768,24127.527915,2,109,6,6,1.05
77071,14,40,14705.30382,14428.650563,1,107,10,10,2.36
77072,70,70,75541.091292,81281.730296,2,109,2,2,0.71
77073,67,67,39555.85888,39394.944975,2,108,3,3,0.9
77074,58,58,29640.126601,30489.779736,2,113,7,7,3.43
77075,42,42,31971.081932,32612.396003,1,107,15,15,5
77076,35,35,25096.538417,26446.004611,2,111,14,14,3.79
77077,50,51,15738.592398,16184.721237,2,117,12,5,2.06
77078,4,37,8211.071049,9468.167626,2,106,6,6,1.18
77079,2,25,8655.148873,8822.644908,2,108,9,9,2.78
77080,26,41,46890.734126,47983.596231,1,113,3,3,0.59
77081,67,67,82891.798754,83570.611399,1,110,9,9,2.82
77082,25,25,72065.026736,73682.471015,2,116,14,14,5
77083,77,77,21227.318185,21837.787247,2,116,8,8,2.27
77084,3,45,12695.695854,13253.942727,1,118,6,6,0.56
77085,0,28,5924.913821,5719.992813,1,118,4,4,0.87
77086,12,39,10566.226763,10633.772592,2,117,2,2,0.29
77087,10,57,9563.104901,9411.142804,2,115,5,5,0.57
77088,7,58,14930.441282,15744.253621,1,109,8,8,1.58
77089,4,40,8666.247069,8833.957879,2,114,1,1,0.02
77090,43,43,24475.70551,24843.100946,2,114,8,8,4.11
77092,3,52,20990.221379,20943.612713,2,109,4,4,0.47
77093,2,32,32461.382967,33217.004834,2,107,6,6,0.9
77094,57,57,18154.609898,19640.735334,2,104,9,9,3.81
77095,46,46,102082.313822,104496.759347,2,109,15,15,5
77096,75,75,40003.336102,40331.732186,1,108,3,3,0.87
77097,25,68,28734.577221,28469.4795,1,115,4,4,0.77
77098,34,34,26438.468888,27860.092038,2,116,15,7,3.66
77099,14,53,16417.941086,16057.853424,1,106,4,4,0.42
77100,63,36,13023.451149,13038.6915,1,111,10,10,3.33
77101,62,62,11998.169643,12276.06923,1,112,14,14,4.61
77102,12,50,18184.520132,18834.602387,2,110,5,5,1.06
77103,53,50,32203.645601,32279.18942,2,107,8,8,2.1
77104,13,35,11289.437847,11060.971319,1,114,7,5,0.85
77105,76,76,17158.598279,17091.575723,1,110,4,4,1.23
77106,6,26,10799.470896,10627.86238,2,115,3,3,0.53
77107,7,34,21191.132105,26319.600354,1,116,2,2,0.31
77108,19,37,9957.873953,9888.803035,2,106,6,6,1.18
77109,38,38,59035.833146,59740.474916,2,111,7,7,1.16
77110,3,44,16437.012026,16974.811541,2,111,4,4,0.81
77111,61,57,15594.512382,16350.712449,1,112,4,4,0.82
77112,27,36,37294.310777,43708.579727,2,106,6,6,1.34
77113,58,55,20990.205256,21053.878938,1,107,15,15,5
77114,73,73,16162.123189,16046.749283,2,110,9,9,3.81
77115,5,37,32725.594198,34264.706208,1,110,15,15,3.17
77116,21,54,95041.713426,98593.328277,1,105,6,6,1.44
77117,11,49,12189.367745,12447.063624,1,107,15,15,5
77118,1,44,38411.749288,40512.190844,2,113,15,15,5
77120,56,56,70343.140253,72416.167417,1,114,7,7,2.58
77121,42,42,106987.791876,106564.761203,1,111,14,14,5
77122,14,20,15096.13109,16372.091337,1,107,7,7,1.7
77123,50,50,13330.115035,13762.563497,1,116,8,8,2.9
77124,9,33,14801.887122,15134.695948,1,109,14,14,2.69
77125,6,23,12534.115219,12661.2366,1,116,5,5,0.85
77126,70,72,47536.486114,47497.197792,2,107,6,6,1.91
77127,41,41,26260.333766,26379.029781,2,111,1,1,0.07
77128,19,56,66654.787033,68569.004966,2,114,14,14,3.14
77129,10,28,10083.27933,9962.106148,2,116,2,2,0.29
77130,16,44,12871.599763,12894.347904,1,118,15,15,5
77131,42,42,85580.848244,88922.470131,1,104,15,15,5
77132,25,32,30261.750312,31872.278375,2,115,15,15,3.33
77133,2,26,8966.764121,9281.648169,2,111,6,6,0.9
77134,7,35,7096.16197,6983.400721,1,114,4,4,0.57
77135,10,36,17301.242051,19317.991161,2,115,4,4,0.53
77136,22,23,47447.29588,47669.660438,2,109,6,3,1.11
77137,5,53,8663.319546,9116.877359,2,105,4,4,0.54
77138,15,64,17184.985489,16837.209628,1,108,8,8,2.12
77139,71,71,8975.43226,8991.211273,2,104,3,3,0.86
77140,58,58,18424.936671,18755.246492,2,110,7,7,3.43
77141,42,23,26475.12291,26226.803738,2,111,6,6,1.07
77143,2,43,9239.812067,9564.284684,2,115,8,8,1.61
77144,27,27,68921.455141,72288.605002,1,115,3,3,0.61
77146,2,39,17401.600006,17362.959853,2,107,8,4,0.95
77147,45,45,15971.436848,16837.019913,1,118,9,9,2.63
77148,4,28,16869.766588,18338.523799,2,113,4,4,0.5
77149,11,33,6510.024598,6570.308894,2,105,5,5,0.75
77150,31,37,59061.291496,59523.545259,2,108,15,15,3.6
77151,34,34,22209.323132,24301.531995,1,113,4,4,1.23
77152,10,26,9816.971841,9907.879215,2,111,6,6,0.9
77153,29,29,36155.547774,38201.806753,1,109,7,7,1.07
77154,58,58,18115.116179,18084.017864,2,116,7,7,1.68
77155,22,37,31171.468535,31416.495205,2,115,3,3,0.31
77156,30,33,16977.21867,17994.126057,1,116,8,8,1.58
77157,47,47,89307.342969,92794.470967,1,110,15,15,5
77158,20,23,26892.390328,27906.256109,1,109,5,5,0.5
77159,38,38,71463.067144,75094.968944,2,108,8,8,2.32
77160,52,52,10032.148434,10117.405363,2,113,7,7,1.47
77161,28,32,34454.711024,0,1,108,14,14,5
77162,72,72,31725.292275,31699.07171,2,109,3,3,1.03
77163,66,36,17623.795166,17586.221601,2,112,7,7,1.25
77164,56,30,23464.715463,24747.588402,2,115,5,5,0.51
77165,10,40,15265.545809,15420.369443,2,113,15,15,4.19
77166,2,28,28165.989582,31315.056008,1,114,15,15,5
77167,40,50,19612.92789,19367.575282,2,117,2,2,0.57
77168,80,80,30930.093041,32788.771209,2,105,8,8,4.28
77169,10,53,7852.361067,8013.078675,1,114,4,4,0.68
77170,58,58,19221.850708,18871.53936,2,106,14,14,3.35
77171,69,69,13102.133654,13659.320034,1,106,6,6,1.59
77173,16,46,9734.283675,10281.776931,1,107,15,15,3.93
77174,22,53,41975.525236,43481.753458,2,113,12,7,2.02
77175,4,30,15660.81019,17552.295743,1,104,12,14,3.99
77176,41,41,14954.877898,14682.330602,2,118,14,14,2.1
77177,48,48,95638.969363,102366.012083,2,116,14,14,4.77
77178,80,80,50881.64222,57018.457998,1,110,5,5,1.29
77179,67,67,13530.848271,0,1,106,8,8,1.14
77180,9,38,42374.763123,45912.096566,2,115,14,14,3.51
77181,4,37,34078.832111,34604.161655,1,110,15,15,5
77182,9,50,8983.550749,8840.798032,2,111,9,9,1.88
77183,5,32,12695.695854,13253.942727,2,118,5,3,0.38
77184,2,65,7401.037846,7726.471464,1,118,14,14,2.87
77185,51,51,100584.709841,106149.923868,1,116,15,15,5
77186,7,44,61906.940718,62540.95053,2,113,15,15,4.19
77187,80,80,15370.33616,16293.983827,1,104,7,7,3.83
77188,8,30,61099.815079,63399.8638,2,109,9,9,2.15
77189,56,56,29756.246062,31791.327708,2,115,2,2,0.78
77190,4,80,7303.293899,0,1,117,14,14,2.9
77191,80,80,45775.755656,50060.019956,2,109,2,2,0.72
77192,57,57,26347.838846,26571.752584,2,109,7,7,1.43
77193,12,34,33412.204826,34223.542656,2,115,6,6,0.9
77194,60,64,11957.886606,12137.782649,1,116,3,3,0.71
77195,47,50,43552.552865,43654.719128,2,107,8,8,2.1
77196,41,41,19101.51713,19578.475611,2,112,9,9,1.45
77198,70,75,12106.413422,13585.343599,2,117,3,3,0.85
77199,54,55,33644.734694,37153.526032,2,115,2,2,0.57
77200,68,68,14368.512073,14572.816056,2,105,5,5,1.89
77202,11,34,17813.90838,18553.287243,1,113,1,1,0.03
77203,11,38,14127.75925,15715.686778,1,106,2,2,0.29
77204,7,26,10345.355949,11296.771662,2,113,3,3,0.76
77205,57,56,11424.573379,11459.229765,2,118,14,14,5
77206,20,67,44921.80352,44905.759536,2,111,14,14,3.35
77207,14,40,11178.8162,11337.578682,2,118,1,1,0.1
77208,18,52,49473.083973,53091.579453,1,105,8,8,1.81
77209,24,59,20598.372687,0,1,118,4,4,0.81
77211,73,73,9964.586924,10222.261436,2,117,2,2,0.77
77212,80,80,32307.180593,33377.083466,2,107,6,4,1.39
77213,24,24,92282.126088,99590.388574,1,115,14,14,5
77214,12,45,23653.93808,23485.354327,2,108,6,6,0.88
77215,38,38,49350.716112,53188.852816,1,107,7,7,1.27
77216,1,33,11348.961171,11446.310367,1,111,3,3,0.34
77217,20,28,107644.698592,108149.181839,1,111,10,3,0.87
77218,5,19,20134.38431,20936.889633,1,111,14,14,2.66
77219,3,30,12487.495646,12926.016513,1,115,8,8,2.9
77220,25,25,25047.364318,25864.223694,2,110,2,2,0.34
77221,39,43,39326.824047,40267.041852,1,105,4,4,1.28
77222,7,43,24509.511202,30356.089738,1,105,5,5,1.02
77223,65,80,14919.94979,15102.376442,1,104,6,6,1.54
77224,22,48,66927.792276,70715.636862,2,104,15,15,4.3
77226,15,62,12290.288675,13993.994498,1,105,7,7,1.79
77227,4,27,39368.75166,40504.387183,2,107,10,10,2.22
77228,27,27,93527.379953,94689.38455,2,113,10,10,3.28
77229,48,48,20952.09579,20901.581919,1,108,15,15,4.82
77230,59,59,23745.154984,25032.040079,1,105,15,15,5
77231,0,31,12451.099782,13032.861954,1,116,14,14,4.1
77232,73,73,81484.448402,80438.74309,2,112,7,7,2.42
77233,1,23,9871.394111,10388.199234,2,105,8,8,1.79
77234,24,24,32227.910161,36384.509046,1,115,6,6,2.61
77235,32,32,17551.106895,18404.476964,2,104,7,7,2.23
77236,44,44,94342.602416,98026.339042,2,113,9,9,2.31
77237,21,21,26359.330998,30629.894841,2,114,1,1,0.13
77239,36,36,25475.030114,27273.704909,2,116,2,1,0.17
77240,35,35,70468.300651,71664.884557,2,115,7,7,1.25
77241,27,27,36342.699311,38695.980428,2,110,8,8,4.63
77242,7,28,6969.27798,6858.532976,1,108,3,3,0.32
77243,7,41,61361.817212,62163.763736,1,106,15,15,3.63
77244,42,39,34060.314982,34349.571841,2,113,15,15,2.49
77245,73,75,17284.67663,19412.524218,1,118,7,7,1.43
77246,68,68,11205.822068,11115.739019,1,105,4,4,1.57
77247,67,72,15174.746412,15514.923891,1,109,3,3,0.64
77248,22,22,20631.948782,23114.318197,1,118,9,6,2.61
77249,16,44,18575.776434,18168.361894,1,106,8,8,1.42
77250,78,78,13846.32795,13689.779365,1,109,8,8,2.12
77251,26,26,26359.330998,26891.692381,2,114,6,3,1.03
77252,12,36,16373.216575,16041.868638,1,110,6,6,1.72
77253,3,43,16549.502951,17621.036283,1,108,7,7,2.2
77254,36,36,20443.463002,20899.11415,2,110,15,15,5
77255,60,48,76307.450963,82754.046725,2,110,6,6,2.57
77256,30,28,13434.665874,14239.380193,2,105,6,6,1.2
77257,61,27,8018.502363,8149.392388,1,108,14,14,3.09
77258,4,33,12767.417352,13215.768173,2,111,3,3,0.36
77259,24,52,29164.438537,29252.819554,2,115,5,5,0.72
77260,53,53,21423.46123,0,2,118,7,7,2.42
77261,0,40,18109.304691,23693.601446,1,105,15,15,5
77262,19,50,12091.856435,11881.650896,1,117,9,9,2.59
77264,15,45,16347.70089,17177.989744,2,116,9,9,2.15
77265,41,45,23170.697014,22880.837643,2,114,15,15,4.07
77266,4,38,12755.572221,13374.346528,1,118,15,15,4.4
77267,17,48,13947.709122,0,2,111,15,15,5
77268,9,41,15512.564525,15999.9918,1,110,14,14,3.45
77269,19,43,58450.501283,58816.627825,1,108,15,15,3.37
77270,11,39,6909.271068,7316.778456,1,108,14,14,3.84
77271,16,41,25309.32538,25923.903593,1,104,1,1,0
77272,3,30,12743.978347,12990.602163,2,116,4,4,0.77
77273,5,40,7572.059876,7968.486083,2,104,7,7,2.54
77274,8,28,9140.149336,8994.908196,2,116,2,2,0.29
77275,60,34,10396.241664,10348.04549,2,108,14,14,3.22
77276,2,40,35884.250263,40776.665009,2,115,15,15,4.61
77277,53,53,112131.461865,115870.646612,1,113,5,5,0.98
77278,4,37,48503.280594,51980.741732,1,110,15,15,5
77279,38,39,107737.369017,110455.135268,1,105,15,15,4.9
77280,42,34,73112.943088,75480.460116,1,105,14,14,5
77281,13,34,37607.854063,40176.850656,2,109,1,1,0.09
77283,46,51,15678.906543,0,2,110,15,15,5
77284,65,64,108382.755385,112505.76876,1,113,9,9,3.93
77285,29,29,24410.976201,24823.085613,2,114,3,3,0.42
77286,4,26,15442.192849,16057.67936,1,115,1,1,0.13
77287,53,53,15511.614249,16781.385653,2,107,15,15,4.84
77288,0,56,5272.217408,5644.015633,1,114,3,3,0.41
77289,24,43,20846.836154,21079.18217,1,112,4,4,0.92
77290,44,44,31782.111792,32029.817243,1,111,4,4,1.31
77291,42,42,95624.260479,100645.525662,1,113,2,2,0.39
77293,5,68,16198.000356,16401.576041,1,109,5,5,0.63
77294,12,36,10201.862471,9901.276854,1,117,4,4,0.65
77295,30,51,21527.63823,23151.627241,2,114,10,10,2.94
77296,0,25,7683.788305,8022.937062,1,115,5,5,0.93
77297,5,32,15334.846455,15873.357166,2,111,1,1,0.03
77298,63,63,22785.070298,22874.919269,2,106,6,6,2.14
77299,67,63,15827.313182,15965.889113,2,116,9,9,4.07
77301,7,33,13355.718826,13787.91105,1,106,8,8,1.34
77302,23,23,74931.34454,76723.059685,2,105,6,6,2.74
77303,60,55,18497.855373,18532.246838,2,116,7,7,2.67
77304,21,22,86780.663669,87979.262221,1,110,2,2,0.26
77305,58,58,29756.246062,31791.327708,2,107,2,2,0.83
77306,73,57,6088.046635,6187.424866,2,104,15,15,4.16
77307,4,30,8812.064887,9121.516393,1,109,5,5,0.76
77308,51,55,108329.716489,110579.197841,1,104,15,15,5
77309,1,42,10312.62993,10980.343441,1,114,6,6,1.06
77310,26,26,38103.628106,40700.503975,1,112,8,8,3.22
77311,38,38,39488.484731,41013.817295,1,117,6,6,1.54
77312,0,35,14372.903855,18805.02103,1,104,15,15,5
77313,67,24,13024.643652,13396.627601,1,106,6,6,1.38
77314,76,76,8346.825082,8697.389948,2,117,9,9,3.03
77315,20,65,73602.377382,78651.586869,2,115,7,7,2.23
77316,16,47,18427.304843,17884.366453,2,111,2,2,0.36
77317,77,77,20801.48658,0,2,116,4,4,1.02
77318,62,62,10912.034578,11811.736151,1,114,3,3,0.87
77319,51,51,126098.761743,135557.432062,2,112,14,14,5
77320,35,35,21264.008962,21114.726246,1,114,4,4,0.57
77322,24,20,24419.805262,25015.514811,1,108,9,6,2.18
77323,28,27,51973.717382,53185.046385,1,108,14,14,3.09
77325,16,46,20060.611218,19620.630434,2,107,8,8,1.65
77326,12,41,13029.928804,14301.404517,1,105,8,8,2.41
77327,2,37,12066.036603,12651.361456,1,109,15,15,3.7
77328,43,43,22677.597643,24533.972132,2,113,15,15,5
77329,4,40,41712.081631,47399.055771,1,114,15,15,5
77330,11,36,9643.66681,0,2,114,5,5,0.84
77331,54,50,81466.537705,82089.635802,2,112,15,15,4.48
77332,36,36,16701.797849,17276.502316,2,112,6,3,1.11
77333,70,70,73946.24124,75037.227942,1,105,15,15,5
77334,2,40,12240.075482,13305.751111,1,104,6,6,0.91
77335,10,38,49814.494109,61870.105397,2,107,1,1,0.01
77336,48,48,26355.014554,27110.497857,2,114,6,6,2.57
77337,23,64,23092.76413,24422.695244,2,106,7,2,0.69
77338,6,32,9493.757784,9719.385525,2,118,5,2,0.29
77339,41,47,39866.42433,39367.705769,1,107,8,8,2.76
77340,39,41,58624.834789,60026.425556,1,116,15,15,5
77341,49,49,83967.118127,83635.111401,2,109,7,7,3.26
77342,37,37,87991.58393,90323.7907,1,116,15,15,5
77343,2,43,9621.934987,9742.863001,1,118,12,4,0.54
77344,0,24,5286.422398,5326.999968,1,114,14,6,1.04
77345,1,54,28453.989898,29103.751583,1,105,6,6,1.44
77346,30,30,30701.699164,31068.149479,2,104,9,9,1.97
77347,80,80,30746.821016,31574.84183,2,104,10,10,5
77348,78,78,73281.215672,74482.766537,2,116,15,15,5
77349,53,53,16804.160223,18179.738662,2,106,15,15,5
77350,12,38,11825.018632,11992.958536,1,118,5,5,0.73
77351,80,56,15239.155551,14918.783967,1,111,9,9,2.63
77352,3,30,21874.813906,21708.108118,1,109,5,5,0.93
77353,19,26,19842.280851,20653.708297,2,111,2,2,0.4
77354,80,80,35867.435969,0,2,112,4,4,1.46
77355,71,71,28326.424436,29134.625034,1,116,3,3,0.9
77356,6,31,38772.969858,43413.790102,1,116,6,6,1.69
77359,2,24,7548.612152,7943.810782,2,105,2,2,0.51
77360,41,41,20271.346154,21289.44534,2,113,6,4,0.59
77361,3,43,37111.747736,51702.422792,2,113,14,14,4.5
77362,75,75,40851.120848,44490.166317,1,116,7,7,2.26
77363,8,38,53672.348266,54373.8,1,116,15,15,5
77364,66,64,48219.670925,47821.269743,2,115,6,6,1.59
77365,23,42,21533.883143,22679.914776,1,107,15,15,3.17
77366,6,66,8190.16355,8673.217714,1,116,6,6,0.91
77367,48,48,22940.34894,23044.03871,2,105,4,4,0.86
77368,43,43,25029.876308,26593.060342,2,110,7,7,1.5
77369,21,21,40126.38534,41346.710265,1,109,7,7,2.58
77370,14,46,15041.333297,14937.001921,2,115,1,1,0.07
77371,70,73,82918.094784,82500.657343,2,115,15,15,5
77372,7,48,22834.364331,23269.388252,1,105,7,7,1.49
77373,74,76,57206.653095,56918.655656,2,113,8,8,3.12
77374,46,46,32466.325208,32060.179955,1,115,7,7,1.95
77375,1,39,11016.328654,0,1,110,4,4,0.57
77376,60,60,12968.406808,13646.182445,1,109,7,7,2.26
77378,2,57,14127.617198,14812.949568,1,109,15,15,4.17
77379,12,57,20398.138789,20721.988853,2,111,15,15,5
77380,46,47,98711.148578,104467.310324,1,110,15,15,5
77381,28,65,37433.315181,37898.394865,2,112,6,6,1.22
77382,1,36,18114.606463,18269.990056,1,115,6,6,1.06
77383,80,80,9151.069277,9318.567742,1,108,9,9,3.07
77384,14,38,14347.5577,14205.091781,1,107,9,9,2.68
77385,52,48,29785.144695,29491.695837,2,108,12,1,0
77386,31,29,21714.19494,22618.104928,2,105,10,10,2.94
77387,44,44,105102.562752,105766.747252,2,112,7,7,2.54
77388,46,45,26858.1978,30259.940233,1,114,6,6,1.93
77389,4,25,18675.979363,20137.044108,1,115,3,3,0.9
77390,3,29,9300.326837,9638.176859,1,104,4,4,0.64
77391,36,36,20050.900742,21493.383733,1,115,7,3,0.9
77392,54,60,16532.56584,16683.61472,1,104,15,15,5
77393,63,37,6968.27357,7082.223128,2,104,15,15,5
77394,60,60,24760.152232,26134.200727,2,108,5,5,1.53
77395,18,43,14204.819134,15000.803671,1,111,9,9,3.87
77396,31,36,63895.699122,64899.710463,2,107,6,6,1
77397,3,36,15920.574299,17210.589962,1,109,15,15,4.53
77398,62,62,11754.738636,12086.419897,2,113,6,6,1.36
77399,80,80,44315.194178,45701.077428,2,107,6,6,1.78
77400,80,77,47338.814929,49243.160996,2,115,6,6,2.03
77401,0,28,6581.033584,7848.122547,1,106,2,2,0.4
77402,5,34,15660.81019,17552.295743,1,104,6,6,1.06
77403,10,29,7911.560586,7785.842281,2,114,3,3,0.42
77404,8,36,13203.223304,13044.557008,2,109,8,8,1.61
77405,53,53,93097.701093,94182.700072,2,104,10,7,3.68
77406,8,30,7911.560586,0,2,114,6,6,1.07
77407,44,64,21792.368016,22088.459105,2,115,4,4,1.02
77408,79,79,13972.452054,14972.5961,1,117,3,3,1.22
77411,44,23,20441.396758,21083.948536,1,109,5,5,0.5
77412,9,43,72828.497066,73780.303299,2,109,14,14,2.94
77413,2,37,46708.848243,47796.116372,2,109,15,15,5
77414,32,32,49542.964411,50822.451611,1,115,6,6,1.27
77415,72,70,58750.619004,60998.721488,2,113,4,4,1.14
77416,14,58,66172.976978,0,1,116,15,15,4.9
77417,80,80,10712.364879,11659.60661,2,114,3,3,0.71
77418,8,41,7983.151043,8242.146459,2,105,5,5,0.72
77419,24,24,122177.425821,123536.360083,1,113,15,4,1.62
77420,18,50,14599.834765,14169.668181,2,111,5,5,0.56
77421,5,36,13154.135077,0,2,108,8,8,1.89
77422,80,80,14971.786924,15234.845758,2,118,14,14,5
77423,74,74,10847.125553,10814.053803,1,118,5,5,0.84
77424,40,40,18144.213229,19629.4876,2,104,6,6,2.16
77425,66,66,7232.051495,7852.502573,2,118,12,5,1.75
77426,14,42,22844.522355,24043.357201,1,111,7,7,2.45
77427,0,37,11110.013294,10676.71981,2,118,15,15,5
77428,33,52,27388.92069,27366.546775,2,116,6,6,0.69
77429,76,76,18278.930336,18882.974905,1,118,9,9,3.56
77430,1,20,28814.081083,31841.386838,2,112,1,1,0.13
77431,22,21,26197.604584,27051.976272,1,112,3,3,0.72
77433,58,58,19833.201141,19795.360593,2,104,10,10,3.54
77434,5,56,5206.414336,5474.606858,2,104,15,15,5
77435,10,33,15180.091781,15671.320873,1,107,5,5,0.76
77436,58,59,84145.999065,85893.302223,2,104,15,15,5
77437,6,31,10544.977765,10658.900456,2,112,10,10,3.1
77438,41,41,36547.499518,36204.708105,1,108,15,15,5
77439,14,35,25841.530979,27288.181037,2,107,8,8,1.13
77440,19,41,13750.75105,14921.8138,1,117,15,15,4.71
77441,11,36,11045.222559,11636.822833,1,104,4,4,0.87
77442,17,38,11087.575359,10863.193961,1,108,7,7,1.33
77443,64,64,82952.660857,88685.792391,1,115,6,6,1.28
77444,63,63,11845.98068,12822.686479,2,110,6,6,2.14
77445,20,20,63966.408313,65229.455278,1,105,15,6,2.44
77446,26,29,108811.300489,110314.182142,2,108,8,8,1.99
77447,8,39,8165.15324,8067.030638,1,116,15,15,3.96
77448,26,26,28639.765549,29250.40097,1,108,6,5,1.74
77449,1,31,7722.233556,7993.413675,2,114,6,6,1.17
77451,61,61,15335.752212,16680.86365,2,105,5,5,0.72
77452,27,21,36342.699311,37646.802096,2,110,3,3,0.73
77453,57,57,97004.862266,99863.615995,1,107,8,8,2.12
77454,3,40,15755.044787,16229.695196,1,111,7,7,1.27
77455,18,29,9830.200555,9540.56551,1,118,14,14,2.27
77456,62,65,14906.626544,14593.24569,1,106,8,8,3.09
77457,12,50,53228.818259,57681.404674,1,112,15,15,5
77459,29,27,64083.310917,68450.779634,2,107,7,5,1.71
77460,45,45,33795.250251,34493.909952,2,111,7,7,3.08
77461,20,20,26359.330998,29759.029125,2,114,1,1,0.04
77462,6,40,6692.275746,7086.984795,2,117,5,5,1.27
77463,50,56,25479.456602,25015.102626,1,111,9,9,2.63
77464,36,36,29118.060185,30597.900603,2,106,5,5,1.21
77465,21,56,24556.306261,25303.113439,2,104,15,15,5
77466,22,43,91809.675095,93870.272869,2,113,9,9,3.94
77467,4,42,14936.737892,15532.078255,2,111,6,6,0.52
77468,54,54,34604.668058,35585.577913,1,115,6,6,1.33
77469,67,66,83391.192488,83051.955702,1,113,9,9,4.05
77470,25,33,80448.016937,80825.041326,1,108,14,6,2.87
77471,62,62,103177.779075,103584.642743,1,108,8,8,2.9
77472,0,46,3876.971576,4112.317718,2,117,1,1,0.11
77473,31,35,14158.254438,14747.628699,1,117,15,15,5
77474,14,39,98594.471004,100988.608853,2,115,14,14,3.3
77475,48,48,87323.816868,95407.174,1,116,15,15,5
77476,9,56,7952.703234,7826.331154,2,108,5,5,0.48
77477,59,56,15376.305278,16840.231218,2,104,15,10,5
77478,4,37,9900.100844,10024.524833,2,118,3,3,0.45
77480,11,40,7401.433355,7283.821204,1,116,6,6,0.94
77481,54,54,17887.444481,19004.56417,1,118,5,5,0.96
77482,5,32,15350.661738,16594.498405,1,107,4,4,0.47
77483,45,45,18644.244543,19109.785081,2,108,6,6,0.88
77484,40,40,22605.231812,25768.857458,2,111,2,2,0.16
77485,49,49,25406.616349,25363.000677,1,107,8,8,3.22
77486,5,39,12473.78354,13094.542353,1,105,15,15,5
77487,18,19,13236.699487,13817.095122,1,117,13,2,0.44
77489,74,74,74432.157767,73167.520302,1,105,9,7,3.74
77490,3,24,15892.130767,16137.10999,2,112,7,7,1.13
77491,35,69,22439.553929,0,2,110,8,8,2.53
77492,34,26,32146.430297,34459.165453,2,116,6,6,1.26
77493,6,46,9563.104901,9411.142804,2,115,1,1,0.07
77494,80,80,27937.28961,28868.300987,2,107,6,6,1.88
77495,10,29,12637.926564,14422.440465,2,113,4,4,0.91
77496,1,50,13749.996698,14417.010653,1,107,14,14,2.53
77497,9,38,7288.950827,7211.293343,1,112,14,14,2.72
77498,59,59,112543.401742,114931.329301,2,113,15,15,5
77499,31,31,66061.309847,68581.671203,2,113,6,6,2.83
77500,3,20,23904.605358,25841.552777,1,108,7,7,1.49
77501,5,29,11354.141883,11716.834158,1,110,6,6,1.27
77502,55,55,91158.165654,93092.344758,2,104,15,15,5
77503,59,59,31168.527334,33506.479114,1,106,1,1,0.01
77504,14,65,9738.504874,10263.042946,1,104,15,15,5
77505,30,33,69839.334304,70936.739679,2,107,10,10,2.73
77506,0,71,13308.491158,14681.025484,1,116,7,7,1.45
77507,43,43,19866.349668,20943.020226,1,110,14,14,3.18
77508,18,53,14222.17162,14877.690645,1,104,15,15,3.17
77509,53,54,22059.174004,22619.275787,1,116,7,7,2.45
77510,4,28,8812.064887,9121.516393,1,108,3,3,0.32
77511,80,80,6301.510286,6741.849991,2,118,8,3,0.86
77512,1,34,13987.262571,14665.786321,2,109,6,6,0.84
77513,34,24,66875.983446,69092.134562,1,114,15,6,2.44
77514,1,25,7236.806127,8217.656192,2,106,6,6,1.52
77515,66,66,12085.007878,12256.843015,2,117,6,6,1.91
77516,16,38,9059.324666,9981.580798,1,104,8,8,1.29
77517,15,58,84538.635135,86591.459639,1,115,15,15,5
77518,16,49,49847.138435,49784.121101,1,116,8,8,2.69
77519,16,39,10566.226763,10633.772592,2,117,2,2,0.29
77521,41,41,68207.163066,69910.273069,1,116,15,15,4.88
77522,80,80,38596.961709,40149.640465,2,109,7,7,2.23
77523,72,72,13922.95387,0,2,116,7,7,2.02
77524,65,62,69515.26561,69975.191184,1,109,15,15,5
77525,1,25,5047.640867,0,2,106,15,15,4.3
77526,0,36,7595.695663,7771.036081,1,107,15,15,5
77528,40,40,13262.997143,13981.794445,1,117,15,15,5
77529,65,65,9306.07378,9529.367191,1,112,14,14,5
77530,2,31,6591.866201,6907.636066,1,112,4,4,0.61
77531,5,32,8499.245747,8663.724716,1,116,6,6,1.93
77532,15,55,23628.37712,24059.537225,2,116,3,3,0.42
77533,68,68,22605.257492,22940.16966,2,105,3,3,0.99
77534,15,46,59626.022524,62553.804515,2,106,15,15,5
77535,72,72,14114.110185,14362.099378,1,118,7,7,3.48
77536,80,80,30738.503763,32585.66878,1,112,7,7,3.74
77537,8,25,10808.325823,11756.049826,2,108,3,3,0.89
77538,23,54,25968.955276,28415.046109,1,104,15,15,5
77539,38,33,24912.278274,24469.932555,2,117,15,15,5
77540,43,43,13262.997143,13981.794445,1,117,15,15,5
77541,60,60,91500.494214,94827.780981,2,106,15,15,5
77542,42,42,30442.588638,31981.750832,2,115,5,5,1.01
77543,43,45,94481.045518,99990.536469,1,113,14,14,3.14
77544,0,44,8249.371589,8166.344451,1,111,8,8,1.14
77545,1,43,12623.381776,13235.743509,2,107,7,7,1.19
77546,20,68,28734.577221,28469.4795,1,115,4,4,0.77
77547,36,32,91418.586507,94906.374944,2,108,7,6,2.14
77548,69,71,122311.138601,131241.364576,2,109,8,8,3.18
77549,22,63,74306.088051,75973.831232,1,114,4,4,1
77550,26,26,45383.7883,47012.316886,1,109,3,3,0.72
77551,56,56,84442.913569,90127.560979,1,105,12,8,3.92
77552,59,59,22904.352204,24470.82086,2,112,3,3,1.11
77553,2,71,12109.170962,12641.627545,1,107,5,5,0.69
77554,5,45,14936.737892,15532.078255,2,111,6,6,1.07
77555,9,29,19124.963494,19421.722963,2,109,6,6,0.88
77556,24,45,28357.257449,28580.16271,2,108,6,6,1.26
77557,8,43,13965.835474,15365.963096,1,112,5,5,1.23
77558,2,31,37235.063282,43629.050876,2,108,8,8,2.1
77560,60,60,20531.722188,20350.109902,1,112,14,14,5
77561,7,38,14708.181254,14641.726541,2,111,7,7,1.16
77562,65,65,44463.404614,44572.284295,1,113,7,7,2.39
77563,36,51,15791.540012,16760.171731,2,118,15,15,4.04
77564,1,27,12007.235473,12158.141828,1,107,15,15,5
77565,2,24,9046.817879,9364.513159,2,116,6,6,0.78
77566,0,21,4459.339908,4406.610512,2,110,3,3,0.73
77567,1,37,11788.096529,0,1,104,10,10,2.97
77568,3,39,7748.108103,7898.050918,2,114,2,2,0.35
77569,48,48,29043.380538,31378.549697,1,109,2,2,0.22
77570,9,45,10291.226266,10685.084335,2,110,1,1,0.14
77571,18,45,12492.491377,12239.678423,1,114,4,4,0.74
77572,57,57,109715.406887,110505.558643,1,110,15,15,5
77573,9,44,10534.030892,10640.867356,2,110,6,6,1.03
77574,10,43,14579.45962,16456.998518,1,109,7,7,1.49
77575,30,30,88284.434634,88975.408553,2,105,8,6,2.57
77576,0,20,7216.722539,7096.256347,2,112,2,2,0.53
77577,33,60,32266.220395,32344.937065,2,108,8,8,3.18
77578,45,43,25264.993189,26990.498089,2,110,7,7,1.5
77579,15,43,17167.946332,18558.663168,1,112,5,5,1.23
77580,80,80,37301.558379,38306.100173,1,113,3,3,0.85
77581,31,31,28291.516598,29729.350351,2,109,6,4,0.57
77582,10,42,9377.233972,10742.479511,1,117,15,15,2.81
77583,7,47,8987.222531,8946.616335,1,118,4,4,0.63
77584,35,35,30833.422597,30808.23488,2,115,8,8,2.58
77585,36,36,39285.588534,39754.494708,1,116,7,4,1.57
77586,65,65,89854.825647,93122.269991,1,115,15,15,5
77587,20,20,38066.883978,38836.620697,1,109,5,1,0
77588,6,43,45464.987471,46680.380145,1,108,15,15,3.37
77589,50,55,23998.38959,24528.253341,1,109,3,3,0.61
77590,9,28,8425.091267,8824.960254,2,118,4,4,0.47
77591,23,51,29911.126687,29635.174428,2,116,6,6,1.31
77592,52,32,29320.315602,29908.457443,1,108,7,7,1.7
77593,3,34,9601.068713,11197.310565,2,109,9,9,2.15
77594,3,54,10833.364793,11143.206769,2,110,8,8,1.79
77595,13,52,14896.369169,14594.908477,2,116,6,6,0.69
77596,49,49,34997.913408,36796.843705,2,107,12,10,2.33
77597,58,58,23191.396969,23407.246365,2,112,6,6,1.52
77598,79,79,15934.906148,15966.429922,1,109,4,4,1.49
77599,2,30,20053.016197,20519.801532,2,107,5,5,0.86
77600,58,58,14936.775371,15073.244399,2,117,7,7,3.75
77601,42,42,57607.532138,59045.972909,2,110,14,14,3.79
77602,14,42,67260.076067,66780.707433,2,107,14,14,2.24
77603,56,60,26961.701278,27043.489463,2,111,10,10,3.54
77604,25,25,78135.833105,80302.697851,1,116,6,6,2.44
77605,55,55,29299.981293,29229.34132,1,116,8,8,2.56
77606,14,45,49847.138435,55304.523383,1,116,6,6,1.54
77607,42,54,24046.682218,24794.630734,1,108,7,7,1.78
77608,7,35,12017.14688,12417.884112,1,114,9,9,2.51
77609,61,60,14435.401464,14464.880872,2,117,9,9,2.31
77611,35,35,41016.932288,43442.050785,1,107,15,6,2.18
77612,22,47,52657.460475,54546.993783,1,106,15,15,4.67
77613,19,40,16121.268333,15980.347646,2,112,5,5,0.45
77614,9,38,7952.939809,7918.903107,2,113,7,7,1.13
77616,35,33,17059.489485,16756.578927,1,118,5,5,0.56
77617,34,34,18368.704295,21056.081906,1,113,1,1,0.03
77618,25,25,24025.96175,27055.598744,1,115,3,3,0.9
77619,0,67,6522.386073,6520.312266,2,106,10,10,2.73
77620,28,33,82457.668728,84379.474031,2,109,6,6,0.93
77621,68,68,24114.429779,24156.823492,1,111,3,3,1.1
77622,75,75,26154.326359,26132.710129,2,107,7,7,3.26
77623,79,80,63709.667069,67749.947158,2,116,9,6,2.14
77624,57,57,73147.799305,74699.837391,1,112,14,14,4.81
77625,80,58,42707.210938,47858.111625,2,105,6,6,2.19
77626,18,43,19689.443957,19525.144693,1,109,6,6,1.06
77627,3,26,9100.239968,9536.168346,1,112,4,4,0.64
77628,7,30,13586.156637,14792.341643,1,107,15,15,4.35
77629,17,75,9813.566622,10047.094717,2,110,5,5,0.48
77630,45,40,39022.29879,39595.409525,2,111,15,15,5
77631,59,59,17080.532127,17381.487301,1,115,6,6,2.61
77632,39,40,14444.954661,15199.860391,1,117,15,15,5
77633,11,50,45095.531976,0,2,106,7,7,1.77
77634,67,67,6908.579159,7063.451141,2,118,2,2,0.32
77635,6,43,10799.470896,10899.476433,2,115,5,5,0.84
77636,6,48,18100.706842,18284.284765,1,111,5,5,0.73
77637,6,54,13771.647924,14066.163346,1,111,14,14,3.37
77638,23,23,36155.547774,37921.922953,1,109,5,5,0.5
77639,28,64,23092.76413,24422.695244,2,106,7,6,1.26
77640,46,39,34060.314982,38374.24623,2,113,8,8,2.1
77642,63,63,42687.032136,43701.442566,2,112,4,4,1.14
77643,24,45,23089.077067,24470.966262,1,118,6,6,0.56
77644,60,54,107202.208073,109443.969318,1,107,15,15,5
77645,52,51,36961.526988,37101.479054,2,109,14,14,3.79
77646,18,47,22844.522355,22919.402423,1,111,15,15,3.63
77647,68,68,14875.52155,14806.559781,1,108,15,15,5
77648,0,43,9929.05012,10064.384297,2,115,8,8,1.61
77649,7,37,41489.671204,42162.084972,2,116,8,8,2.86
77650,0,27,4248.802191,4346.882312,2,106,4,4,0.64
77651,23,56,26995.72929,28893.188673,1,112,4,4,0.48
77652,6,62,9667.841322,9855.373011,1,118,5,5,0.7
77653,29,29,28762.603706,29700.626654,2,108,7,7,1.43
77655,55,55,22598.987599,22187.12914,1,115,6,6,1.93
77656,40,40,101808.526195,106921.712903,2,109,7,7,2.54
77657,12,42,10224.62069,10533.368422,1,114,15,15,5
77658,4,30,49829.239325,56622.896806,1,116,3,3,0.51
77659,76,80,41667.286049,42865.581038,1,105,7,7,2.53
77660,66,66,18961.371824,18746.991814,1,106,7,7,2.58
77661,80,60,31832.854721,32741.099681,2,108,15,15,5
77662,30,30,23470.036744,23813.632549,1,112,5,5,1.02
77663,61,61,22379.277271,25434.148745,1,111,7,7,2.2
77664,30,30,28136.388569,27636.79512,1,111,8,8,1.81
77666,42,42,18563.035841,19517.195798,2,104,10,10,2.19
77667,58,58,131352.876816,132298.857961,2,112,15,15,5
77668,47,47,24049.055825,24738.43735,1,112,9,9,5
77669,16,56,12081.217311,13009.147456,1,118,10,10,2.33
77670,25,25,35421.838835,36177.076493,1,105,12,14,5
77671,18,18,6113.246209,6773.564253,1,117,13,1,0.01
77672,7,36,17035.8842,17258.528651,2,116,4,4,0.64
77673,26,56,18866.606519,19139.575114,2,117,7,7,1.68
77674,55,55,18022.14888,17796.696502,1,104,14,14,3.31
77675,33,30,21886.594284,24132.759617,2,104,15,15,5
77676,12,42,9957.873953,0,2,109,8,8,1.89
77677,80,80,49973.041466,52976.065125,1,110,8,8,3.22
77678,34,33,71723.122032,73529.482734,2,110,15,8,4.28
77679,29,55,39430.744271,40228.059117,2,115,8,8,2.27
77680,22,52,56685.386022,56345.399747,1,114,15,15,4.06
77681,5,29,8210.128803,8369.012727,2,114,3,3,0.42
77682,50,50,24910.550781,24850.493384,1,115,10,10,2.97
77683,7,33,12374.888147,12963.49543,2,104,5,5,0.88
77684,80,80,27426.810391,28405.463632,2,111,5,5,1.97
77685,13,45,8780.18123,12099.062282,2,104,14,14,3.35
77688,16,36,19630.174209,19892.794265,1,110,15,15,3.48
77689,49,80,17825.939273,17501.067911,2,118,10,10,2.15
77691,28,28,75410.874419,76381.361367,2,110,7,7,3.43
77692,10,46,12483.029565,16621.931205,2,106,15,15,5
77693,51,51,26265.026886,29292.078089,2,116,1,1,0.39
77694,5,46,24527.800684,28739.703108,1,115,2,2,0.37
77695,1,33,17208.244018,18602.597255,1,106,9,9,2.97
77696,37,32,48878.710484,49907.747365,1,110,15,15,5
77698,30,31,98014.633244,102006.495857,2,112,8,8,1.74
77699,9,26,9816.971841,9907.879215,2,111,6,6,0.9
77700,48,48,32939.067721,35709.510353,1,105,2,2,0.78
77702,80,80,12171.013473,12589.627252,2,118,5,5,1.23
77703,11,34,7069.950842,7214.654528,1,117,8,8,2.29
77705,63,63,135814.647839,145201.245354,2,112,14,14,5
77706,2,23,7817.248069,8066.959189,1,112,6,6,1.54
77707,38,38,19005.083256,20955.526464,2,107,15,15,5
77708,44,44,59781.505548,62115.756627,1,116,15,15,5
77709,0,27,9527.26007,9804.784802,1,106,2,2,0.24
77710,1,34,8447.473628,8852.13257,2,110,6,6,1.05
77711,12,38,22621.399581,27125.285048,1,111,7,7,1.52
77712,12,43,70619.245651,70115.935911,2,112,14,14,3.9
77713,7,23,11185.570774,12626.045577,2,106,6,6,1.52
77714,18,42,49576.292413,52563.308299,1,114,6,6,1.06
77715,12,36,12593.531108,12338.673394,1,108,6,6,1.27
77716,20,65,46076.435619,48166.445348,2,106,10,10,2.6
77717,48,65,62857.96075,66523.40882,1,114,5,5,0.65
77718,21,21,34028.980393,35300.609742,1,115,3,3,0.55
77719,12,47,20088.552519,19999.207942,1,111,15,15,3.63
77720,34,39,51548.424729,56450.248828,2,115,3,3,0.42
77721,46,46,19037.393786,19330.725976,1,104,9,9,3.07
77722,80,80,20328.253924,22742.386905,1,113,5,5,1.55
77723,27,28,73180.160279,75939.114001,2,107,2,2,0.3
77724,6,52,12754.485277,13043.709615,2,116,4,4,0.49
77725,49,49,42246.029561,42639.226227,1,109,7,7,1.83
77726,11,30,7887.401045,7792.616259,2,114,1,1,0.02
77727,45,43,15830.537226,16485.102623,1,108,14,14,3.48
77728,80,76,14875.52155,14892.929238,1,108,3,3,0.51
77729,67,66,11965.601623,11997.602688,2,116,7,7,2.54
77730,5,28,10243.714476,11480.932583,1,104,5,5,0.96
77731,0,32,3876.971576,4112.317718,2,117,15,15,3.13
77732,34,56,30189.397448,29653.350501,2,116,6,6,2.16
77733,65,56,10478.605164,11026.254802,1,111,5,5,1.29
77734,64,80,9123.684839,9444.247044,2,118,8,2,0.82
77735,13,36,12586.673175,12862.026914,2,114,4,4,0.86
77736,58,58,25488.879784,25997.502314,1,115,6,6,2.06
77737,2,31,12762.215873,13323.387722,1,106,6,6,0.63
77738,8,29,11597.636944,11796.465376,2,114,2,1,0
77739,16,33,10356.939201,10406.677369,2,105,5,5,0.75
77740,43,46,32045.615239,31948.607684,1,115,2,2,0.37
77741,73,73,45433.369114,45882.818025,1,117,5,5,2.09
77742,19,47,11602.226165,12874.93929,1,108,14,14,2.53
77743,20,48,25748.360642,25739.164522,1,108,15,15,4.82
77744,6,39,14179.707426,14611.318465,1,115,9,7,1.45
77745,33,33,21026.416419,22157.028047,2,117,15,15,5
77746,36,24,14138.990242,14985.892428,2,112,7,7,1.13
77748,80,80,12589.045446,13008.575926,2,107,8,8,4.28
77750,59,59,19909.939918,20415.470762,2,116,14,14,5
77751,13,31,12006.469168,11826.083945,2,114,9,9,2.15
77753,0,29,15692.448642,16425.658813,1,116,14,14,3.82
77754,36,36,15740.694553,16007.97873,2,116,4,4,0.64
77755,3,44,11708.055034,12321.01636,2,113,6,6,1.47
77756,55,47,23344.023727,23044.64071,1,109,14,14,3.5
77757,41,49,28431.826225,0,1,104,15,15,5
77758,67,67,41558.029882,41214.668597,2,113,5,5,1.89
77759,5,32,74023.143139,79330.260522,1,113,5,5,0.85
77760,63,80,17948.972259,19663.560911,2,105,4,4,1.18
77761,0,40,8359.182087,8728.141526,1,116,6,6,1.23
77762,24,23,34938.259385,35212.895318,2,116,15,15,5
77763,59,71,125087.3583,127684.814372,2,108,7,7,2.38
77764,80,80,8922.53981,8882.596313,2,106,8,8,2.43
77766,17,31,40064.235375,42031.48628,2,111,3,3,0.63
77767,1,33,32161.263285,31916.165486,2,107,9,9,2.62
77768,62,62,14560.589535,15265.903339,1,108,8,8,4.35
77769,64,64,89634.759203,91913.377197,1,113,9,9,3.93
77770,4,31,8619.699529,9032.608601,1,112,4,4,0.61
77771,33,33,56366.470183,58974.782285,1,111,6,6,1.16
77772,56,56,89536.217554,90297.129643,1,115,9,9,2.34
77773,80,80,28947.630736,30300.833128,1,104,7,7,2.39
77774,25,52,41083.335771,41650.771242,2,115,5,5,0.72
77775,16,46,14542.276209,14438.632094,2,105,6,6,1.26
77776,1,38,11913.952873,12303.763263,1,111,8,8,0.94
77777,69,37,14388.324908,14540.713258,1,111,5,5,1.02
77778,59,80,16684.653448,16735.26626,2,118,7,7,2.26
77779,36,40,37094.150887,36435.502223,2,116,14,14,4.42
77780,50,50,21710.510043,21658.167695,2,108,14,14,3.37
77781,25,26,20846.836154,21079.18217,1,112,7,4,1.31
77782,51,51,26270.545136,26664.882222,2,113,2,2,0.77
77783,0,38,6398.058751,6396.024475,1,117,15,15,5
77785,7,35,10298.38417,10174.626021,2,115,7,7,1.25
77787,44,51,26967.888925,26476.408802,2,107,7,7,1.05
77788,21,36,21307.383006,22002.271912,1,112,6,6,1.16
77789,75,75,16099.393371,15825.857085,2,106,5,5,1.46
77790,1,20,5925.321614,6039.989529,2,114,1,1,0.06
77791,31,31,16074.414331,18426.132803,1,115,6,6,1.27
77792,2,26,17311.232884,17578.087747,1,113,2,2,0.36
77793,6,24,15180.091781,15671.320873,1,107,4,4,0.65
77794,13,34,12288.357242,12652.76311,1,118,5,2,0.38
77795,34,34,25338.659517,25709.611519,1,117,8,8,2.29
77796,20,52,27971.682978,29582.595006,2,105,7,7,2.23
77797,11,45,38772.969858,43892.964808,1,116,6,6,1.54
77798,6,61,22331.212469,23439.817882,2,114,6,6,1.23
77799,10,45,17678.411767,19955.032891,2,111,7,7,1.76
77800,24,24,30571.921215,31568.950689,2,116,6,6,0.78
77801,33,52,25882.314144,26550.745879,1,118,3,3,0.31
77802,65,65,8950.030671,9264.491508,2,117,7,7,2.29
77803,51,41,24480.285098,25304.70722,1,104,77,1,0.09
77805,25,25,93806.110061,103413.621048,1,113,15,15,5
77806,23,67,26903.638236,26655.432282,1,106,7,7,2.84
77807,30,30,23747.624207,25024.557923,1,111,8,8,1.81
77808,49,69,87699.789827,93868.407459,2,116,14,14,5
77809,2,39,12035.135219,13340.488053,2,111,4,4,0.63
77810,8,51,5944.771293,6220.950594,2,118,15,15,4.04
77811,55,55,21441.915697,22755.75805,2,111,9,9,3.03
77812,10,45,64060.266025,65060.675908,1,113,14,14,3.14
77813,27,57,66875.577983,67649.398896,2,110,15,15,5
77814,5,34,7684.386529,8725.899994,1,117,8,8,2.29
77815,66,66,23856.698444,25013.543655,2,109,7,7,1.08
77816,18,67,63414.538908,63746.238945,1,110,9,9,2.82
77817,8,33,6782.363736,6882.619142,2,118,3,3,0.51
77818,4,38,9517.618405,9821.645491,1,112,14,14,2.72
77819,7,48,10272.20832,11024.503034,1,104,15,15,5
77820,53,53,20378.668526,20329.537144,1,117,15,15,5
77821,23,23,36636.132305,38745.920521,1,108,13,3,1.04
77822,77,77,15614.822094,16345.917407,2,109,3,3,1.2
77823,61,67,16202.02994,16664.760073,1,109,2,2,0.19
77825,0,26,6527.079823,8539.810367,2,113,3,3,0.36
77827,52,52,20865.67203,21070.659437,1,109,4,4,0.58
77828,18,53,9254.084043,11687.982467,1,113,1,1,0.15
77829,18,48,8329.159254,8271.385609,2,118,5,5,0.86
77830,43,53,26180.341063,29234.832853,1,106,3,3,0.45
77832,67,67,20600.30873,20389.153631,2,108,6,6,1.72
77833,10,42,11951.722594,12340.53209,1,114,15,15,5
77834,5,33,33698.380164,34217.844993,1,109,15,15,3.63
77835,64,65,76864.822311,76552.13491,1,111,6,6,1.93
77836,26,53,33083.467023,32778.247579,2,108,15,15,5
77837,27,33,20785.402003,21589.564349,2,106,15,14,4.77
77838,33,33,22347.25293,24274.93304,1,112,15,15,5
77839,0,30,4195.029559,4145.425498,2,110,4,4,0.57
77841,56,49,22233.626986,22146.229424,1,107,7,7,1.27
77842,8,33,9335.134547,9186.795004,2,115,6,6,0.78
77843,42,42,32396.568668,31981.088348,2,111,5,5,1.27
77844,20,52,88271.224711,90014.181764,1,106,6,6,1.33
77845,46,46,86451.282438,94453.871143,2,116,15,15,5
77846,34,34,30106.853771,35227.028395,2,105,1,1,0.03
77847,61,70,11965.601623,12272.543089,2,116,5,5,1.27
77849,9,33,5402.923048,5899.27479,2,117,4,4,0.45
77850,45,41,20600.898644,0,2,111,15,15,5
77851,45,45,37881.938466,37396.109238,1,109,9,9,3.93
77852,72,72,12968.406808,13334.333917,1,109,3,3,0.64
77853,67,67,8877.135595,9384.208863,2,106,10,10,2.73
77854,1,43,11434.514973,11890.265642,1,108,14,14,3.48
77855,23,23,34771.709605,35865.089287,2,111,1,1,0.01
77856,33,33,77244.539992,77849.108201,1,108,14,7,3.66
77858,37,30,32975.201693,34067.36835,2,112,3,2,0.43
77860,13,31,14727.79882,14943.902142,1,112,4,4,0.61
77861,68,77,16752.924036,17226.131781,2,105,5,5,0.86
77862,18,55,67899.647186,69502.063388,1,105,14,14,2.27
77863,0,30,7297.152531,7156.316073,1,112,15,15,5
77864,40,51,28422.503675,32022.374281,2,110,7,7,2.37
77865,38,38,16171.288055,18945.092215,1,107,5,5,1.13
77866,60,60,11845.98068,12822.686479,2,110,9,9,5
77867,68,68,11957.886606,12137.782649,1,116,2,2,0.61
77868,16,41,15415.387899,15077.288807,1,107,5,5,0.73
77870,76,76,13846.32795,14569.986907,1,108,4,4,0.77
77871,16,51,16596.205496,16902.653028,1,104,15,1,0
77872,42,47,22485.275354,22075.489259,1,117,7,7,1.38
77873,0,30,6143.001417,6284.807577,1,108,5,5,0.63
77874,52,52,86311.240012,90988.93008,2,112,2,2,0.73
77875,57,57,22463.460613,22725.259042,1,108,2,2,0.74
77876,80,44,23481.097521,24113.450293,1,105,6,6,1.27
77877,6,47,45988.827745,46589.862431,1,110,15,15,5
77878,47,47,29043.380538,30857.218857,1,109,1,1,0.27
77879,1,39,35935.197471,36755.796429,1,105,15,15,4.9
77880,63,63,15866.435364,15687.047153,1,107,8,8,2.9
77881,19,20,18331.650422,18556.275668,1,109,4,4,0.82
77882,3,33,9712.236806,9900.189801,2,115,6,6,0.78
77883,5,51,20981.038798,20821.144382,1,109,6,6,1.02
77885,9,73,9250.713992,9448.546376,2,106,15,15,4.3
77886,14,46,62665.665508,66504.697995,1,110,15,15,5
77887,27,27,27971.682978,29645.797814,2,105,5,5,1.01
77888,75,75,18661.766614,18914.857674,1,114,7,7,2.58
77889,38,32,21824.604119,22998.135105,2,114,6,6,1.24
77890,9,32,11888.157946,12930.566624,2,111,1,1,0.03
77891,55,36,16282.072418,17025.348081,1,104,9,9,2.34
77892,80,71,25463.744101,27816.456234,1,109,10,10,3.46
77893,24,29,28301.211888,30007.553258,2,111,3,3,0.56
77895,15,39,16689.812146,19858.627575,1,108,9,9,1.99
77896,41,41,23059.10936,23433.260403,2,107,2,2,0.25
77897,63,64,10236.470629,10465.945091,2,106,7,6,1.26
77898,40,40,33692.336927,33611.107327,2,116,5,5,0.84
77899,5,38,5921.640425,6389.240886,1,118,14,14,3.77
77900,56,56,116819.331993,117660.645014,2,112,15,15,5
77901,6,57,17072.353248,17686.24125,2,107,6,6,0.83
77903,31,33,75263.256796,75757.805137,1,107,15,15,5
77904,6,37,11833.610307,12323.561155,1,114,8,8,1.34
77905,63,63,15912.535593,17210.526332,2,114,2,2,0.46
77906,61,61,9359.80207,9696.543911,2,114,2,2,0.6
77907,26,34,34505.769229,34493.44537,2,108,9,9,2.64
77908,17,48,11361.197325,11865.336864,1,117,6,6,1.86
77909,78,78,19068.029365,21185.214989,1,115,4,4,1.41
77910,58,58,17320.337418,18619.53623,1,110,3,3,1.11
77911,8,41,17623.785157,17804.276271,2,107,3,3,0.5
77912,34,34,25557.245568,25536.367942,2,114,5,5,0.72
77913,11,24,14322.934739,15163.090122,1,110,5,5,0.73
77914,13,40,12895.765659,12659.225847,1,107,15,15,4.35
77915,57,57,21575.892961,23923.263214,1,105,7,7,3.05
77916,2,35,13027.016025,13870.47833,1,114,9,9,2.51
77919,17,60,10194.282057,10260.44679,2,118,5,5,0.58
77920,18,37,11013.527799,11005.455408,2,104,9,9,1.72
77921,7,37,54213.080194,56904.421482,1,110,15,15,5
77922,68,68,17346.272297,17723.924428,1,116,6,6,1.48
77923,10,41,16366.928838,16580.830614,2,113,6,4,0.59
77924,13,36,19630.174209,19892.794265,1,110,15,15,3.48
77925,0,26,5732.505437,5877.401271,2,111,2,2,0.34
77926,6,33,31434.164258,34323.380419,1,110,10,10,2.36
77927,42,42,13087.433,13802.954722,2,117,7,7,1.82
77928,0,66,6631.892457,6784.984267,1,107,8,8,1.63
77929,15,32,11180.601329,11273.803936,2,106,3,3,0.2
77930,43,45,79844.697917,82430.200209,2,104,15,15,5
77932,28,56,18866.606519,19139.575114,2,117,7,7,1.68
77933,18,38,22344.702844,23732.862003,1,114,7,7,1.59
77934,12,41,14933.216818,15494.003386,1,112,6,6,0.91
77935,48,44,27259.938842,28134.046269,1,105,15,15,5
77938,72,72,17250.391735,17524.228569,1,108,8,8,2.9
77939,55,55,26265.026886,26659.281139,2,116,7,7,3.26
77940,16,31,19785.021761,19840.355011,1,111,14,14,2.11
77941,50,57,21054.977414,21475.122826,1,114,3,3,0.51
77942,21,53,93806.110061,100241.319328,1,113,14,14,3.84
77943,38,39,28043.414805,29508.987734,1,105,15,15,5
77944,4,26,19628.56633,19796.936379,1,114,9,9,2.82
77945,69,72,24327.628865,0,2,112,1,1,0.12
77946,9,30,18048.971446,0,1,109,9,1,0.22
77947,12,46,15041.333297,14937.001921,2,115,1,1,0.07
77948,33,33,107737.369017,109328.544931,1,105,15,15,5
77949,41,41,61709.941211,64119.490712,1,116,15,15,4.72
77950,80,53,12171.013473,12589.627252,2,118,15,15,5
77951,1,35,13987.262571,14665.786321,2,109,10,10,1.67
77952,27,27,20492.141317,21390.341933,1,104,14,14,3.97
77954,44,44,14490.182751,15757.242415,1,118,14,14,3.98
77955,4,42,6197.061232,6422.179909,1,104,6,6,1.27
77956,5,33,7426.001531,7695.763533,1,104,2,2,0.3
77957,36,35,31324.524395,31716.953219,1,115,10,10,4.51
77958,1,21,5528.937751,5635.934773,1,108,2,2,0.46
77959,44,65,31663.990653,31257.905517,1,109,6,6,1.64
77960,37,37,78319.113205,82299.453534,1,116,9,9,2.38
77961,11,50,49012.105984,50855.802606,1,104,15,15,5
77962,8,28,8662.610109,8648.548981,1,114,6,6,1.36
77963,32,32,56462.945234,57959.489077,1,107,14,14,3.45
77965,47,47,26157.808936,26821.978657,1,114,7,7,2.58
77966,64,47,14560.589535,15265.903339,1,108,6,6,1.93
77967,0,47,5272.217408,5644.015633,1,114,8,8,1.58
77968,52,58,25191.149126,24732.04945,1,111,8,8,3.09
77969,4,42,33337.14153,35727.260563,2,110,14,14,3.79
77970,12,50,13081.902358,13142.302561,2,114,2,2,0.38
77971,5,56,9236.463731,9984.877868,1,118,7,7,1.25
77972,35,35,84641.114152,86884.517108,1,104,14,14,3.18
77973,57,46,19357.142661,19707.513148,1,104,12,2,0.44
77975,11,43,11838.355758,12664.778806,2,114,15,15,5
77976,73,73,11680.114212,11634.490957,1,114,3,3,1.24
77977,25,60,94076.960827,96145.806257,1,115,15,15,5
77979,69,70,12986.195063,12839.739192,1,114,1,1,0.12
77980,1,31,12192.446588,12345.680667,1,109,1,1,0.06
77981,1,24,17301.455747,18807.797744,2,113,7,7,1.82
77982,16,38,14292.125554,14002.893057,2,111,6,6,0.78
77983,65,65,17116.921607,17220.129475,2,112,3,3,0.93
77984,10,55,63106.604717,63752.900691,2,109,10,10,2.03
77985,24,24,30571.921215,31568.950689,2,116,6,6,0.78
77986,2,33,6417.755543,6650.891312,2,104,7,7,1.47
77987,17,45,15561.480412,15102.980095,1,109,14,14,2.25
77988,17,40,22844.522355,22908.412185,1,111,9,9,2.18
77989,53,62,27654.420632,28060.574186,2,116,4,4,0.95
77990,66,66,15470.626381,16655.679209,1,108,5,5,1.29
77991,30,30,10618.329637,11201.86349,2,105,7,7,1.55
77992,76,76,61293.31271,62197.620867,2,105,7,7,2.42
77993,21,24,25810.040077,25851.418415,1,111,8,8,1.42
77994,64,64,7724.642659,7990.326521,1,117,4,4,0.72
77995,20,56,28699.474908,29729.312148,2,104,15,8,2.27
77996,1,29,18208.877982,18168.445273,1,109,7,7,1.07
77997,45,61,66518.56485,68091.858453,1,114,14,14,3.1
77998,8,36,34080.193448,34429.220177,2,107,6,6,1
77999,51,51,30209.685762,32818.14334,1,115,4,4,0.77
78000,33,33,50239.070187,53181.959497,1,109,15,15,3.63
78001,31,32,88747.541698,90986.273494,1,116,9,9,2.34
78002,31,31,59439.591983,60887.652979,2,118,15,15,5
78004,23,55,45484.281501,45990.18632,2,106,15,15,5
78005,15,53,14437.275888,14011.898905,1,106,4,4,0.42
78006,2,34,5688.53395,5798.619507,2,114,4,4,0.64
78007,80,80,15929.306515,17280.9457,1,109,4,3,0.84
78008,33,33,22133.565021,22346.445901,2,105,12,8,4.03
78009,80,80,12241.181354,12686.598291,1,114,5,5,1.39
78010,73,73,12097.215302,12060.332158,1,109,5,5,0.67
78011,0,19,6300.553617,6459.807539,1,116,5,5,0.83
78012,33,33,53832.413678,55259.235586,1,110,10,10,2.36
78013,45,45,28257.259105,28208.74972,1,108,9,9,1.99
78015,47,47,24378.670606,24700.798565,1,118,2,2,0.28
78016,12,48,91849.551527,91194.931481,2,113,15,15,5
78017,7,39,14671.357155,16379.938905,1,116,5,5,0.73
78018,47,47,20294.919152,20450.606959,2,118,5,5,0.84
78019,65,65,15170.708349,15188.461471,1,114,7,7,1.87
78020,42,43,20799.12401,21804.570294,2,116,7,7,2.73
78021,62,62,113714.512414,114951.154202,1,115,4,4,1.53
78022,2,35,9288.15577,9831.299262,2,110,3,3,0.6
78023,0,32,7627.804398,7582.148962,1,110,15,15,5
78024,33,27,32080.735297,36663.74303,2,104,10,10,4.32
78025,15,36,19383.554945,21352.734071,1,117,8,8,1.91
78026,4,26,10437.834482,11852.540148,1,106,5,5,0.83
78027,44,44,32939.067721,34225.218909,1,105,6,6,1.93
78028,64,64,7037.582072,7279.634949,1,118,9,9,5
78029,1,52,12543.393358,12701.038119,1,109,7,7,1.06
78030,5,36,10016.87609,10161.502405,2,114,15,15,5
78031,64,66,13072.88574,13207.281267,1,104,14,14,5
78032,7,30,9747.905927,10065.021587,2,115,5,5,0.51
78033,61,61,79172.968756,78518.824841,1,104,6,6,1.64
78034,31,31,69244.437969,75767.546573,2,107,14,14,5
78035,30,27,41806.928883,42305.92935,1,108,8,7,3.31
78036,48,57,19504.850486,19578.704148,2,104,15,15,4.16
78037,67,70,108922.735854,109643.38838,2,113,15,15,5
78040,59,59,24782.967191,25308.80815,1,112,1,1,0.12
78041,9,33,7288.950827,7718.851649,1,112,4,4,0.76
78042,63,63,58203.453471,57966.680835,2,105,8,8,4.54
78043,61,61,167884.543709,171395.264901,2,109,10,10,4.32
78044,26,61,24705.814942,25122.901862,2,105,5,5,1.01
78045,12,52,19926.374763,20055.704446,1,109,4,4,0.58
78046,19,61,61838.809006,61781.612885,1,114,14,14,3.1
78047,72,49,38920.491029,39625.678454,2,115,8,8,2.65
78048,43,43,23441.763126,24491.919798,1,107,15,15,4.25
78049,7,38,6380.829306,8498.50675,1,118,3,3,0.42
78050,17,37,20846.588995,20389.369698,1,109,5,5,0.85
78051,40,40,96447.014995,98855.264636,1,104,15,15,5
78052,49,47,66313.020476,66731.447531,2,112,15,15,5
78053,4,25,8975.649596,9301.705172,2,105,4,4,0.47
78055,9,28,13900.049456,15060.388917,2,117,3,3,0.61
78056,75,75,8013.95142,8522.749291,2,110,5,5,0.48
78057,14,35,18184.520132,18058.386632,2,116,3,3,0.59
78058,50,50,77917.122011,0,2,106,7,7,1.77
78059,4,45,7784.505493,8839.588714,1,118,5,5,0.56
78060,2,27,25581.922245,28442.079962,2,116,15,15,5
78061,47,70,50832.77301,53796.99405,2,109,15,15,5
78062,0,27,7443.520249,7968.43935,2,114,7,7,1.77
78063,77,77,43508.78222,43865.955274,2,114,5,5,1.76
78064,12,32,16345.978321,16183.668827,2,111,5,5,0.72
78065,13,37,10109.179093,9811.324281,2,106,5,5,0.72
78066,2,22,10247.792651,10376.586414,1,109,9,9,3.07
78067,10,43,64947.503322,68171.741764,1,105,15,15,3.96
78069,3,25,11165.894195,11750.471333,2,105,4,4,0.47
78070,46,46,23010.64255,23366.375148,2,115,7,7,1.47
78071,6,59,15448.931147,15379.129568,2,112,4,4,0.91
78072,77,77,15276.106137,15994.3181,2,105,5,5,0.86
78073,14,53,65302.031864,66326.051994,1,104,14,14,5
78074,51,51,18119.207041,18444.035948,1,114,12,8,4.44
78075,73,73,89445.783154,89622.732337,1,109,5,5,1.55
78076,56,56,15685.56944,16018.383297,1,104,4,4,1
78077,10,30,17913.437563,18095.116196,2,109,6,6,1.26
78078,19,32,11178.8162,11081.098922,2,118,5,3,0.38
78079,40,57,78650.863298,79719.486028,1,107,8,8,2.12
78080,58,55,12328.779582,12457.070559,2,109,14,14,5
78081,63,71,15107.120526,15039.490541,1,118,14,14,4.84
78082,40,40,90642.388744,91215.193708,1,108,15,14,5
78083,53,53,113750.835861,115547.102255,1,113,3,1,0.04
78084,61,50,29962.886786,30136.765985,1,113,3,3,0.76
78085,32,54,20929.794386,22055.21055,2,106,15,15,5
78086,80,80,9168.793473,9978.954559,1,109,4,3,0.84
78087,16,56,13982.406362,14315.138063,2,113,6,6,0.65
78088,66,66,18748.638628,19030.695651,1,111,3,3,1.22
78089,62,80,7625.242813,7634.166053,2,106,8,8,2.43
78090,15,50,50982.575914,53566.591757,1,116,15,15,3.63
78091,18,18,21016.355264,22146.425979,2,108,2,1,0
78093,29,56,20249.482415,20542.458936,2,104,15,15,5
78094,39,35,29734.593679,29206.622289,2,111,14,14,3.79
78095,51,26,17887.444481,19004.56417,1,118,1,1,0.02
78096,28,28,92360.173931,92640.065691,2,105,7,7,2.02
78097,17,37,64429.496346,69141.914141,2,108,15,15,3.6
78099,72,72,11102.515965,11167.846602,2,104,3,3,0.76
78100,80,55,13640.922524,14362.381963,2,116,5,5,0.84
78101,80,80,26528.578763,27726.782819,1,116,2,2,0.53
78104,61,71,13846.32795,14569.986907,1,107,5,5,0.69
78105,36,40,24131.09346,27180.312462,2,111,2,2,0.16
78106,12,31,13621.970111,13821.847434,2,114,3,3,0.38
78107,54,54,70873.462288,75720.622174,2,114,6,6,2.14
78108,49,49,20887.046854,22929.907399,2,117,4,2,0.51
78109,16,40,49146.845584,48796.571578,1,116,15,15,3.17
78110,8,42,74354.66917,75326.421168,1,113,2,2,0.39
78111,32,32,19211.134195,20206.205749,2,109,3,3,0.51
78112,8,56,8256.209927,8409.726111,2,117,15,15,5
78113,12,41,52627.175138,53905.103916,1,116,15,15,4.72
78114,59,59,122899.023397,135323.683893,1,113,1,1,0
78115,11,42,43164.746157,43864.307489,2,107,7,7,1.43
78116,7,26,11510.855767,11579.3997,1,114,8,8,1.46
78117,8,34,12007.962356,12458.766716,1,108,6,6,1.09
78118,11,34,12342.989815,12287.221544,1,108,6,6,1.33
78119,73,73,30098.56176,30914.112909,1,104,14,14,5
78120,9,43,10172.677142,10758.12789,1,110,14,14,3.18
78121,22,21,49234.010671,51000.698662,1,109,7,7,2.58
78122,69,69,17372.828192,17983.225439,1,107,3,3,1.22
78123,0,36,4310.853184,4419.815082,1,114,4,4,0.54
78124,46,71,66076.325643,67726.229349,1,116,7,7,1.45
78125,0,51,9956.437798,10758.526514,2,115,3,3,0.48
78126,17,44,12556.667881,12500.821638,2,106,5,5,0.82
78127,67,67,19321.371642,21429.411859,2,108,9,9,3.81
78128,24,52,19370.330115,20233.38714,1,118,3,3,0.31
78129,39,39,66745.514133,68956.182189,1,115,12,6,1.7
78130,57,59,97441.437658,104001.138086,1,116,7,7,2.2
78131,80,80,42071.929453,43645.903124,2,112,7,7,2.67
78132,22,25,58260.697677,59065.383708,1,105,4,4,0.92
78133,0,46,5535.302969,5906.009159,2,117,1,1,0.11
78135,10,49,26305.81196,0,2,107,4,4,0.76
78136,5,37,23844.715336,24389.221835,1,105,3,3,0.59
78137,7,32,12189.367745,12134.293572,1,107,4,4,0.47
78138,66,65,111519.206155,113851.242397,2,109,14,14,4.77
78139,60,60,11893.550091,11997.341834,1,109,8,8,3.22
78140,47,47,57111.14129,57423.074675,1,112,15,15,5
78141,9,47,39849.768852,41711.305447,1,110,14,14,3.4
78142,13,39,16689.812146,19858.627575,1,108,9,9,1.99
78143,0,28,10888.3559,10489.61775,2,109,5,5,1.01
78144,73,73,9301.837931,9967.660779,2,118,3,3,1.18
78145,44,44,19492.320888,19644.241382,2,106,10,10,4.36
78146,33,33,12812.197906,14019.159228,1,117,12,1,0
78147,11,30,9026.243656,9301.091754,1,112,5,5,1.02
78148,23,23,75767.153187,83527.135519,2,115,4,4,1.37
78149,38,38,23486.66198,23467.475807,1,110,2,2,0.18
78150,0,44,5536.414346,5470.949101,1,110,6,6,0.7
78151,75,75,12144.768645,12391.70759,1,118,7,7,1.43
78152,0,20,10522.237687,10192.070823,2,109,3,3,0.61
78153,18,40,17591.104692,17235.110119,1,115,10,10,2.87
78154,2,20,11756.676598,13071.118452,1,113,1,1,0
78155,9,37,58836.858965,61051.720696,2,109,5,5,1.06
78156,32,32,31308.13869,0,2,116,3,3,0.86
78157,3,28,8148.695199,8306.390249,1,114,6,6,1.36
78158,41,45,16182.0556,15979.622309,1,118,5,5,0.56
78159,4,32,8825.652574,9522.567434,1,107,14,14,3.45
78160,9,26,7249.820732,7677.41367,2,105,1,1,0.31
78161,34,34,25774.254195,25890.623631,2,117,4,4,1.14
78162,3,43,57942.40529,78285.289938,2,113,14,14,4.55
78163,13,33,14186.945718,13875.789521,1,116,4,4,0.54
78164,18,56,69144.47305,73380.411123,2,114,14,14,3.14
78165,43,43,31350.865924,34964.061403,2,112,3,3,0.86
78166,35,26,49706.164125,50299.448535,1,116,4,4,0.87
78167,76,76,81877.396403,81557.578184,2,113,10,10,4.13
78168,19,19,29554.616125,30451.038095,2,112,5,5,1.27
78169,10,64,9093.778884,9174.785682,2,118,6,6,0.68
78170,50,42,71759.795102,75730.166135,1,105,9,9,1.51
78171,12,31,15752.903365,16097.523486,1,108,6,6,1.28
78172,5,25,12783.005053,12943.661243,2,118,6,6,0.68
78173,11,55,8387.332729,0,1,107,5,5,0.59
78174,67,67,5904.102946,6212.672626,1,118,9,9,3.5
78176,61,66,138843.957194,139762.573933,2,109,15,15,5
78177,14,44,12403.728625,12131.682964,2,110,6,6,1.03
78178,14,41,19802.719959,0,2,109,6,6,1.04
78179,52,51,115465.958145,117863.624529,2,105,15,15,5
78180,80,80,40753.93159,43202.952445,1,104,14,14,5
78181,6,45,44666.165675,0,1,104,15,15,5
78182,5,55,14684.191226,19839.634925,2,116,3,3,0.42
78183,63,31,62130.813413,64390.11305,1,109,15,15,5
78184,9,43,44074.551955,44914.228685,1,112,14,14,4.03
78185,51,51,103561.720586,110644.487558,2,109,8,8,4.28
78186,67,70,56094.89043,56619.326365,2,104,15,15,5
78187,41,41,17825.939273,17658.743733,1,118,4,4,0.54
78188,29,45,18768.650102,18595.495427,2,117,5,5,1.06
78189,22,22,26359.330998,30629.894841,2,114,1,1,0.11
78190,9,31,11183.784851,11297.211139,1,118,9,9,2.42
78191,26,24,28936.595564,29507.96232,2,116,2,2,0.53
78192,66,66,16731.909182,16780.042799,1,114,14,14,4.84
78193,33,32,56780.97346,62180.369185,1,111,9,9,2.82
78194,9,36,15842.40403,15770.824656,1,106,8,8,1.81
78195,79,79,23893.802566,23874.054631,1,114,3,3,0.9
78196,74,74,37788.739135,38812.663463,2,105,14,14,4.3
78197,31,31,77763.026638,79657.481194,1,109,15,15,5
78198,54,53,139870.360101,142774.787224,1,105,15,15,5
78199,35,35,84040.883954,86783.95099,1,110,8,7,3.05
78200,66,66,12085.007878,12256.843015,2,117,6,6,2.23
78201,80,80,39490.273952,40553.758492,1,115,4,4,1.16
78202,5,43,32743.41619,36404.256592,1,116,8,8,1.81
78203,44,44,32466.325208,32410.590097,1,115,6,6,1.84
78205,10,30,10306.494469,10795.658012,1,118,6,6,0.84
78206,13,45,102077.720986,104556.441474,2,111,15,15,5
78207,41,41,23273.826875,23181.801958,1,109,2,2,0.78
78208,52,52,30236.043768,31186.682872,1,110,13,3,0.87
78209,13,41,14101.66324,14003.849709,1,116,15,15,5
78210,1,31,12111.458009,13402.785998,1,115,9,9,3.17
78211,34,34,73916.478359,76736.528946,2,110,15,15,5
78212,16,56,11802.62678,12051.404212,2,104,15,8,2.27
78213,38,59,22031.787593,23470.209419,2,108,15,15,4.16
78214,16,53,16921.62129,17225.813568,1,104,6,6,1.11
78216,62,60,23056.118135,24649.602377,1,117,4,4,0.98
78217,66,76,15686.238191,16864.735016,2,106,15,15,5
78218,80,80,22404.737503,23789.550195,2,113,6,6,1.59
78219,2,36,37152.347672,39183.922292,2,113,15,15,4.19
78220,30,64,22084.236073,22576.457353,1,110,15,15,5
78221,30,26,17858.302239,18789.310056,2,113,3,3,0.36
78222,15,30,14043.466614,14298.666549,1,111,8,8,1.81
78223,23,26,46430.172148,48498.897154,2,109,5,5,0.88
78224,10,42,12734.470806,12581.437622,2,112,14,14,3.4
78225,40,37,22922.210081,22813.360515,2,106,5,5,0.72
78226,12,39,68544.325184,71736.536292,1,113,3,2,0.36
78227,76,76,60930.567291,62034.547963,1,115,6,6,1.92
78228,0,47,6143.001417,6284.807577,1,109,6,6,0.79
78229,22,46,51877.119096,53738.651034,1,111,15,15,5
78230,16,38,15391.576713,15080.094411,2,111,10,10,2.33
78231,36,32,33656.752408,34185.610556,2,108,6,6,1.26
78232,8,26,10052.199593,10439.409796,2,115,6,6,1.52
78233,18,37,14749.739361,14733.923119,2,113,15,15,5
78234,15,44,22881.402127,22860.238597,2,107,7,7,0.88
78235,64,64,13666.527217,14853.066571,2,117,3,3,0.64
78236,47,47,98711.148578,101175.932876,1,110,15,15,5
78237,39,40,36284.650273,37048.546108,1,118,6,6,0.95
78239,47,47,25539.866619,25220.369555,2,114,15,15,5
78240,15,46,17591.104692,17235.110119,1,115,8,8,2.25
78241,3,37,7382.818653,7525.692319,1,114,6,6,0.91
78242,78,62,8286.847996,8711.032766,1,112,14,14,4.61
78243,4,35,10912.726036,11261.317896,1,110,7,7,1.27
78244,28,38,52865.672879,55256.061765,2,111,2,2,0.48
78245,72,74,17575.252747,19738.872003,2,104,15,15,5
78247,24,54,24701.498029,25452.720784,2,110,8,8,1.79
78248,12,35,16412.284736,16999.010973,1,107,6,6,1.16
78249,4,24,16169.558344,17479.748738,1,106,5,5,0.8
78250,8,51,17072.353248,17779.205488,2,107,7,7,1.05
78251,40,42,34700.135557,34563.733734,2,111,5,5,0.9
78252,18,37,13968.969014,14248.355763,2,113,4,4,0.57
78253,23,53,80032.443178,81897.724794,2,109,14,14,2.87
78254,4,33,13288.643531,13688.988955,2,114,5,5,0.55
78255,17,45,19383.554945,20072.64483,1,117,7,7,1.78
78256,28,27,34754.231984,34741.819385,2,105,8,8,1.89
78257,0,36,9117.58453,9061.527152,1,107,6,6,0.7
78258,6,30,19880.134147,20139.950514,2,107,4,4,0.65
78259,5,31,20469.756614,0,2,105,4,4,0.95
78260,6,21,11304.436442,11253.360578,2,105,3,3,0.64
78261,3,47,10537.947882,11370.073599,1,107,6,6,0.7
78262,80,80,14622.538888,15365.760336,2,104,3,3,0.94
78263,41,41,19070.810086,18980.249474,2,110,6,6,1.07
78264,5,27,42115.231331,45410.002574,1,115,3,3,0.61
78265,0,20,10706.587126,11018.465117,1,109,1,1,0.03
78266,11,28,14336.567719,14481.969628,1,106,10,10,2.22
78267,32,32,17342.906206,18026.136718,2,117,15,14,5
78268,57,57,16522.530397,18426.756337,2,104,5,5,1.89
78269,40,45,30379.613391,30260.194991,1,107,14,14,4.12
78270,55,55,19000.187408,19292.946314,1,107,15,15,5
78271,11,29,14611.415798,19799.742918,2,106,6,6,1.22
78273,7,38,18539.103543,20299.756074,1,115,6,6,1.12
78274,77,77,80549.006362,81566.685421,2,115,6,6,2.03
78275,24,24,49602.042426,51110.541339,1,109,5,5,1.02
78276,6,37,23456.368143,26190.600137,1,105,3,3,0.59
78277,80,80,58594.123256,64078.089755,2,112,5,5,1.8
78278,6,42,20833.448475,21268.233147,2,115,5,1,0
78279,14,34,14644.795266,15000.410122,2,105,4,4,0.54
78280,41,38,61709.346843,62098.72528,1,116,15,15,5
78281,6,44,5763.732899,5672.144556,2,118,4,4,0.63
78282,32,31,16870.916427,18602.335538,2,104,14,14,5
78283,12,55,23500.430267,23457.092112,1,113,4,4,0.72
78284,1,29,12613.228073,12795.341206,2,116,15,15,5
78285,7,27,12158.636568,12736.943035,2,106,4,4,0.64
78286,10,45,7313.27027,7462.954078,2,106,1,1,0.17
78287,44,46,31765.692798,31186.774417,1,107,6,6,1.27
78288,70,70,34581.588793,34895.479305,2,112,3,3,1.11
78289,77,73,8028.588139,8075.830834,2,117,3,3,0.64
78290,15,37,10247.317984,0,2,117,4,4,0.47
78291,38,38,23267.257633,25308.5948,2,108,6,6,1.22
78292,28,28,89703.177422,90857.596642,2,105,9,9,4.97
78293,8,20,9377.712866,0,2,113,3,3,0.38
78294,30,30,46797.935206,50437.535336,1,108,14,14,4.25
78295,12,33,18853.688439,18722.913379,2,111,3,3,0.36
78296,59,59,27928.155995,28428.833114,1,107,9,9,5
78297,65,65,16202.02994,16032.722298,1,109,6,6,1.64
78298,12,51,71227.884492,70720.236929,1,116,15,15,5
78299,38,57,21366.554228,23020.244213,1,114,3,3,0.51
78300,0,42,8063.917792,8405.419272,2,113,10,10,2.19
78301,75,75,51195.148771,50538.15176,1,110,6,6,1.93
78302,15,49,9737.73399,10031.77945,1,114,15,15,3.63
78303,3,33,16419.515173,17141.503406,1,109,3,3,0.49
78304,60,60,15594.512382,16350.712449,1,112,2,2,0.73
78305,43,43,73461.791386,84369.279503,2,116,10,10,3.28
78306,63,64,9038.850741,9297.000406,1,117,4,4,0.72
78307,23,23,73602.377382,77767.976711,2,115,7,7,2.02
78308,2,32,32461.382967,33217.004834,2,107,6,6,0.9
78309,36,36,33190.678689,32776.38422,2,112,7,7,1.25
78310,0,33,11146.689056,11068.058192,2,104,15,15,5
78312,47,47,37380.003581,37315.833132,2,108,15,15,5
78313,63,63,58203.453471,59586.594611,2,105,7,7,3.75
78314,4,27,11587.65408,12049.508485,1,108,8,4,0.64
78315,14,36,20088.552519,19999.207942,1,111,14,14,3.45
78316,16,43,14101.66324,15477.720055,1,116,9,9,2.55
78317,66,66,90352.414131,93637.952581,1,104,15,15,5
78319,80,80,17241.333422,17907.553696,2,105,5,5,1.71
78320,41,48,60281.585895,60661.955335,1,118,15,15,5
78321,63,63,13740.288749,13779.816205,1,112,9,9,3.87
78322,29,29,28301.211888,30007.553258,2,111,3,3,0.56
78323,55,54,18002.276431,19231.764836,1,118,5,5,0.96
78324,9,41,14801.887122,14735.009026,1,108,15,15,5
78325,4,25,12695.695854,13253.942727,2,118,6,6,0.68
78326,11,32,11772.046138,11899.225465,2,111,8,8,2.53
78327,39,39,106819.654572,109650.89718,1,105,15,15,4.9
78328,66,66,21239.874612,22251.60476,2,113,3,3,0.93
78329,22,30,92696.903731,92140.928422,2,105,8,4,1.29
78330,27,59,86267.19682,87265.399197,1,104,15,15,5
78331,7,55,25295.21158,26212.947806,2,106,15,15,5
78332,12,44,10120.921487,10190.016779,2,106,15,15,4.69
78333,6,40,12144.628329,12267.799522,2,114,5,5,0.67
78334,28,28,43864.060639,44604.579663,2,115,1,1,0.06
78335,27,54,34378.472565,35423.991782,1,111,4,4,0.65
78336,19,36,29554.616125,31573.49516,2,112,6,2,0.43
78337,73,73,76458.854396,79384.565536,1,113,4,4,1.48
78338,35,36,110808.601485,113603.842173,1,106,15,15,5
78339,8,44,10669.767026,11269.953115,1,107,15,15,5
78340,14,55,23022.757956,23566.089798,1,113,1,1,0.02
78342,40,41,61709.346843,62098.72528,1,116,15,15,4.88
78343,3,27,11521.30964,11868.410801,1,116,7,7,1.27
78344,0,18,13454.209391,13997.46166,1,113,2,2,0.46
78345,19,41,9831.770326,9670.784018,2,106,8,8,1.25
78346,32,32,37665.25833,38458.21992,1,114,7,7,1.27
78347,7,31,15031.447129,15227.8953,1,112,4,4,0.4
78348,11,40,8965.6736,9141.747227,1,116,7,7,1.31
78349,33,31,108079.124841,114552.886093,1,115,14,14,3.82
78350,43,34,30922.746066,31389.378331,1,109,14,8,4.18
78351,23,23,33971.242901,34783.543691,2,114,3,3,1.11
78352,25,22,17435.703011,19078.02219,1,118,9,6,2.26
78353,11,41,44535.638368,45970.781457,2,107,5,5,0.91
78354,44,63,24924.41094,25081.918112,2,110,4,4,1.24
78355,34,36,46074.271128,48026.652718,1,109,15,15,4.53
78356,45,47,17112.602444,17820.179025,2,104,15,15,4.19
78357,9,40,8029.959986,9199.053887,1,117,15,15,5
78358,9,75,7322.59681,7840.908588,1,118,7,7,1.43
78359,35,71,19934.390257,20579.117971,1,106,15,15,3.17
78360,38,38,22568.629344,22410.187617,1,104,8,8,1.29
78361,4,36,15675.810987,16436.24642,2,106,6,6,1.34
78362,52,52,95058.461447,95743.056368,2,105,15,15,4.86
78363,0,26,7931.086119,8039.1878,2,108,9,9,1.88
78364,18,18,8098.694589,8335.812244,1,117,13,1,0
78365,9,38,12007.962356,12129.747478,1,108,15,15,3.63
78366,0,26,14146.11527,14770.499653,1,115,7,7,1.56
78367,30,30,15740.694553,16683.536185,2,116,6,6,0.93
78368,52,52,114727.787393,123333.520728,2,105,8,8,4.28
78369,23,21,27266.731055,27805.125547,2,107,5,5,1.53
78371,30,30,19092.79161,19887.578849,1,112,15,15,5
78373,12,42,12443.701173,13657.972107,2,114,7,7,1.97
78374,49,49,25259.504901,25397.468925,2,108,2,2,0.32
78375,44,44,27494.677312,27142.06289,1,111,8,8,1.14
78376,65,71,15333.439922,15467.691749,1,114,9,9,3.07
78377,62,62,88111.560425,87383.563964,2,113,7,7,2.23
78379,47,45,91249.402337,90973.1748,2,113,7,7,1.92
78380,12,33,14410.149468,14094.097839,1,110,7,7,1.3
78381,21,64,48468.106963,50207.311658,2,113,2,2,0.61
78382,46,41,17155.853224,17678.953772,2,118,6,6,0.9
78383,0,38,18040.818432,17913.555067,1,105,15,15,5
78384,5,45,47774.037289,54287.491041,1,114,15,15,5
78385,13,41,19069.312089,19324.428715,1,110,14,14,3.45
78386,44,42,16441.312142,17184.114124,2,104,10,10,2.51
78387,10,47,8930.180154,9700.873491,2,106,15,15,5
78388,30,30,28884.38512,30352.349685,2,107,4,4,0.65
78389,16,80,10627.585017,10607.662682,1,117,3,3,0.52
78390,4,41,5714.843441,5964.653337,2,118,7,7,1.14
78391,55,55,18508.919608,18794.108956,2,113,14,14,3.14
78392,67,67,79461.037214,78804.513217,1,116,7,7,2.26
78393,26,26,24350.542743,24541.952795,1,112,4,4,0.64
78394,58,61,149237.343088,152336.276891,2,109,10,10,4.32
78395,22,47,89703.177422,91793.850669,2,105,8,8,2.2
78396,0,33,13966.028859,13421.350006,1,107,7,7,1.78
78397,11,58,7453.149892,8106.67655,1,110,7,7,1.49
78398,17,42,15326.45686,16568.000908,1,116,15,15,4.25
78399,5,41,7511.815016,10416.332843,2,104,5,5,0.86
78400,49,53,25532.281371,25212.879196,1,107,14,14,3.45
78401,9,53,7149.660449,7453.23776,2,114,5,5,0.75
78402,69,69,36993.253784,37855.789738,2,115,6,6,1.38
78403,80,80,39708.958985,42095.184434,1,104,15,15,5
78404,44,44,116840.008618,127655.609115,2,111,14,14,5
78405,2,25,10763.102333,0,2,112,4,4,1.21
78406,0,26,4732.381343,4932.794501,2,105,7,7,0.97
78407,13,44,18351.092226,19902.169388,1,111,3,3,0.69
78408,9,44,14478.968058,17932.828202,1,110,5,5,1.42
78411,41,70,10667.004813,11245.110515,1,118,8,8,1.56
78412,12,30,13128.476273,12696.003757,2,105,7,7,1.55
78413,12,34,23022.757956,23566.089798,1,113,1,1,0.03
78414,52,52,22210.859041,0,2,116,2,2,0.29
78415,6,34,11923.587281,11780.298678,2,108,9,9,2.64
78416,1,45,6075.015687,6295.700854,2,117,6,6,1.11
78417,22,22,24705.814942,27892.250622,2,105,5,5,1.71
78418,36,37,28687.444194,31934.101461,1,114,8,8,1.34
78419,32,45,34182.065671,33453.992804,2,111,6,6,1.07
78420,44,44,98994.797869,103000.835828,1,114,10,10,5
78423,56,56,15115.676152,15172.910532,1,118,10,10,2.33
78424,45,45,20811.082711,22297.269761,2,117,3,3,1.16
78425,2,21,27115.138219,29236.417738,1,115,6,6,1.27
78426,0,32,7399.253495,7426.316809,1,110,15,15,4.25
78427,18,37,13675.380162,13706.423569,1,114,15,15,5
78428,68,68,46586.216014,50571.548894,2,118,3,3,1.19
78429,7,67,9509.661131,9607.052771,2,106,3,3,0.35
78430,37,36,29921.555796,29284.23115,1,116,7,4,0.76
78431,80,80,53754.49049,60423.74959,2,109,5,5,1.89
78432,16,40,26426.330896,25784.17894,2,109,14,14,2.5
78434,32,32,106819.654572,107655.697705,1,105,15,15,5
78435,67,64,8779.720493,8877.197686,1,104,14,14,4.25
78436,9,36,17301.242051,19317.991161,2,115,4,4,0.53
78437,6,54,9093.778884,9052.691244,2,118,99,4,0.76
78438,33,33,24369.608515,25299.354227,1,105,3,3,0.87
78439,30,29,40466.346423,39747.820607,2,116,15,15,5
78440,57,57,109829.899489,112020.021245,2,109,1,1,0
78441,27,27,30626.373724,30916.423188,1,111,15,6,2.61
78442,59,59,25795.959708,26049.38298,2,112,4,4,0.91
78443,62,62,14974.460152,15052.501726,2,104,14,14,5
78444,52,55,136076.460362,138902.106639,1,115,6,6,1.74
78445,63,63,126017.53674,128761.111299,2,109,9,9,3.81
78446,28,31,91611.755665,93626.388795,2,105,15,15,5
78447,23,24,32937.437218,38466.852899,2,112,7,1,0.17
78448,3,43,11789.576267,12175.317202,1,108,6,6,1.2
78449,0,24,7986.501657,8359.661027,1,113,3,3,0.55
78450,34,34,28875.349989,34364.736286,2,112,3,2,0.69
78451,13,47,11100.201624,11435.388834,1,107,6,6,0.7
78452,13,36,11436.646626,11576.784557,1,104,4,4,0.87
78454,2,21,11931.463261,12458.147122,2,112,7,7,1.68
78455,8,40,18525.865397,18832.505506,1,108,6,6,0.71
78456,14,38,16964.946275,16821.430801,2,108,6,6,1.22
78457,33,33,65043.496946,68853.595564,1,105,14,14,3.84
78458,15,48,13168.80819,14392.691918,1,118,1,1,0
78459,25,29,31600.84684,0,1,106,7,7,1.27
78460,32,32,28801.245352,30349.917377,2,112,14,14,3.65
78461,16,34,9556.127732,9274.567914,2,117,4,4,1.14
78462,58,58,25895.958339,26638.282502,2,105,4,4,1.63
78464,26,26,86780.663669,87897.472114,1,110,4,4,1.65
78465,68,68,29147.275513,30189.124008,2,105,1,1,0.08
78466,5,46,11165.894195,11750.471333,2,105,1,1,0
78467,69,76,13834.19112,13711.821499,2,108,14,14,5
78468,30,30,43441.566166,44077.540453,2,111,6,6,1.62
78469,2,37,6922.834588,7525.567481,2,117,3,3,0.38
78470,12,45,10339.805345,10762.639892,1,118,8,8,2.1
78471,6,37,41677.318467,42104.14991,1,105,9,9,2.18
78472,11,31,12534.115219,13646.899522,1,116,15,15,5
78473,60,43,10935.521833,11862.044921,1,112,9,1,0.22
78474,45,34,28752.828398,32284.048098,1,110,7,7,1.38
78475,77,77,24889.629556,25135.849836,1,113,4,4,1.54
78476,9,55,16120.456515,17065.728334,2,108,14,14,3.14
78477,14,52,51320.999943,56816.952926,1,105,8,8,1.81
78478,47,43,89570.674146,91729.858393,2,115,14,14,3.56
78479,28,54,47804.225226,49606.484809,1,117,10,10,2.36
78480,47,45,17258.46935,17972.077276,1,118,9,9,2.63
78481,71,72,63681.503281,64204.278588,2,114,15,15,5
78483,15,38,10195.349076,9894.955369,1,118,5,5,0.63
78484,79,80,63863.900338,63542.388089,1,116,3,3,0.64
78486,60,60,13288.847991,13257.796998,2,117,15,15,5
78487,80,80,32057.561839,33983.992847,1,114,8,8,3.22
78488,0,29,7226.475551,7028.672738,2,105,10,10,2.94
78489,31,31,16201.021749,17531.929173,2,104,14,14,5
78490,23,52,27613.679439,27830.739726,2,116,6,6,0.69
78491,11,35,11395.826539,11564.277137,2,115,8,8,2.58
78492,4,20,14379.566578,15068.390298,1,113,1,1,0.26
78493,11,46,43164.746157,43606.810848,2,107,15,15,5
78494,0,36,6116.262782,6043.941128,2,112,7,7,1.25
78495,24,65,52731.52969,53960.520697,2,112,6,6,1.22
78496,19,44,17318.160418,17428.868765,2,111,4,4,0.81
78497,64,64,8047.572832,8069.095436,1,108,8,8,3.22
78498,78,78,30776.203331,31661.28546,2,116,3,3,1.23
78499,23,23,30023.167309,29746.181393,1,112,6,6,1.54
78500,36,36,22833.315138,24810.62839,1,108,14,6,2.61
78501,19,46,9790.962984,9592.821381,2,105,1,1,0
78502,1,40,9506.938154,9885.860516,2,114,5,5,0.63
78503,72,72,19707.729132,22694.101597,1,117,3,3,0.87
78504,60,60,8234.899235,8419.503787,1,118,5,5,1.23
78505,0,32,14109.424663,0,1,104,15,15,5
78506,57,57,30130.547243,32390.640118,1,113,2,2,0.73
78507,2,26,8655.148873,8822.644908,2,108,3,3,0.69
78508,51,45,114436.342172,120517.205872,2,114,8,8,3.05
78509,13,31,16461.027048,15976.02267,1,109,4,3,0.42
78510,40,40,33692.336927,33611.107327,2,116,14,14,4.42
78511,15,38,15691.604926,16283.999554,2,112,4,4,0.71
78512,31,31,116361.653188,119292.243933,1,113,3,3,0.61
78513,2,32,12654.682128,14069.524468,2,108,5,5,1.21
78514,45,46,27925.241923,28338.338604,2,115,1,1,0.07
78515,80,63,36777.832449,38987.918081,2,112,4,4,1.14
78516,1,28,15107.762237,15459.434115,2,107,6,6,1.15
78517,12,31,43066.790722,45295.210905,1,114,5,5,0.63
78518,38,38,85650.123162,87920.269785,1,110,15,15,5
78519,2,38,12956.421065,13526.132378,1,106,2,2,0.29
78520,8,37,46988.58487,51954.933892,1,110,15,15,4.67
78521,70,70,6770.568659,6908.234277,1,118,8,8,1.56
78522,51,51,20545.181159,20853.577,2,114,2,2,0.75
78523,60,63,13774.696495,13999.948929,1,118,8,8,3.18
78524,1,31,36084.277286,40118.638862,1,115,14,14,3.82
78525,11,41,20492.291565,20700.125014,1,111,7,7,2.78
78526,30,23,71099.153995,73811.718438,2,104,14,14,3.88
78527,72,72,31432.746709,31718.05578,2,115,4,4,1.37
78528,38,38,64262.69688,70316.505147,2,109,14,14,5
78529,19,49,17677.368666,17156.526244,2,107,12,10,2.33
78530,7,30,12986.749465,15730.258955,2,111,6,6,1.62
78531,60,60,83583.931955,83913.530687,2,115,15,15,5
78532,28,28,62211.875054,0,1,106,15,15,5
78533,48,50,30096.899681,30371.878353,1,107,15,15,5
78535,80,80,17232.594196,18694.820412,1,114,3,3,0.77
78536,51,51,18547.946289,19553.165065,2,105,9,9,2.52
78537,7,37,58836.858965,61051.720696,2,109,5,5,1.06
78538,32,32,30951.077321,0,1,106,6,6,0.91
78539,0,37,5391.693678,6927.074178,2,104,15,15,5
78540,8,33,43164.746157,45569.151343,2,107,9,9,1.97
78541,11,39,8018.518452,8279.374249,2,118,10,10,2.73
78542,41,41,25707.261411,25959.813298,2,112,6,6,0.9
78543,3,56,13955.975164,14612.336325,1,112,4,4,0.48
78544,1,33,28870.638389,39006.773807,1,105,14,14,3.84
78545,1,29,7574.950558,7721.542396,2,116,10,10,3.54
78546,10,42,14127.75925,14668.446223,1,106,3,3,0.4
78547,7,23,22538.154363,23350.877116,2,109,5,5,0.86
78549,20,24,76868.238234,78422.563131,2,112,7,7,2.02
78550,2,43,7320.80078,0,2,117,4,4,0.73
78551,59,59,36269.783123,39936.531068,1,105,3,3,1.17
78552,68,68,15174.746412,15608.137317,1,109,2,2,0.73
78553,10,41,40316.688771,44145.551368,1,114,15,15,5
78554,10,35,18532.303143,19377.629852,1,109,10,10,2.54
78555,5,32,10246.117133,10374.889838,1,117,9,9,2.68
78556,60,60,22832.001353,24708.946375,1,112,1,1,0.3
78557,70,70,34581.588793,34895.479305,2,112,3,3,1.02
78558,5,28,9236.463731,9984.877868,2,118,4,4,0.47
78559,11,37,43148.044441,43711.952516,2,116,14,14,2.22
78560,22,37,21438.505508,21240.719444,1,114,5,5,0.63
78561,80,79,34201.668854,36144.041566,1,113,6,6,1.93
78562,48,48,13999.524327,14215.949711,2,106,7,7,1.82
78563,9,38,14968.995335,16013.96501,2,108,6,6,1.22
78564,8,38,8743.281122,9071.522428,1,118,7,7,1.09
78565,6,35,10801.905474,11878.745479,1,108,6,6,1.12
78566,43,38,83143.826186,87347.53683,2,108,8,8,2.32
78567,0,35,17537.734648,16945.474422,1,109,15,15,3.79
78568,29,29,36078.148158,36065.262717,1,107,6,6,1.61
78569,19,21,29554.616125,30451.038095,2,112,2,2,0.25
78570,0,23,14688.999899,15282.110374,1,112,6,6,1.54
78571,0,29,5596.228959,5616.697579,2,112,3,3,0.28
78572,51,51,119233.822129,128177.553208,2,108,7,7,3.68
78573,5,35,8761.504676,8871.618843,2,118,3,3,0.61
78574,10,29,10406.797426,10281.73645,2,108,7,7,1.43
78575,22,22,90436.00364,92598.457261,2,105,1,1,0.06
78576,15,39,13357.331923,13492.026535,2,113,15,15,2.49
78578,11,33,14801.887122,15134.695948,1,109,14,14,2.69
78579,71,71,51435.39666,52278.753921,2,113,9,9,3.81
78580,78,78,36934.948142,37145.901655,1,113,3,3,1.04
78581,44,44,25717.184334,26551.487473,1,111,8,8,2.02
78582,15,43,86616.324581,91922.625588,1,105,15,15,3.96
78583,54,58,25643.026959,25314.159628,1,111,6,6,1.54
78584,11,48,42846.479497,44403.583821,2,106,15,15,5
78585,8,40,9006.218247,9388.62571,1,111,7,7,1.27
78586,41,80,20217.247797,19964.335305,2,117,14,14,4.06
78587,57,57,12566.144373,13253.165982,1,117,9,9,2.18
78589,20,75,20371.854347,20364.578466,2,110,5,5,0.48
78591,70,73,21936.519156,22247.252892,1,112,4,4,0.97
78592,4,65,29112.296896,32367.164135,1,114,5,5,0.65
78593,8,40,13114.380533,13231.202591,2,112,5,5,0.45
78594,1,36,12254.739004,12849.217833,1,106,8,8,1.81
78595,31,31,19246.462192,20244.926697,1,113,8,8,2.1
78596,9,46,51396.579214,53201.315736,2,107,8,8,1.91
78598,63,63,20324.469673,22312.788687,2,104,5,5,1.27
78599,36,36,86131.15574,88414.052076,2,105,15,15,5
78600,11,54,22467.704571,22761.338273,2,112,5,5,0.86
78601,46,46,16575.424742,17473.741348,1,107,15,15,3.93
78602,14,32,10339.028761,12302.051086,2,104,5,5,0.72
78603,33,33,19002.379497,20024.156617,1,118,5,5,0.56
78604,11,40,53519.058563,59175.630789,2,114,15,15,5
78605,11,44,38228.25587,38969.78742,1,116,15,15,5
78607,2,27,36591.698972,0,1,111,14,14,4.1
78608,59,59,22232.599185,22013.559428,2,112,3,2,0.66
78609,1,38,7000.219173,7339.800628,1,118,15,15,4.16
78610,8,35,10434.739893,10710.323307,1,107,6,6,1.16
78611,21,49,40758.69895,40382.669817,2,115,10,10,3.49
78612,60,66,15239.155551,15400.555144,1,111,5,5,1.02
78613,22,24,56411.515499,59937.860361,2,107,6,6,1.91
78614,14,59,10283.522239,12988.171175,1,106,4,4,1
78615,57,57,13360.435378,13400.964192,1,117,15,15,5
78616,21,55,39586.91991,40790.838595,1,115,6,6,1.93
78617,1,38,30981.36691,31875.058971,1,109,10,10,2.97
78618,0,19,4271.360797,4433.419557,1,112,3,3,0.51
78619,61,33,43834.785314,44311.487242,1,117,10,10,4.51
78620,64,30,13285.053009,14788.243337,2,115,5,5,0.51
78621,50,50,14258.02853,14477.71925,2,104,9,9,3.03
78622,16,46,64042.295263,63585.860043,2,107,15,15,5
78623,12,43,83497.52936,85895.443675,1,105,15,15,3.96
78624,13,39,17242.214298,18036.931154,1,111,3,3,0.51
78626,51,51,24978.144602,25425.935909,1,111,5,5,1.74
78627,69,69,111519.206155,113851.242397,2,109,14,14,5
78628,11,44,13540.178629,13896.141616,1,111,8,8,1.14
78629,13,56,47930.674057,50222.364579,1,118,10,10,3.54
78630,65,65,9792.850833,10622.559971,2,117,14,10,5
78631,28,28,31377.385861,31907.103146,2,108,6,6,1.07
78632,2,33,11707.924175,11857.011627,1,110,3,3,0.51
78633,24,18,19743.974615,20934.381614,2,110,7,7,1.43
78634,55,55,29756.246062,31791.327708,1,113,1,1,0.43
78635,11,42,8350.10605,9565.810496,2,118,8,8,1.56
78636,25,29,27339.111802,28251.96222,2,114,2,2,0.82
78637,7,26,8041.064157,8301.938434,1,112,4,4,0.64
78638,40,40,25357.169268,25296.035108,1,111,7,7,1.27
78639,10,41,15588.649564,15518.216707,2,112,9,9,1.45
78640,66,66,15696.108911,15685.127975,2,109,6,6,2.03
78641,10,43,8956.64318,8866.366266,1,112,14,14,3.18
78642,19,38,35063.33474,36888.953984,2,106,4,4,0.91
78643,0,22,6619.377387,6525.000013,1,110,5,5,0.89
78644,0,29,5968.68513,6195.141699,1,112,4,4,0.82
78645,37,37,106819.654572,109650.89718,1,105,9,9,2.18
78646,9,35,5973.764955,5915.562381,1,104,6,6,0.95
78647,7,30,12017.14688,12203.615321,1,114,10,10,2.22
78648,3,35,47726.034876,47620.059489,2,107,8,8,1.95
78649,50,68,21956.706047,21675.115137,1,111,14,14,3.61
78650,21,60,20268.203478,22177.32405,2,117,15,15,5
78651,24,67,37144.711607,38581.796078,2,107,15,15,4.61
78653,12,34,49847.138435,0,1,116,14,14,4.61
78654,61,61,114669.582778,115916.610926,1,113,7,7,2.26
78655,28,28,47834.841439,51094.928512,2,112,5,5,1.97
78656,47,48,22737.96647,0,2,105,6,6,1.91
78657,11,28,6969.27798,6858.532976,1,108,3,3,0.32
78658,50,50,25479.456602,28452.175361,1,111,8,8,1.63
78659,19,19,29207.842273,30638.181039,2,109,5,4,1.37
78660,35,33,82260.081265,88317.100353,2,107,9,9,1.97
78661,64,64,9435.479756,10213.4388,2,114,3,3,0.94
78662,56,56,16626.531322,17048.693541,2,104,8,8,4.28
78664,37,40,93858.564581,100769.609506,2,115,6,6,1.26
78665,48,48,20952.09579,21552.700979,1,108,9,9,4.79
78666,20,20,48113.943758,0,2,111,8,8,3.86
78667,63,63,127710.787074,128214.392402,1,105,9,9,3.87
78668,6,37,45988.827745,46589.862431,1,110,15,15,5
78669,27,27,90189.767421,92959.181087,2,107,12,3,1.03
78670,7,38,39849.768852,41711.305447,1,110,15,15,4.67
78671,67,67,18270.315293,19025.870385,2,111,14,14,3.35
78672,31,31,40094.587987,40573.150242,1,114,14,14,3.61
78673,32,32,18100.496948,18424.364537,1,115,9,8,3.92
78674,61,61,101153.817481,102099.513184,2,109,10,10,4.13
78675,19,45,12350.589185,12264.921649,1,114,4,4,0.74
78676,39,40,27591.252041,27936.911003,2,114,15,15,5
78677,12,42,19510.591954,18935.735811,1,109,7,7,1.49
78678,44,41,69669.86105,70109.469358,2,108,15,15,3.13
78679,68,68,17406.322197,17227.90576,1,108,15,15,5
78680,16,55,28984.081389,28777.509224,1,115,3,3,0.84
78681,6,26,9335.134547,9186.795004,2,115,6,6,1.04
78682,53,56,22598.987599,22187.12914,1,115,8,8,2.61
78683,56,52,101132.250586,103232.275576,2,110,15,15,5
78684,3,40,12783.005053,12943.661243,1,118,6,6,0.95
78685,80,80,13342.386652,13061.890693,1,107,6,6,1.33
78686,12,37,19761.173967,19624.104305,2,115,3,3,0.31
78687,17,38,15216.743815,15111.195737,2,111,10,10,2.33
78688,39,56,56918.367142,57597.735193,1,111,9,9,2.63
78689,21,68,36155.547774,37921.922953,1,109,5,5,0.63
78690,2,26,11562.125734,11729.062772,2,116,7,7,1.56
78692,39,39,26929.892939,27810.996197,1,105,15,15,5
78693,14,18,13251.194129,13645.448682,1,108,5,5,0.85
78694,22,23,27235.329312,29107.839097,1,112,6,6,1.54
78695,23,20,30023.167309,33594.697456,1,112,99,3,0.87
78696,8,39,8395.970826,8518.259844,2,113,15,15,2.49
78697,9,38,21088.747709,22627.781633,1,109,7,7,1.31
78698,80,80,22181.980752,23039.111981,1,116,2,2,0.78
78699,9,37,9954.762171,0,2,106,15,15,5
78700,80,80,12484.178482,12897.611601,1,108,8,8,2.9
78701,14,45,55217.018213,56858.772181,1,112,15,15,5
78702,80,80,32307.180593,33377.083466,2,107,6,6,1.93
78703,59,58,77393.670188,77985.616894,2,114,15,15,5
78704,55,60,24236.158571,24923.160878,1,104,8,3,1.04
78705,37,43,47111.891835,47324.59961,1,109,6,6,1.06
78706,39,79,25374.84047,24924.281436,2,117,7,7,1.77
78707,56,57,25570.743078,29652.498595,2,115,5,5,0.57
78708,40,30,22921.482522,22627.518523,1,104,8,1,0.03
78709,0,24,8971.013086,9039.872871,2,111,7,7,1.51
78710,36,56,69238.711369,70985.316421,1,115,9,9,2.34
78711,0,28,15121.218982,14610.565995,2,107,2,2,0.3
78712,53,53,28394.882798,28725.808465,2,113,3,3,1.03
78713,14,41,10069.033079,10842.412043,1,104,8,8,1.58
78714,64,64,104766.45382,104340.262108,2,108,5,5,1.71
78715,15,42,93161.249832,99717.584389,2,108,10,10,3.1
78716,46,46,14607.937261,15081.840148,1,118,14,14,4.03
78717,11,38,8983.550749,8840.798032,2,111,6,6,0.78
78718,45,48,37529.407865,36845.447841,1,107,7,7,1.7
78719,37,45,22445.481682,23011.68794,2,108,6,6,0.88
78720,27,27,39290.220861,40571.576651,2,108,6,6,1.09
78721,2,20,31443.048545,34746.562599,1,110,15,15,4.46
78722,8,48,7622.206989,7530.609102,1,108,15,15,4.82
78723,66,66,22017.522842,21645.807754,1,111,14,14,5
78724,23,21,34142.229142,36132.698642,2,105,5,5,2.06
78725,35,60,20075.300868,21115.133322,2,113,5,5,0.43
78726,8,26,26155.241628,26423.106258,1,113,3,3,0.35
78727,70,70,54972.041423,55286.013576,1,113,7,7,2.26
78728,38,38,19608.433405,22477.185827,2,113,1,1,0
78729,18,58,16348.141659,17101.649504,1,111,6,6,1.54
78730,0,33,6113.064874,6039.791223,1,107,15,15,4.25
78732,10,47,8753.815789,8716.351526,1,112,5,5,0.85
78733,27,27,62218.058951,63705.781334,1,112,6,6,2.61
78734,4,38,9626.2174,10189.129722,1,110,15,15,4.43
78735,44,44,100857.701196,103376.084193,2,113,15,15,5
78736,41,37,81254.69147,85992.911554,2,107,15,15,4.19
78737,71,71,31752.034297,33659.088007,2,112,2,2,0.43
78738,2,24,13804.150804,15347.508182,1,115,6,6,1.54
78739,53,53,139320.855635,140324.220813,1,105,15,15,5
78740,10,57,17036.739892,17301.096678,2,107,8,8,1.65
78741,37,37,37665.25833,43351.7978,1,114,8,8,1.34
78742,53,53,104153.99809,104904.097523,1,112,15,15,5
78743,8,33,8080.016759,7982.917263,2,114,5,5,0.55
78744,55,57,110148.142573,112435.383791,1,110,15,15,5
78745,2,19,10874.582898,11013.058672,1,110,3,3,0.55
78746,27,27,39887.073393,44686.157187,1,106,15,15,5
78747,70,72,60930.567291,61700.381411,1,115,5,5,1.55
78748,77,77,55495.612786,55371.13489,1,115,8,8,3.35
78749,7,18,8424.955223,8597.392359,1,108,5,5,0.85
78750,20,53,29272.069058,32124.659476,1,104,15,15,5
78751,11,47,45988.827745,48271.886197,1,110,14,14,3.4
78752,80,80,12808.345484,0,1,104,7,7,1.79
78753,15,35,15430.413087,0,1,111,15,15,5
78754,79,79,17362.511974,17697.848863,2,114,2,2,0.45
78755,40,40,99645.667886,104878.098655,2,115,6,6,1.26
78756,7,29,9309.779365,9593.261093,2,114,10,10,3.28
78757,65,65,11563.524033,11604.322926,1,106,6,6,1.43
78758,4,32,7426.001531,0,1,104,6,6,1.93
78759,72,72,11824.556541,0,2,106,14,14,4.04
78760,31,31,23267.257633,23229.094461,2,108,4,4,1.37
78761,11,27,13186.489912,14019.186186,2,105,3,1,0
78762,24,56,27352.600441,28723.025208,2,117,4,4,0.49
78763,0,27,5236.265215,5092.938363,1,104,14,14,3.97
78764,51,51,21540.570755,21615.563448,2,107,5,5,1.21
78766,46,46,77446.959241,79380.783857,2,104,14,14,3.48
78767,29,29,90436.00364,91559.600302,2,105,10,10,2.94
78768,34,34,28203.606187,28005.60444,1,108,14,14,3.82
78769,19,40,30051.787272,29549.068893,2,109,14,14,2.5
78770,41,41,26291.543742,26948.034778,1,113,3,3,0.59
78772,30,38,41973.321,41643.155956,2,112,1,1,0.18
78774,4,37,11030.767811,11190.032964,2,111,15,15,5
78775,3,30,47222.88942,55331.981832,2,115,15,15,5
78776,24,61,71075.53548,71866.08234,2,106,15,15,5
78777,56,56,20238.646751,20330.1249,2,108,5,5,0.48
78778,64,64,70442.684021,74395.606458,1,104,8,8,3.92
78779,6,33,36276.756604,39721.94818,1,110,10,10,2.36
78780,80,80,52965.381469,55207.758502,1,105,9,9,3.87
78781,29,26,32665.105027,32921.872586,1,106,5,5,0.83
78783,19,19,22244.452235,23154.11374,2,109,7,7,2.48
78784,4,50,41663.032071,42864.84867,2,107,15,15,5
78785,14,61,10350.452593,11218.422314,1,104,7,7,1.92
78786,9,31,16878.511465,17051.369981,2,109,6,4,0.57
78787,17,31,19450.125624,19064.616553,2,111,3,1,0
78788,16,46,12586.673175,12331.954246,2,114,14,14,4.11
78789,75,75,34620.479077,34542.82457,1,104,3,3,1.09
78790,58,64,16347.065312,16282.807076,2,118,6,6,0.68
78791,43,34,25617.122363,25834.675499,1,108,14,14,3.82
78792,0,36,9117.58453,9061.527152,1,107,6,6,0.7
78793,2,65,17756.337591,18268.53894,2,106,10,10,2.6
78794,60,60,16995.351731,18014.924875,1,112,7,7,1.55
78795,0,26,4728.518578,5146.268242,2,105,6,6,1.52
78796,64,64,32211.422577,34912.159898,2,115,3,3,0.86
78797,37,62,49350.716112,50625.238343,1,107,15,15,3.79
78798,19,58,12350.589185,12337.345568,1,114,2,2,0.32
78799,45,48,85580.848244,86120.852937,1,104,15,15,5
78800,0,24,6777.404533,7033.644685,1,110,5,5,0.73
78801,37,65,14701.061755,15581.631098,1,106,6,6,0.67
78802,14,45,86616.324581,88719.600951,1,105,15,15,5
78803,6,52,11854.875948,13187.336639,1,109,7,7,1.06
78804,64,44,10441.921057,10463.445858,2,106,15,15,4.38
78805,41,40,26326.594433,25997.255609,1,111,7,7,1.27
78806,46,46,21378.812628,21679.381918,2,112,2,2,0.42
78807,9,47,8446.6184,9072.388931,2,105,10,10,2.94
78808,6,33,29086.03096,29383.91079,1,109,15,15,3.63
78809,47,48,86527.837647,90927.964995,2,116,14,14,4.77
78811,12,41,9378.346282,9296.367435,2,118,14,14,2.1
78812,41,80,22173.26924,21888.900945,2,118,10,10,2.15
78813,13,40,19682.414621,19994.901525,2,111,10,10,3.28
78814,42,40,23360.215327,23589.709491,2,114,5,5,0.67
78815,17,45,83497.52936,85813.596675,1,105,8,8,2.41
78816,0,30,6806.261082,6963.378049,1,106,10,10,2.54
78817,9,37,7852.361067,8059.743377,1,114,6,6,0.91
78818,43,66,14490.182751,15757.242415,1,118,8,8,2.58
78819,37,38,26393.469053,27511.88334,1,118,15,15,4.4
78820,76,73,60448.852005,60264.549782,2,110,9,9,3.81
78821,38,70,34818.276515,36293.689156,2,107,14,10,2.19
78822,68,68,118652.097469,120406.50039,2,116,6,6,1.91
78823,38,38,29118.060185,30597.900603,2,106,4,4,0.91
78824,10,40,18525.865397,18832.505506,1,108,6,6,0.71
78825,67,39,17459.625041,17320.084446,1,110,15,15,3.48
78826,4,65,9900.100844,10024.524833,1,118,14,14,2.87
78827,42,42,36482.560021,36419.930218,2,108,7,7,1.47
78828,29,28,29663.265925,30530.053732,2,112,14,14,5
78829,38,39,40249.3991,40729.809155,1,118,7,7,2.05
78830,3,35,9474.2,9818.366258,1,104,8,8,1.58
78831,8,27,25765.870126,28056.133387,2,109,6,6,1.09
78832,32,32,33663.848344,36579.061182,2,108,9,9,4.93
78833,27,27,88417.190378,88685.133172,2,109,7,7,2.02
78834,56,56,110148.142573,121283.73371,1,110,10,10,5
78835,11,56,9807.15437,9989.15834,2,113,6,6,0.65
78836,47,45,18243.199711,19307.018842,1,116,6,6,1.21
78837,16,38,13290.910202,13225.45352,1,107,7,7,1.27
78838,78,73,105755.909595,103959.066814,1,113,6,6,1.77
78839,8,38,11183.784851,12156.693737,1,118,4,4,0.66
78840,18,43,68416.439865,70077.774284,1,116,8,8,1.81
78841,9,30,19029.786658,20317.110593,1,113,1,1,0.13
78842,16,71,25484.067637,25437.071371,2,116,6,6,1.05
78843,7,40,14763.339546,14913.069788,1,106,14,14,2.25
78844,67,67,32523.076806,32799.512858,2,104,2,2,0.69
78845,16,51,17007.32113,16506.220853,1,106,6,6,1.27
78846,6,66,6380.829306,8498.50675,1,118,8,8,2.58
78847,63,67,9697.468779,9690.962166,2,106,10,10,2.73
78848,0,32,9407.968829,10195.827408,2,112,14,14,3.65
78849,6,26,57133.773114,59912.965004,2,113,14,14,2.69
78850,15,42,13128.598914,13840.285423,2,110,14,14,3.22
78851,6,32,53360.855347,54058.236136,2,112,15,15,5
78853,65,65,64533.468907,66067.03591,2,104,15,15,5
78854,67,67,10133.822919,10094.870425,1,118,7,7,2.02
78855,4,28,42323.519889,43308.708263,2,107,8,8,1.86
78856,2,35,9712.27315,10299.878749,1,110,6,6,0.98
78857,6,32,10573.813889,10794.76285,1,107,14,14,3.45
78858,77,53,12750.656464,12776.329231,1,104,15,15,3.17
78859,5,38,20895.355952,22714.59895,1,105,15,15,5
78860,0,42,8063.917792,8405.419272,2,113,10,10,2.19
78861,5,30,8541.742515,8814.596603,2,112,3,3,0.43
78862,36,40,27388.92069,26902.599381,2,116,8,8,1.44
78863,18,46,14101.66324,15284.202515,1,116,15,15,3.81
78864,0,59,6713.364937,6606.758131,1,108,10,10,3.58
78865,61,61,10950.248806,10969.499591,1,104,2,2,0.74
78866,12,50,86190.998049,88666.264439,1,105,15,15,5
78867,7,31,33498.961645,35948.97807,1,114,5,5,0.63
78868,3,29,18648.892365,19468.90932,2,109,6,6,0.88
78869,6,29,7181.764111,7249.85921,2,105,3,3,0.5
78870,52,52,24652.580005,25175.65443,1,107,6,4,1.57
78871,14,76,11594.059834,11339.772291,2,118,14,14,2.53
78872,28,28,40847.327849,42971.451822,1,107,6,6,1.61
78874,55,55,23074.938163,23421.307217,1,116,7,7,3.05
78875,50,50,81787.855186,83523.216569,2,112,15,15,4.48
78876,66,68,98127.7155,98368.005565,2,116,6,6,1.91
78877,8,34,39679.836977,40086.21154,1,115,15,15,5
78878,12,40,54500.814779,0,1,117,15,15,5
78879,0,20,16795.697132,17473.871546,1,110,15,15,4.46
78880,33,33,82956.427256,85155.17778,2,109,6,6,0.93
78881,28,76,20511.527517,20857.805908,2,105,2,2,0.34
78882,70,79,48194.233481,48670.994201,1,117,8,8,2.9
78883,51,48,27076.665719,29417.871136,2,115,5,5,1.16
78884,26,26,30894.716415,31834.287527,1,116,4,4,0.87
78885,61,61,11629.787295,12168.577876,1,107,15,15,5
78886,4,46,15191.067376,15796.544665,1,108,4,4,0.58
78887,4,42,19675.672106,20540.837951,1,109,7,7,1.49
78888,9,37,7966.663096,8732.773954,1,104,3,3,0.47
78889,17,38,14139.269946,13829.159402,1,108,15,15,3.63
78890,23,42,13857.987877,14470.671349,2,118,8,8,1.56
78891,1,22,14133.800304,14311.433223,2,109,12,6,1.67
78893,14,48,20165.724258,19968.925051,1,108,6,6,1.06
78894,4,43,7975.507301,8372.409045,2,104,15,15,4.19
78896,28,28,30571.921215,31088.040537,2,116,2,2,0.29
78897,63,73,29774.018492,30034.704705,2,115,7,7,2.69
78899,80,80,25954.195006,27383.850996,2,106,9,9,2.78
78900,27,27,65105.967786,65303.267371,1,108,5,5,1.23
78901,44,44,20894.648424,20858.778471,2,106,15,15,4.38
78902,63,63,11140.687817,11523.864242,1,109,5,5,1.13
78903,66,66,12415.39695,12396.690476,2,110,6,6,1.62
78904,23,35,23735.203518,23986.053881,1,114,4,4,0.57
78905,61,61,18814.734899,18786.386442,2,112,2,2,0.75
78906,15,44,11245.346243,11167.345017,2,114,4,4,0.54
78907,30,30,72540.897729,74463.585846,2,115,15,15,5
78908,9,35,9420.843792,12547.444965,2,110,3,3,0.6
78909,41,41,113405.908888,112957.500923,1,105,8,8,4.18
78910,46,46,18962.398876,19082.229745,1,108,6,6,1.47
78911,56,61,18410.675167,18075.147202,1,108,14,14,3.84
78912,76,76,53419.712979,53948.166675,2,105,10,10,5
78913,7,32,12006.043856,12465.530134,1,116,6,6,1.09
78914,0,61,6407.397634,6232.014591,2,105,5,5,0.72
78915,0,19,13454.209391,13997.46166,2,115,6,6,1.54
78916,60,57,17833.992838,17941.428298,1,115,10,10,4.19
78917,26,25,36093.699481,0,1,115,3,1,0
78918,67,37,8103.198164,8711.986147,2,106,15,15,5
78919,47,47,18845.22475,19456.591452,2,106,15,15,5
78920,20,51,57029.510013,59075.927705,1,106,6,6,1.43
78921,47,47,22813.425611,22758.424219,2,114,6,6,1.04
78922,40,49,38446.25862,37965.305961,2,110,15,15,4.19
78924,50,50,28071.880125,27720.708233,2,108,15,15,5
78925,19,19,6113.246209,6773.564253,1,117,1,1,0.07
78926,44,44,26610.291265,27687.134081,2,109,4,4,1.18
78927,8,36,11968.272301,11778.090998,2,109,8,8,1.61
78928,80,80,19656.774527,21496.499862,2,114,3,3,0.71
78929,71,45,15200.800549,15634.93556,2,111,6,6,1.07
78930,50,44,115901.298445,120688.72485,2,113,9,9,2.31
78931,28,28,81284.280828,82927.900929,1,114,8,8,4.35
78932,13,43,9100.666858,9662.894124,1,117,15,15,5
78933,11,44,9915.150299,10099.512863,1,107,15,15,5
78934,20,50,65583.619827,66342.491422,2,112,15,15,4.48
78935,13,38,18515.667388,22542.522706,2,111,7,7,1.76
78936,11,34,11197.205824,11343.543737,2,105,4,4,0.54
78937,55,53,113750.835861,114620.860921,1,113,3,1,0.26
78940,36,36,28567.295349,28366.740343,1,108,6,6,1.27
78941,1,25,12124.082976,12549.841953,1,115,8,8,2.46
78942,58,58,21819.374866,22146.89714,2,116,14,14,5
78943,12,42,14546.295366,14227.257707,2,105,14,14,4.04
78944,56,56,20199.008824,21823.06572,1,111,5,5,1.29
78945,5,42,17180.376574,18079.834799,2,113,10,10,2.19
78946,20,40,24511.409395,24285.27352,2,114,3,3,0.7
78947,80,80,41762.870657,44272.52156,1,104,10,10,4.19
78948,5,26,12984.882509,14972.838922,1,106,5,5,0.83
78949,43,53,102341.831273,102988.569622,1,113,3,1,0.17
78950,73,73,17733.189445,18983.872556,2,109,2,2,0.78
78951,80,80,58594.123256,64078.089755,2,112,3,3,1.03
78952,44,50,18845.22475,19624.442274,2,106,15,15,5
78953,63,63,10642.211998,11025.091681,1,110,4,4,1.31
78954,34,32,20761.870665,0,2,113,4,4,0.82
78955,6,23,16318.969686,16976.285425,2,107,2,2,0.3
78956,1,28,35440.999546,39164.551984,2,112,14,14,4.3
78958,14,63,17656.857231,18940.205692,1,105,15,15,5
78959,39,39,28153.978982,29075.132388,1,105,15,15,5
78960,3,49,8244.929984,8639.886488,1,112,14,1,0
78961,6,41,15265.273266,15421.610066,2,116,5,5,0.63
78962,52,52,23488.20094,23702.799598,1,107,15,15,5
78963,52,60,24236.158571,24923.160878,1,104,8,3,0.87
78964,35,35,39581.649428,40603.877597,1,110,6,6,0.98
78965,6,54,18100.706842,18284.284765,1,111,4,4,0.65
78966,18,47,51709.026066,53277.414126,1,116,6,6,1.93
78967,41,42,26395.520595,26721.7506,1,108,15,15,5
78968,63,63,62890.947134,63425.500653,2,108,15,9,3.94
78969,20,36,23735.203518,24135.904444,1,114,4,4,0.54
78970,45,45,79004.83557,79436.349373,1,116,14,14,5
78971,10,36,8732.67362,8627.73099,1,108,6,6,1.27
78972,4,32,46832.47058,54874.520451,1,116,9,9,2.34
78973,27,27,36726.877091,42739.991879,1,114,6,6,2.61
78974,54,77,19584.305884,19537.089648,2,114,5,5,0.75
78975,48,48,77457.195537,84627.223103,1,114,1,1,0
78976,22,22,106637.949613,109031.356641,2,107,8,8,2.43
78977,24,24,32937.437218,34801.564048,2,112,7,7,1.13
78978,71,72,71306.957455,71892.331773,2,112,7,7,2.67
78979,48,49,91249.402337,91707.123003,2,113,15,15,3.58
78980,68,68,25196.487031,26097.117421,1,109,5,5,0.63
78981,71,71,15174.746412,15877.769625,1,109,3,3,1.17
78982,9,30,10167.164857,13538.213133,1,104,8,8,2.3
78983,52,50,70039.854864,72932.925564,1,104,15,15,5
78984,17,38,33997.724063,35206.351058,1,113,2,2,0.28
78985,5,37,46832.47058,54874.520451,1,116,15,15,5
78986,19,19,32733.703685,0,1,115,3,3,0.43
78987,30,30,77244.539992,77849.108201,1,108,12,4,1.65
78988,2,29,8766.217526,9217.782429,2,105,10,10,2.94
78989,68,68,8587.188094,9104.186092,1,108,7,7,3.05
78990,75,75,16099.393371,17305.839533,2,109,2,2,0.57
78991,61,61,12296.327439,12239.322614,1,111,15,15,5
78992,19,43,10627.045266,11507.819089,2,105,8,8,1.89
78993,7,36,17076.023338,17433.306774,1,109,15,15,4.53
78994,54,54,31377.193396,30984.672898,2,108,9,9,3.94
78995,6,44,15188.85328,15490.319686,1,111,8,8,2.02
78996,5,49,9802.16459,11130.713899,1,107,8,8,3.22
78997,74,74,71105.410659,77363.511876,1,115,6,6,2.18
78998,8,29,18525.865397,18715.595019,1,109,7,7,1.07
78999,23,31,31383.094745,32119.075483,2,112,10,10,3.1
79000,36,36,45310.15341,48834.044785,1,106,8,8,1.81
79001,28,47,20167.627682,20575.430001,1,112,2,2,0.54
79002,43,52,79642.200336,85430.371617,1,112,8,8,3.16
79003,7,31,11510.855767,12664.862425,1,114,14,14,3.61
79004,2,30,7412.112099,8416.72249,1,106,7,7,1.45
79005,44,44,23568.774431,23768.931994,1,116,15,15,5
79006,52,60,118279.709947,120735.804272,1,115,15,15,5
79007,52,56,15701.284236,15748.914003,2,104,15,15,5
79008,11,45,76540.91945,77541.243871,2,111,15,15,5
79009,10,23,12534.115219,12661.2366,1,116,5,5,0.85
79010,5,34,59428.10799,60785.1798,2,113,15,15,5
79011,80,80,39615.929143,44393.991493,2,112,6,6,2.96
79012,50,50,27040.655637,0,1,104,3,3,1.22
79013,58,58,17386.370587,17511.584279,2,109,1,1,0.09
79014,54,54,31579.521317,32053.549409,2,112,3,3,1.2
79015,64,62,18961.371824,18746.991814,1,106,10,10,4.19
79016,80,80,27937.28961,28674.846178,2,107,14,14,4.93
79017,61,61,13846.32795,14322.563037,1,109,6,6,1.2
79018,18,36,52452.461615,54061.758378,2,107,14,14,2.66
79019,45,54,43123.22488,43896.682771,1,115,6,6,1.33
79020,0,20,8603.26865,8333.315213,2,109,6,1,0.05
79021,7,36,12207.614416,12579.334893,2,105,6,6,0.69
79022,44,41,25293.34852,25667.511735,2,111,1,1,0.07
79023,42,42,59622.58062,60432.667657,1,117,15,15,5
79024,32,35,22404.751661,23867.523743,1,112,7,7,1.45
79025,54,54,31107.893005,34693.085792,2,112,4,4,0.95
79026,23,26,92282.126088,91728.638522,1,115,12,3,1.22
79027,48,48,28942.366714,29335.604241,1,113,2,2,0.55
79028,12,34,11784.350317,12361.442351,2,118,6,6,1.22
79030,4,26,15338.084483,15530.852788,1,106,4,4,0.64
79031,68,62,10631.757338,10733.57037,1,112,14,14,4.84
79033,41,41,77005.896456,78928.707883,2,108,15,15,3.13
79035,10,36,16554.003082,17175.475446,1,110,6,6,1.09
79036,15,42,16139.52066,15663.989082,1,109,7,7,1.33
79038,5,36,14246.463559,16177.376791,2,107,8,8,2.12
79039,34,34,66745.514133,70655.313007,1,115,15,15,5
79041,52,52,110148.142573,112485.247913,1,110,15,15,5
79042,65,65,124110.61524,127004.382536,1,116,15,15,5
79043,14,46,29394.876886,30425.420484,2,115,7,7,1.47
79044,31,31,18665.694771,20687.522851,2,104,8,8,2.32
79045,11,43,9093.778884,9174.785682,1,118,12,4,0.54
79046,0,34,5418.459141,5416.736331,1,117,15,15,5
79047,13,49,71579.37258,75094.092984,1,116,15,15,4.35
79048,80,80,14101.646153,14604.826126,2,109,15,15,5
79049,21,55,82386.338565,85581.191302,2,109,8,8,1.79
79050,74,80,9400.697658,9203.067521,2,117,14,14,4.06
79051,14,41,16600.853811,16684.138485,1,107,15,15,5
79052,4,22,21505.712296,21837.225594,1,113,2,2,0.33
79053,3,20,23924.195485,27185.991006,2,108,6,6,1.05
79054,14,46,19269.5287,20682.888732,2,108,15,15,4.69
79055,7,46,9563.104901,9411.142804,2,115,1,1,0.07
79056,9,41,15013.077763,20285.248821,1,108,14,14,3.84
79057,35,39,23018.76866,22528.472344,2,106,10,10,1.94
79058,12,33,11581.968545,11240.719762,2,106,4,4,0.63
79059,18,55,37529.779577,37495.06743,2,106,15,15,5
79060,31,30,71292.263545,73090.671187,2,115,15,15,5
79061,43,43,45268.572702,49177.291,2,115,9,9,3.81
79063,51,39,17684.902868,17846.480012,1,107,9,9,2.14
79064,48,40,18518.824595,20386.609631,2,112,7,7,1.68
79065,4,50,17532.929314,18231.74726,1,111,8,8,1.63
79066,14,26,14376.08747,14276.370446,2,116,2,2,0.18
79067,26,24,33552.013091,34755.976323,1,114,14,6,1.04
79068,36,36,25405.817115,26237.055037,1,111,15,15,5
79069,30,23,16306.556927,16859.805167,1,115,7,5,1.74
79070,17,39,13205.606008,13519.852615,2,113,15,15,2.49
79071,80,55,37442.300964,0,2,116,15,15,5
79072,53,53,17073.788816,17229.78255,2,106,15,15,5
79073,16,37,57543.782766,58941.099947,2,116,14,14,2.22
79074,16,48,16999.879512,18658.747665,2,108,6,6,1.52
79075,27,27,35637.267692,37889.777814,2,110,6,5,1.71
79076,19,77,11374.549738,11144.360784,2,114,5,5,0.75
79077,80,80,43273.98458,44229.384387,2,109,7,7,2.15
79078,60,60,17335.45798,17367.688299,2,116,7,7,1.82
79079,1,56,5645.968584,5755.230408,1,114,3,3,0.41
79080,76,76,10615.182642,10567.661697,1,108,6,6,1.54
79081,27,60,22325.159998,23188.89374,2,117,9,9,2.31
79082,4,38,12322.2826,12755.001713,1,115,2,2,0.29
79083,0,34,16315.820071,16974.618074,1,110,9,9,2.82
79085,0,36,4248.123814,4346.188275,2,118,5,5,0.65
79086,39,39,72403.311808,76058.669293,2,115,9,9,2.15
79087,14,37,9011.078555,9069.563852,2,117,4,4,0.47
79088,46,46,18310.246982,18410.255092,1,112,9,9,3.17
79089,55,55,21305.084054,23526.979845,1,105,3,2,0.44
79090,7,32,7687.580325,7565.421169,1,112,2,2,0.41
79092,36,36,54294.901447,55664.536255,1,110,15,15,5
79093,4,26,13794.832347,14246.182881,1,114,8,8,1.46
79094,14,58,8596.319122,8527.182242,2,117,14,14,4.04
79095,80,40,24968.663008,27553.165865,1,107,15,15,4.35
79096,44,66,26354.381238,26290.842878,1,115,3,3,0.33
79097,15,54,13529.479187,13333.954825,2,109,10,10,2.73
79098,19,47,18057.618519,18735.735634,2,113,4,4,0.8
79099,34,34,22932.56598,25092.90727,2,111,9,9,5
79100,28,28,19370.330115,21599.586232,2,118,4,4,0.54
79101,48,62,28828.998487,29106.606022,2,114,6,4,0.76
79102,3,38,14459.434805,14668.203961,1,115,2,2,0.34
79103,80,80,24756.537796,27828.053561,2,118,99,4,1.49
79104,5,48,11058.174759,11217.83562,1,116,8,8,1.81
79105,15,53,18022.894449,17627.606033,1,106,3,3,0.45
79106,78,78,15005.531761,15280.188576,1,108,2,2,0.42
79107,1,68,28874.116891,29546.235948,2,107,15,15,3.89
79108,3,36,41592.564216,44574.558916,1,110,15,15,5
79110,35,35,46171.598386,48876.224544,2,106,15,15,5
79111,2,62,9418.773867,9638.019963,1,118,5,5,0.7
79112,22,38,21940.128556,22655.652932,1,108,7,7,1.33
79113,66,66,10631.757338,10749.796843,1,112,14,14,5
79114,28,28,77610.834877,77145.342437,2,110,15,9,5
79115,0,31,7121.126565,7285.511944,2,112,8,8,1.74
79117,9,39,39679.836977,40086.21154,1,115,10,10,2.89
79118,8,31,8660.690284,8708.533393,2,114,3,3,0.38
79119,56,80,126596.116087,130387.658176,2,112,7,2,0.74
79120,11,53,21402.275749,21621.463657,2,113,5,5,1.34
79121,62,62,13530.848271,13502.000784,1,106,6,6,1.44
79122,9,40,11615.995075,11829.149723,2,106,15,15,5
79123,4,33,12717.6193,12879.564101,1,110,7,7,1.3
79124,3,64,19675.672106,20540.837951,1,109,3,3,0.51
79127,27,27,72205.619595,74422.802712,2,112,7,5,1.71
79128,64,64,20531.722188,20350.109902,1,112,6,6,2.61
79129,1,24,8220.460372,8579.796961,2,107,6,6,1.26
79130,47,47,89307.342969,92794.470967,1,110,14,14,3.4
79131,0,23,7251.604209,0,2,116,2,2,0.31
79132,28,28,21940.128556,22310.524783,1,108,3,3,0.32
79133,0,32,3876.971576,4112.317718,2,117,15,15,3.13
79134,78,78,9090.294286,10132.280982,1,104,3,3,1.04
79135,60,26,11563.524033,11889.809828,1,106,4,4,0.64
79136,67,67,10878.008346,11121.864379,1,117,6,6,1.61
79137,25,22,34831.110476,34904.185046,1,109,5,5,0.85
79138,60,58,17833.992838,17974.999021,1,115,6,6,2.06
79139,13,42,14599.834765,15009.830752,2,111,6,6,0.52
79140,34,34,107737.369017,0,1,105,10,10,2.47
79141,7,41,11467.978407,12457.689074,1,109,15,15,3.17
79142,49,49,19421.851122,21534.8703,2,104,8,8,3.86
79143,1,31,28558.266711,0,2,110,15,15,5
79144,39,39,97605.231808,0,2,112,7,7,2.54
79145,2,27,7599.458888,7875.52202,2,105,8,8,1.89
79146,26,26,34454.711024,36438.985924,1,108,6,6,1.93
79147,38,38,25475.030114,26769.724163,2,116,6,5,1.71
79148,33,40,39599.185506,41216.665243,2,114,5,5,0.67
79150,10,36,15897.641436,16652.170209,1,109,3,3,0.32
79151,37,37,25480.382387,0,2,113,3,3,0.59
79152,53,53,24960.290688,25172.412524,1,104,6,6,1.11
79153,29,29,30099.494157,33563.528125,1,107,4,4,0.71
79154,71,71,55327.202768,56143.488241,1,104,15,15,5
79155,30,36,24427.40549,24811.240279,1,117,6,6,1.06
79156,8,32,25055.738151,0,1,106,6,6,0.91
79157,4,31,7851.72705,8003.675118,2,114,9,9,2.15
79158,4,36,8077.234403,0,2,114,5,5,0.84
79159,62,62,14560.589535,0,1,108,5,5,1.35
79160,14,49,44029.557521,48744.671769,1,110,15,15,3.96
79161,55,60,31263.197044,31381.572808,1,106,6,6,1.12
79162,80,80,22208.518877,23431.848747,2,105,15,15,5
79163,19,55,23022.757956,23566.089798,1,113,1,1,0.02
79164,33,33,19590.590982,20931.868753,1,107,15,15,5
79165,65,65,77685.526949,78199.508449,1,112,7,7,3.05
79166,19,59,50232.107949,51019.812225,2,104,15,15,5
79168,2,22,24324.381027,24890.593323,2,109,5,5,0.94
79169,32,40,24123.656641,24502.718538,2,107,7,7,1.09
79170,14,39,14994.502811,14819.924163,2,110,7,7,1.47
79171,74,73,77762.916638,78864.438783,1,109,5,5,1.55
79172,1,67,14034.88455,0,1,106,8,8,1.14
79173,51,50,26156.803734,26569.852018,2,105,4,2,0.69
79174,1,32,11317.88809,12211.601538,1,107,15,15,5
79175,21,21,35395.408982,35183.11523,2,108,4,3,1.03
79176,55,55,22961.016712,22905.65949,1,114,10,10,4.64
79177,43,55,50832.77301,52102.050316,2,106,15,15,5
79178,80,80,14379.870926,14881.794962,1,117,15,15,5
79180,69,33,15239.155551,15945.162743,1,111,8,8,1.91
79181,34,34,27397.243211,28789.628129,1,116,2,2,0.31
79182,12,55,16247.432383,16134.735128,2,115,14,14,3.79
79183,4,29,11429.523042,11759.220373,2,106,6,6,1.22
79184,80,80,13998.289096,14561.412335,2,106,4,4,1.21
79185,79,79,7721.874241,8607.004026,2,118,5,5,2.09
79186,80,80,13036.074129,13408.384533,1,109,6,6,2.06
79187,52,52,32977.447451,33677.157557,1,111,5,5,1.04
79189,74,74,19006.997633,19354.896096,1,113,7,7,1.27
79190,41,41,24131.107707,23821.630476,1,117,15,15,4.71
79191,60,60,109112.310667,111705.244878,2,112,15,15,5
79193,20,51,92589.241822,93619.07767,2,105,15,15,5
79194,0,43,9635.634332,9766.969216,2,111,5,5,0.54
79195,66,66,15333.439922,16243.383828,1,114,2,2,0.46
79196,18,55,13519.651558,13927.897682,2,113,14,14,3.14
79197,1,38,7841.978557,8184.770772,2,106,15,15,5
79198,46,46,26654.6478,26673.980023,1,108,4,4,0.58
79199,80,80,15174.746412,15877.769625,1,109,2,2,0.73
79200,80,57,9256.428024,9354.463883,1,104,8,8,2.56
79201,75,75,12485.188593,12689.901206,2,113,3,3,0.45
79202,23,50,71495.931998,73691.32308,1,115,15,14,4.4
79203,4,30,8798.136587,10260.885606,1,114,15,15,4.25
79204,80,80,46701.959733,49508.41469,2,110,15,15,5
79205,20,64,26639.787559,26394.015822,1,108,8,8,2.12
79206,72,72,21347.554443,21898.080543,1,114,3,3,0.96
79207,25,53,37741.704599,38889.506537,1,111,15,15,5
79208,52,54,141195.432919,144127.375359,2,115,15,15,5
79209,6,40,57840.91455,58433.282819,1,105,15,15,5
79210,25,60,18866.606519,19139.575114,2,117,9,9,2.31
79211,39,39,35835.500991,39609.799833,2,107,3,2,0.51
79212,0,30,6738.917897,6658.142521,2,107,8,8,2.01
79213,31,33,88919.372216,91162.438582,1,107,7,7,1.78
79215,28,28,22980.786324,23752.290713,1,106,8,7,3.13
79216,80,62,36941.341189,38505.313972,1,109,15,15,5
79217,33,27,26411.218934,31432.158364,2,110,15,15,5
79218,14,72,11464.429169,11784.69524,1,112,8,8,2.3
79219,23,61,78351.785657,79223.263552,1,107,15,15,5
79220,55,55,145512.893663,153245.088316,1,105,6,6,1.46
79222,9,40,13114.380533,13231.202591,2,112,5,5,0.45
79223,21,68,75637.623088,77300.96924,2,108,9,3,1.2
79224,19,19,6113.246209,6773.564253,1,117,1,1,0.04
79225,71,71,30776.203331,30951.981247,2,116,3,3,1.03
79226,24,24,22895.014225,23898.536285,1,107,14,14,4.1
79227,8,40,7950.424374,10589.02095,2,117,5,5,1.01
79228,42,42,19350.630995,19472.915255,1,114,6,6,1.61
79230,0,26,7366.654625,7983.5659,1,110,1,1,0.14
79231,52,52,110394.219986,111238.571916,1,104,15,15,5
79233,16,39,20875.507349,25415.589325,2,111,8,8,2.27
79234,30,57,27973.203758,31939.47656,2,115,5,5,0.57
79236,9,44,34771.672346,35934.739811,2,104,14,14,3.86
79237,7,36,38910.060844,40321.757768,1,111,15,15,4.35
79238,9,30,11149.63659,11262.716545,2,110,6,6,0.92
79239,7,35,19758.073494,20635.747461,2,107,8,8,1.13
79240,67,67,11536.172672,12525.882269,1,115,7,7,2.58
79241,47,19,36123.437189,35660.160432,1,106,6,6,1.27
79243,13,48,30874.710053,33271.31421,2,104,15,15,4.3
79244,0,42,5471.011207,5469.271688,1,118,15,15,5
79246,30,30,24622.347741,24097.89543,2,110,4,4,0.57
79247,51,51,15738.592398,16184.721237,2,117,12,5,1.71
79248,11,42,71444.018747,78995.127885,2,113,15,15,5
79249,17,49,9737.73399,10031.77945,1,114,15,15,3.63
79250,5,32,6540.499484,9084.54057,2,104,7,7,1.47
79251,15,50,12091.856435,11881.650896,1,117,9,9,2.59
79252,7,56,8889.851463,9019.333953,2,113,6,6,0.65
79253,26,55,28044.111574,31418.288467,1,108,14,14,5
79255,7,45,12132.638601,12255.688193,1,110,15,15,5
79256,23,50,22151.376726,25118.00941,2,118,8,8,2.63
79258,59,55,31263.197044,33776.845669,1,106,5,5,1.29
79259,59,59,14288.123343,14508.27777,1,117,10,10,4.51
79260,13,50,14129.781321,14031.772753,2,111,9,9,1.88
79261,12,48,10070.676852,9989.682282,2,118,6,6,1.36
79262,7,41,15265.273266,15421.610066,2,116,5,5,0.63
79263,46,46,88295.532566,91868.601684,2,115,9,9,5
79264,16,36,17140.649044,17086.861401,1,110,6,6,1.09
79265,14,39,15980.370769,15869.525936,1,106,2,2,0.25
79266,58,58,25586.590224,26099.83655,1,110,7,7,1.49
79267,65,65,120515.626784,122806.006012,1,105,8,8,2.12
79268,55,55,91158.165654,93092.344758,2,104,15,15,5
79269,40,43,18845.22475,19624.442274,2,106,15,15,5
79270,66,66,15100.149369,14966.581779,1,116,4,4,1.39
79271,49,50,110329.841536,110883.272542,1,115,15,15,5
79272,28,31,65978.73457,66890.020706,1,113,9,9,2.22
79273,48,48,99061.955181,107393.868704,2,105,5,5,1.71
79274,44,44,34790.101312,35056.985577,2,109,8,4,1.46
79275,62,58,11121.019574,11503.519523,2,112,6,6,1.52
79276,26,59,27705.52989,28777.423709,2,104,15,15,5
79277,4,21,15920.574299,17210.589962,1,109,8,8,1.52
79278,7,32,9222.620288,12140.202621,1,108,7,7,1.7
79279,49,70,22039.096955,22481.183433,1,114,4,4,0.54
79281,23,23,111249.667369,113746.580867,1,105,15,15,5
79282,18,53,9426.605819,9711.256298,2,107,15,15,4.84
79283,18,18,8098.694589,8335.812244,1,117,1,1,0
79284,34,80,37497.94644,36699.24581,1,109,5,2,0.73
79285,4,31,13831.987189,14227.591909,1,112,5,5,1.18
79286,72,72,73248.820642,72962.706178,2,114,15,15,5
79287,19,21,13168.80819,14392.691918,1,118,8,8,2.3
79288,79,80,63709.667069,65541.871229,2,110,4,4,1.21
79289,16,57,6869.57837,7165.099364,1,117,15,15,5
79290,18,31,95591.529382,98243.06193,1,113,3,3,0.61
79291,35,61,34137.914483,35872.874344,2,114,6,6,1.23
79292,58,58,14497.659262,15470.062527,2,104,8,8,4.28
79293,30,42,34344.3088,34549.534397,1,108,15,15,3.63
79295,21,21,34027.164457,33713.238706,2,116,2,2,0.35
79298,60,60,40802.646056,41772.27612,2,108,3,3,1.03
79299,4,26,20212.342232,21162.945558,1,113,2,2,0.36
79300,39,39,21698.182164,21868.006868,1,113,4,2,0.78
79301,15,51,13128.476273,12563.826414,2,105,9,9,2.52
79303,0,75,5313.366457,5514.959725,2,110,5,5,0.48
79304,38,37,71255.603898,75523.697003,2,114,15,15,4.19
79306,39,39,31460.529451,30790.424897,1,118,7,7,2.05
79307,8,77,8881.94438,9882.621071,2,118,15,15,5
79308,0,32,3926.492308,3879.427794,1,117,9,9,2.68
79309,40,69,110823.075663,111522.355726,2,111,15,15,5
79310,70,70,67577.135154,69319.86296,2,113,4,4,1.14
79311,47,41,14331.774395,14791.331936,1,117,15,15,4.53
79312,5,43,10554.665194,11699.443535,2,108,8,8,2.1
79313,14,42,11737.864428,11994.649109,2,116,4,1,0
79314,55,55,112101.255873,110996.813176,2,113,14,14,5
79315,32,22,18368.704295,19326.320929,2,107,2,2,0.33
79316,10,37,9482.85517,9584.120725,1,114,15,15,5
79317,14,40,9830.200555,9669.239951,1,118,6,6,0.95
79318,45,57,42280.680232,41510.129969,1,106,14,14,4.84
79319,67,72,89634.759203,91913.377197,1,113,6,6,1.74
79320,26,39,34552.616639,36240.6808,2,107,8,1,0.1
79321,8,40,9006.218247,9388.62571,1,111,7,7,1.27
79322,70,70,25966.636989,27939.935052,1,113,3,3,1.26
79323,80,80,47633.108974,52281.185096,1,113,3,3,1.22
79324,44,47,23238.337047,23127.986305,1,107,7,7,0.8
79325,72,72,57661.929235,57371.639785,2,106,14,14,5
79326,5,33,14352.51152,15515.469859,1,107,7,7,1.27
79327,3,32,13846.145235,14457.347824,1,110,15,15,5
79328,80,59,32421.893577,33295.024581,1,105,3,3,0.84
79329,18,37,64042.295263,63585.860043,2,107,15,15,4.19
79330,35,47,15058.98154,15691.8441,1,114,6,5,1.02
79332,8,36,14930.441282,15744.253621,1,109,2,2,0.28
79333,51,51,26265.026886,25936.458256,2,116,6,6,1.31
79334,45,39,24995.528724,24674.965445,2,110,7,7,1.47
79335,39,39,16968.540319,18457.263767,1,112,7,7,0.88
79336,6,36,13749.860116,15159.192364,2,105,15,15,5
79337,61,53,15478.5921,16228.838918,1,118,1,1,0
79338,44,38,17439.861606,18227.777051,2,106,15,15,5
79339,60,60,17833.992838,17926.937281,2,116,8,8,1.74
79340,31,31,69839.334304,71540.752712,2,107,14,14,5
79341,32,59,14158.254438,14205.01279,1,117,15,15,4.25
79342,21,58,20702.629494,20511.63243,1,104,15,15,5
79343,10,39,39679.836977,40086.21154,1,115,10,10,2.89
79344,16,38,31119.665526,34452.262685,1,113,6,6,0.9
79345,8,41,33014.675319,0,1,110,15,15,5
79346,62,62,23626.438743,0,1,108,3,3,1.12
79347,10,37,9229.06522,9322.666682,2,117,7,7,1.59
79348,9,70,13699.534058,14507.529763,2,115,1,1,0.1
79349,4,49,8244.929984,8639.886488,1,112,14,1,0
79350,14,34,33997.724063,33755.419214,1,114,2,2,0.45
79351,62,62,87531.292757,87876.457221,1,107,14,14,5
79352,69,69,8118.758482,8251.285038,1,104,6,6,1.61
79353,15,35,10739.611088,10556.487863,1,118,7,7,1.27
79354,19,41,21406.262038,21926.063419,2,113,6,2,0.6
79355,1,36,10919.409169,11316.075082,2,113,15,15,5
79356,6,28,17704.241935,19234.684907,1,109,2,2,0.26
79357,1,28,7971.1966,8125.456665,2,114,2,2,0.32
79358,67,67,15729.083604,15836.714462,1,105,14,14,5
79359,25,27,78135.833105,77667.191842,1,116,10,10,4.19
79361,6,56,15802.971923,16956.255665,1,109,6,6,0.92
79362,59,59,102580.29517,110274.8449,2,110,7,7,3.64
79363,11,45,13957.090765,14216.609277,1,105,15,15,5
79364,44,39,17828.785872,17503.862632,2,106,10,10,1.94
79365,29,29,22993.294873,23490.83592,2,114,6,6,2.74
79366,42,42,10667.004813,11148.929385,2,118,8,8,1.56
79367,1,23,7325.856192,7583.116806,1,116,1,1,0.13
79368,8,42,58778.875326,61524.663585,1,105,6,6,1.15
79369,30,30,15063.580156,16192.122183,2,105,7,7,1.55
79370,8,53,7887.401045,8254.664094,2,114,5,5,0.75
79371,63,63,10279.214263,10306.705217,2,110,6,6,2.19
79372,0,40,8907.766469,9167.245636,1,106,7,7,1.31
79373,49,49,91249.402337,91747.79432,2,113,15,14,5
79374,58,59,139870.360101,142774.787224,1,105,15,15,5
79375,35,34,25279.925279,28942.320622,2,115,6,6,0.9
79376,50,50,75163.150973,80801.140239,2,114,8,8,3.86
79378,52,34,23161.868157,23855.563988,2,106,4,4,1.08
79379,43,44,26541.925537,26058.208445,1,111,8,8,1.14
79380,24,50,68242.194535,72104.429016,2,107,15,15,5
79381,14,40,96466.714898,96344.760553,2,109,7,7,2.54
79382,3,35,34078.832111,34604.161655,1,110,14,14,3.84
79383,4,34,16030.061216,16807.68137,1,109,6,6,1.08
79384,3,35,34078.832111,34604.161655,1,110,14,14,3.84
79386,57,20,21386.762206,22523.201762,2,107,6,6,1.52
79387,38,33,38344.722884,41990.985358,1,110,7,7,1.3
79388,67,67,22988.837897,24103.106067,2,111,3,3,1.03
79389,55,48,100747.146655,101517.712793,1,108,8,8,2.9
79390,20,48,66927.792276,70715.636862,2,104,15,15,4.3
79391,42,42,31035.803639,0,1,110,3,3,0.87
79392,11,40,33856.628337,35032.158818,2,104,15,15,4.19
79393,14,78,18458.85371,18372.83531,1,109,8,8,2.12
79394,16,48,96570.763106,98915.759907,2,112,10,10,2.51
79395,52,53,144382.307201,147380.425521,1,105,15,15,5
79396,32,32,73030.053908,74872.298782,2,110,15,15,4.61
79397,16,43,10398.444938,11277.345782,2,118,14,14,2.9
79398,29,29,30023.167309,29746.181393,1,112,4,4,0.82
79399,26,29,50379.618874,51374.38826,2,117,10,6,2.57
79400,26,48,40079.239311,0,1,111,3,3,0.35
79401,5,23,22766.070016,23296.00863,2,109,5,5,0.86
79402,8,30,25618.390336,25880.756892,2,109,5,5,0.72
79403,5,32,18080.617227,18801.26462,1,115,6,6,1.05
79405,33,45,86688.344802,88875.131615,2,113,15,15,5
79406,69,69,31968.097607,33083.682562,1,113,3,3,1.3
79407,43,43,25701.696795,25380.175278,2,106,1,1,0.04
79408,70,70,64287.831024,66029.775205,1,105,15,15,5
79409,21,53,83168.435837,84997.392012,1,112,15,15,5
79410,6,67,9140.149336,8994.908196,2,116,4,4,0.56
79411,64,64,12968.406808,0,1,109,3,3,0.7
79412,12,40,15214.137396,15437.376841,1,115,5,5,0.85
79413,0,35,10844.669848,11160.570125,1,107,15,15,5
79414,0,36,5848.888375,5967.817933,2,114,15,15,5
79415,57,56,131622.39597,134355.552991,2,111,15,15,5
79416,64,64,89854.825647,93122.269991,1,115,7,7,3.31
79417,80,80,19302.542605,19728.702702,2,105,9,9,4.93
79418,6,56,15802.971923,16956.255665,1,109,6,6,0.92
79419,70,70,37788.739135,38162.56366,2,105,7,7,3.26
79420,0,24,5554.997735,5597.636837,2,108,6,6,1.91
79421,31,31,84120.656677,86350.264968,1,110,14,14,4.92
79422,46,46,74990.624879,75463.806557,2,106,15,15,5
79423,25,54,91534.340264,93547.270953,1,115,15,15,5
79424,17,35,11289.437847,11060.971319,1,114,4,4,0.57
79425,53,53,10341.444146,10500.787304,2,118,14,14,3.35
79427,6,45,8189.412781,8578.929348,2,118,9,9,2.15
79428,6,46,8934.741797,9358.799654,2,117,1,1,0.11
79429,18,40,18643.494533,19936.256433,2,108,15,15,4.66
79430,18,67,14376.08747,14276.370446,2,116,4,4,0.56
79431,56,25,16347.065312,18758.593959,2,118,6,6,0.68
79432,73,73,12560.417823,12759.804892,1,118,5,5,1.27
79434,22,40,22972.880828,23861.674114,1,114,14,14,3.4
79435,6,27,16498.046589,17962.750476,1,109,6,6,1.16
79436,28,28,26197.604584,27051.976272,1,112,3,3,0.71
79437,60,60,10279.214263,10306.705217,2,116,2,2,0.6
79438,50,50,99103.834868,102024.445762,2,109,7,7,1.51
79439,8,38,10471.121979,11298.302924,2,108,15,15,4.19
79440,73,73,17362.511974,17697.848863,2,114,2,2,0.77
79441,67,67,19750.103128,20427.298677,2,116,4,4,0.56
79442,45,45,125347.223976,128477.102149,1,105,8,8,2.41
79444,29,29,93806.110061,96731.621637,1,113,8,8,3.38
79445,80,80,28874.23919,30464.742343,2,106,15,15,5
79446,47,47,22921.482522,23332.403381,1,104,4,4,1.7
79447,11,33,9035.268878,8926.689889,1,116,8,8,1.58
79448,1,40,17301.455747,18807.797744,2,113,15,15,4.19
79449,37,37,86688.344802,91766.348879,2,113,7,7,2.54
79450,5,53,7709.272659,8112.882479,1,104,8,8,1.91
79451,47,47,29608.593236,29839.35858,1,108,3,3,0.77
79452,74,74,18137.065768,18045.757709,2,104,5,5,1.01
79453,54,54,36130.800143,37166.512575,2,111,6,1,0
79456,18,52,9726.710414,9513.378645,1,118,3,3,0.31
79457,68,68,89756.345489,91462.149747,1,117,10,7,3.48
79458,10,66,14062.121024,14727.579949,1,107,8,8,1.63
79459,30,30,20648.03403,22061.710069,2,110,15,15,5
79462,25,25,40362.045231,41810.376164,1,106,6,6,1.07
79463,33,33,29912.975792,31960.979834,1,105,15,15,5
79464,28,28,31566.701598,33208.21871,2,109,14,14,4.77
79466,36,57,13316.532307,14048.34679,1,117,9,9,2.18
79467,26,57,56795.494669,57452.678395,1,112,14,14,4.81
79468,52,50,17386.370587,17519.350516,2,109,2,2,0.35
79469,80,79,30464.571461,32142.676178,2,105,15,15,5
79470,14,36,12666.330319,13048.80913,2,115,2,2,0.26
79471,42,42,65886.975234,69729.054795,2,114,15,15,5
79472,5,25,16280.757542,17070.539003,1,106,6,6,1.07
79473,27,27,66665.513162,73706.432804,2,111,5,5,1.14
79474,50,50,26265.026886,26383.744113,2,110,5,5,1.06
79475,3,29,5433.774509,5671.298188,2,118,6,6,1.27
79476,66,77,14361.229012,15213.478272,1,114,6,6,1.93
79477,62,62,15747.862233,15829.934503,1,106,7,7,1.74
79478,4,41,24332.244161,26888.672823,1,113,3,3,0.59
79479,21,53,114838.366317,117363.77559,1,105,15,15,5
79480,38,40,14158.254438,14747.628699,1,117,15,15,5
79482,55,55,22308.018541,24879.023499,2,108,7,7,3.26
79483,4,25,21417.606844,22424.894771,1,113,1,1,0.18
79484,54,62,31463.897254,31060.378281,1,106,14,7,1.84
79485,3,43,41558.035087,44809.215589,2,116,10,10,3.28
79486,72,64,41406.742246,41372.520081,2,107,6,6,0.97
79487,42,42,25234.514823,24997.831737,2,111,5,5,0.9
79488,42,42,35100.900844,39411.746054,1,109,7,7,1.33
79489,8,62,9667.841322,9855.373011,1,118,5,5,0.7
79490,34,34,17409.646343,19049.706068,2,104,1,1,0.08
79491,34,35,28725.219135,29654.264099,1,105,15,15,5
79492,13,32,11180.601329,11273.803936,2,106,3,3,0.2
79493,16,41,13466.554113,13553.957125,2,110,6,6,1.07
79494,80,61,19032.637083,19381.004844,1,106,15,14,5
79495,4,80,6713.002956,6927.440501,2,110,5,5,1.01
79497,6,42,13506.099734,14242.275604,2,111,6,6,0.52
79498,4,37,15496.764111,15963.633328,2,108,7,7,1.8
79499,57,55,103581.494804,107469.211239,2,109,8,8,1.79
79500,6,36,39330.420004,39844.43499,2,107,6,6,1
79501,63,63,68874.921408,70625.800606,2,113,14,14,5
79502,18,43,73182.224202,72660.647883,2,115,14,14,3.56
79503,68,43,17004.893938,16926.545598,1,108,14,14,3.48
79504,14,44,13431.189889,14798.510047,2,106,15,15,4.38
79505,54,58,26925.631794,27484.746214,2,116,14,14,5
79508,13,47,25720.059714,25155.952673,2,109,6,6,1.26
79509,0,35,6371.978237,6613.736061,1,110,7,7,1.27
79510,12,38,10195.349076,9894.955369,1,118,5,5,0.63
79511,9,30,10764.62371,10831.317873,2,105,7,7,1.55
79512,45,42,17119.896938,17429.77256,2,104,15,15,5
79513,0,33,8739.76509,9443.838887,1,116,6,6,1.27
79514,7,35,59070.511186,0,2,113,14,14,3.77
79515,72,77,48247.111923,48724.395742,1,115,8,8,3.35
79516,17,42,11161.201139,11083.783569,1,114,10,10,2.63
79517,20,49,20094.060881,20433.291543,2,105,6,6,0.83
79518,1,29,14692.07169,15115.880874,1,106,7,7,1.27
79519,23,23,90436.00364,92598.457261,2,105,1,1,0.26
79520,3,36,35801.355184,38368.146952,2,110,15,15,5
79521,60,60,80442.325371,82193.665089,1,115,15,15,5
79522,24,24,28779.662024,29654.910034,1,114,14,5,1.74
79523,40,40,32040.003069,32682.699643,2,108,10,10,4.58
79524,13,48,8212.080671,10908.335134,2,104,8,8,2.53
79525,64,64,14532.864116,15135.925391,1,118,6,4,0.87
79526,27,27,39612.798836,41922.198952,2,107,9,6,2.39
79527,15,40,15096.13109,0,1,109,6,6,1.27
79528,1,26,9239.812067,9564.284684,2,115,6,6,1.04
79529,8,31,29027.177768,31063.190667,1,114,5,5,0.63
79530,13,57,8516.234079,8995.219578,2,106,14,14,3.22
79531,10,38,15517.580155,15674.959928,1,111,2,2,0.29
79532,9,53,7852.361067,7998.941547,1,114,6,6,1.64
79533,60,60,10309.618463,10680.532279,2,116,3,3,1.03
79534,6,70,25295.21158,26200.378257,2,109,15,15,5
79535,6,23,8190.16355,8144.813286,1,116,1,1,0.13
79536,50,50,27252.596772,26911.673901,1,115,3,3,0.77
79537,72,72,44717.216639,46003.223521,2,113,15,15,4.48
79538,3,27,12346.58489,12585.518275,2,108,6,6,1.09
79539,18,18,13236.699487,13817.095122,1,117,1,1,0
79540,3,36,7889.091627,8220.26431,2,106,14,14,3.79
79541,78,48,32235.928117,35964.112169,2,107,15,15,5
79542,15,41,58023.09034,57609.554537,1,116,15,15,4.88
79543,16,33,29016.514205,29591.173909,1,106,6,6,1.54
79544,52,52,73536.131435,78565.395916,1,117,8,8,4.35
79545,33,33,29921.555796,30120.865705,1,116,4,4,0.54
79547,63,63,9294.477003,9434.304357,2,105,2,2,0.72
79548,62,62,89634.759203,0,1,113,12,6,2.96
79549,37,37,69789.839038,73877.967471,2,116,8,8,2.86
79550,24,24,37211.840958,38454.340892,1,109,1,1,0.09
79551,1,32,30632.446723,35892.6361,1,114,15,15,5
79552,5,41,16981.571157,18008.979071,2,112,9,9,1.45
79553,70,71,44717.216639,46003.223521,2,113,9,9,3.81
79554,48,48,26541.925537,28199.541169,1,111,3,3,0.35
79556,13,33,18660.609421,18927.467393,1,107,5,5,0.76
79557,73,80,35964.29793,39168.021909,1,113,5,5,1.55
79558,4,41,7958.259653,9296.818222,1,109,15,15,3.17
79559,17,65,11069.084273,11470.66811,2,113,9,9,2.78
79560,37,37,12106.792344,12502.907331,2,118,15,15,4.19
79561,16,48,6869.57837,7851.932398,1,117,15,15,5
79562,1,41,7365.691277,7960.545524,2,118,15,15,3.63
79563,49,49,19776.041932,19728.363435,1,108,6,6,1.16
79564,28,28,23262.918867,23048.301241,1,116,8,8,2.04
79565,18,48,22796.531791,22690.299778,1,109,3,3,0.47
79566,18,18,88211.30104,97178.312834,2,108,99,1,0.03
79567,62,62,15297.440213,15947.985046,1,108,8,8,2.9
79568,19,19,12586.673175,13263.471344,2,114,1,1,0.21
79569,44,46,13518.565448,14129.320668,1,118,14,14,4.03
79570,30,30,21424.319868,21273.911698,2,114,1,1,0.02
79571,39,39,96350.526808,97773.530162,2,108,15,15,5
79572,15,39,71653.649398,72691.067285,2,116,15,15,5
79573,29,29,24130.820416,25585.719851,2,110,9,9,3.81
79574,48,19,35787.271261,35135.061052,1,106,6,6,1.27
79575,47,34,22066.417032,22376.653498,1,108,3,3,0.64
79576,53,53,113750.835861,114620.860921,1,113,15,15,5
79577,80,80,42226.657141,43363.833274,1,116,4,4,1.57
79578,16,45,9830.200555,9669.239951,1,118,6,6,0.56
79579,71,71,10759.695107,10991.897747,2,117,14,14,5
79580,0,34,5513.84019,5556.163375,1,116,1,1,0.07
79581,31,31,44058.272543,43508.326011,1,111,14,14,2.11
79582,5,38,41663.032071,42864.84867,2,107,1,1,0.01
79583,10,52,18433.606216,19030.119319,1,109,4,4,0.58
79584,0,55,6813.295947,7269.590931,2,105,5,5,0.77
79585,32,27,29709.029952,32339.050941,2,108,6,6,1.09
79586,65,65,10238.123311,10392.147006,2,116,6,4,1.6
79587,8,39,15808.782759,15969.115918,2,115,3,3,0.31
79588,18,47,12039.618624,13064.955264,1,117,7,7,1.38
79589,24,24,38966.281356,45346.043024,2,115,5,3,0.86
79590,20,74,91818.193371,92248.504765,1,107,7,1,0.02
79591,23,33,24995.649487,26714.174631,1,116,6,6,1.27
79592,4,26,10082.455658,10610.310657,2,105,7,7,0.97
79594,69,69,26185.700319,25969.348491,2,113,3,3,0.94
79595,0,20,11672.068672,11505.651329,1,110,5,5,1.29
79596,56,67,26927.10649,26590.255417,2,114,1,1,0.02
79597,61,42,87281.736911,88940.511649,1,105,9,9,1.51
79598,14,41,11580.119332,12558.898055,1,118,10,10,3.58
79599,80,80,37262.530651,39501.743191,2,108,8,8,3.34
79600,0,36,9880.676517,10676.661919,2,108,8,8,1.89
79601,6,29,9433.407472,9283.506327,2,108,7,7,1.43
79602,51,51,26128.790074,26433.305763,2,109,3,3,0.91
79603,34,37,73013.849499,74855.685603,2,107,14,14,3.14
79604,2,50,9306.087105,9757.526484,2,106,8,8,2.53
79606,44,38,34445.114122,34003.361564,1,111,8,8,0.94
79607,52,62,27197.451967,0,1,108,8,8,2.9
79608,56,56,21054.4977,21658.038306,2,110,7,7,3.43
79609,11,35,19758.073494,20635.747461,2,107,8,8,1.13
79610,66,61,46623.986221,46238.768926,2,115,9,9,2.04
79611,35,35,75016.834772,76906.148267,1,112,15,15,5
79612,33,40,75506.07765,77410.782317,1,115,14,14,3.18
79613,76,71,7073.425565,7081.703055,2,118,7,7,1.82
79615,17,35,21547.31752,21397.858609,2,115,1,1,0.2
79616,2,37,6305.263323,6607.304063,1,112,6,6,0.98
79617,12,40,17677.766878,17687.236796,1,109,5,5,1.23
79618,41,41,14640.835377,15212.506925,1,104,1,1,0
79619,14,50,86190.998049,88666.264439,1,105,15,15,5
79620,22,22,45446.446086,48640.758217,1,110,5,5,0.89
79621,76,76,14021.505657,14863.649002,2,105,2,2,0.34
79622,5,35,19969.31476,19817.130593,2,107,8,8,1.13
79623,80,58,43021.050001,0,1,106,5,5,1.51
79624,2,36,7493.163228,0,2,104,15,15,5
79625,16,70,11289.437847,11060.971319,1,114,4,4,0.54
79626,16,51,31008.155156,30787.157234,1,109,6,6,1.02
79627,41,41,29138.511353,28865.211356,1,111,7,7,2.78
79628,4,49,16604.386239,16746.815455,2,115,5,5,0.56
79629,70,67,11140.687817,11014.729591,1,109,7,7,2.42
79630,59,59,15784.614923,15832.497473,1,117,10,10,4.51
79631,9,33,13091.722437,14777.67094,1,107,7,7,1.27
79632,74,80,15107.120526,15433.144008,1,118,2,2,0.61
79633,25,25,29568.883445,31292.7299,2,112,2,2,0.73
79635,0,37,15091.270672,14502.707087,1,106,15,15,4.35
79636,14,44,49146.845584,49101.388548,1,116,15,15,5
79637,78,80,13097.101085,0,1,104,7,7,1.79
79638,42,39,22314.41365,22260.615337,1,116,15,15,3.96
79639,61,61,22592.758045,22723.867264,1,118,3,3,1.27
79640,30,36,44689.831331,49747.53409,1,115,6,6,1.06
79641,31,51,21527.63823,22685.20106,2,114,6,6,1.52
79643,2,19,6520.899703,6757.782358,2,113,5,5,1.06
79644,47,47,36021.238135,36550.273043,1,109,2,2,0.61
79645,23,23,106554.218364,111724.174476,2,107,9,9,2.31
79646,25,26,70487.254122,71302.865933,2,112,2,2,0.36
79647,12,34,19016.452252,20038.986155,2,105,1,1,0.03
79648,62,62,9359.80207,9323.824765,2,114,3,3,0.84
79649,20,20,95090.83059,94520.497042,1,105,14,5,1.91
79650,58,58,105137.352368,106030.848704,1,104,15,15,5
79652,2,56,6904.482039,7155.298968,2,113,6,6,0.65
79653,3,34,18475.451815,19008.396816,2,107,3,3,0.61
79654,14,53,10560.153006,10628.69238,1,118,6,6,0.88
79655,16,49,14087.459741,14064.182336,1,112,14,14,3.45
79656,76,76,65801.208454,64683.214889,2,113,8,8,3.12
79657,6,50,19308.003923,19560.343038,2,115,7,7,2.12
79658,52,52,15968.19652,16090.692869,2,105,7,7,2.23
79659,17,52,71009.43154,75359.620951,1,110,15,15,5
79660,36,36,57439.608819,61906.840263,1,109,2,2,0.28
79661,52,54,14410.037941,15190.999913,1,110,15,15,3.53
79662,33,29,65524.759039,69449.583992,2,107,6,6,1.13
79663,39,39,14894.939487,15808.574941,2,118,10,10,2.73
79664,40,60,79503.227359,84139.313987,1,111,14,14,3.36
79665,80,80,55679.66403,57796.679305,2,115,5,5,1.97
79666,4,61,37111.747736,0,2,113,9,9,2.31
79667,51,51,113174.410861,114136.209111,1,114,15,15,5
79668,48,48,22866.073366,24066.779311,2,113,6,6,0.91
79669,32,32,23015.093413,24375.856532,2,118,5,3,0.38
79670,3,25,14079.456959,14573.882411,2,108,3,1,0
79671,31,31,24822.231629,26971.780533,1,110,10,10,5
79672,69,76,109638.490389,110179.926311,2,113,10,10,4.13
79673,23,45,24221.180924,24535.743349,1,116,7,7,2.58
79674,63,42,9214.494033,9477.660072,2,106,7,7,1.68
79675,47,50,16896.534231,16947.789782,2,104,9,9,3.03
79676,6,33,11722.414127,11669.44975,1,110,7,7,1.3
79677,68,68,94037.983978,96272.693373,1,110,6,6,1.64
79678,32,34,15416.614291,16998.782084,2,114,14,14,5
79679,4,39,6298.697569,6564.183377,1,112,7,7,0.88
79680,0,23,5422.799547,5628.544791,1,112,2,2,0.21
79681,4,50,14428.848496,14863.544743,2,108,14,14,3.37
79682,49,78,36021.238135,37872.768421,1,109,8,8,2.12
79683,50,33,12931.678916,12696.003697,1,117,4,4,0.47
79684,9,40,8031.515943,10697.025288,2,104,15,15,4.19
79685,41,41,14833.550967,15131.100014,2,118,6,6,0.9
79686,18,18,88211.30104,97178.312834,2,108,99,1,0
79687,3,34,12755.251333,13203.174922,2,108,3,3,0.56
79688,63,65,93050.196582,95261.432295,1,105,15,15,4.67
79689,16,45,11734.274341,11652.881757,2,114,15,15,4.07
79691,31,31,87963.733522,90179.117166,2,105,15,15,5
79692,10,43,20386.90178,20593.666362,2,115,15,15,4.19
79693,57,57,56499.579372,56979.733819,2,106,14,14,3.22
79695,16,55,19805.786404,23749.087667,1,107,15,15,5
79696,34,34,14804.465691,16020.646596,2,114,14,14,5
79697,33,38,17862.815519,18440.543359,2,108,15,15,4.19
79698,9,20,47881.365367,50592.148602,2,116,6,6,1.26
79700,13,46,16685.691495,18472.558003,1,110,6,6,1.09
79701,18,32,11825.018632,11992.958536,2,118,5,5,0.63
79702,5,52,16198.000356,16401.576041,1,109,4,4,0.58
79703,0,24,6035.652739,6174.980843,2,106,14,14,3.77
79704,7,40,44589.412552,45046.06773,1,114,15,15,5
79705,67,67,15098.935725,15040.898277,2,108,6,6,2.14
79706,8,43,8679.448296,8840.834185,2,110,15,15,5
79707,31,32,107737.369017,110455.135268,1,105,15,15,4.67
79708,12,47,24050.715413,23523.221385,1,109,1,1,0.27
79709,72,72,83918.343235,83590.55295,2,111,9,9,3.81
79710,13,45,19383.554945,20072.64483,1,117,7,7,1.78
79712,55,55,34612.054887,34271.0504,2,109,4,4,0.99
79713,14,31,13621.970111,13821.847434,2,114,3,3,0.38
79714,52,52,21475.267749,23811.690384,1,109,8,8,4.7
79715,55,55,27165.409991,27855.163586,1,115,2,2,0.54
79716,4,24,9253.621179,9578.578728,2,114,4,4,0.54
79717,41,41,63047.405606,65509.178244,1,114,15,15,5
79718,8,29,9433.407472,9283.506327,2,108,7,7,1.43
79719,47,47,56745.623938,58961.334846,1,105,9,9,2.59
79720,25,25,22990.398618,24033.234422,1,112,8,8,2.56
79721,40,40,14041.392013,14496.915342,1,117,15,15,5
79722,1,46,9557.74223,9978.00905,2,106,5,5,0.5
79723,1,35,14529.900337,14753.880604,2,112,6,6,0.9
79724,16,35,22375.112451,23061.604465,2,112,6,6,0.9
79725,38,38,32557.065669,33033.693436,1,107,9,9,2.68
79726,8,43,39395.856133,40336.099292,1,108,15,15,3.37
79727,1,33,5717.661823,5925.36551,2,117,4,4,0.45
79728,7,29,14322.881933,14622.561101,1,111,6,6,1.02
79729,74,74,73164.294421,74200.676465,2,113,5,5,1.89
79730,3,24,14421.195076,14893.039454,1,116,6,6,1.59
79731,9,44,9351.630859,9293.80751,1,105,15,15,5
79732,1,22,7351.610743,7609.775775,1,108,7,7,1.11
79733,23,25,54764.120386,60100.93497,1,106,9,9,2.82
79734,50,54,115530.553375,117981.86183,1,107,15,15,5
79735,12,53,10560.153006,10628.69238,1,118,6,6,0.88
79736,1,22,10695.826813,10850.255999,2,111,2,2,0.32
79737,19,19,17865.362717,0,2,104,99,2,0.73
79738,10,41,14803.384761,16527.342045,1,115,14,14,3.82
79739,26,80,17308.949061,19391.505886,1,118,9,9,2.52
79740,62,80,15233.220353,16526.658847,2,118,9,5,1.85
79741,22,22,42359.459875,43879.465011,2,118,3,3,0.59
79742,12,54,18331.650422,19881.084317,1,109,3,3,0.64
79743,2,61,6067.915066,6288.342292,2,105,5,5,1.01
79744,66,34,15107.120526,15445.782013,2,118,12,5,1.05
79745,16,71,63010.7325,63998.822099,1,104,15,15,5
79746,14,55,15891.346555,16391.782093,1,115,1,1,0
79747,1,34,6262.201044,6489.686035,2,117,9,9,2.35
79748,13,47,13416.496062,13821.627251,1,112,6,6,1.53
79749,0,31,8696.431382,9593.313715,1,115,6,6,1.27
79751,51,42,26836.884023,27375.210232,1,107,15,15,5
79752,18,45,21179.334081,21028.387055,1,116,6,6,1.21
79753,11,37,9335.134547,9186.795004,2,115,5,5,0.72
79754,2,44,13368.806186,14017.328545,1,106,8,8,1.42
79755,14,50,18643.494533,18363.394624,2,108,14,14,3.37
79756,46,46,21579.220022,21527.194204,2,105,1,1,0
79757,40,40,37554.608645,37202.371213,2,111,15,15,5
79758,38,38,23687.854478,24961.574315,2,111,6,6,0.78
79759,2,58,12364.243473,13857.575403,2,105,7,7,1.59
79760,35,35,43551.178906,44188.757898,1,111,15,15,5
79762,56,56,13242.080991,13446.117776,2,117,7,7,1.68
79763,59,59,112101.255873,112908.59011,2,113,15,15,5
79765,1,34,33511.556954,39266.145788,2,108,15,15,5
79766,5,29,7438.478258,7582.429059,2,114,4,4,0.57
79767,10,39,12197.77574,12270.41009,2,110,7,7,1.47
79768,57,57,26052.931107,26791.43196,1,115,12,6,2.18
79769,6,36,16194.865972,18080.870937,1,110,8,8,2.56
79770,9,40,20665.626982,21094.835487,2,109,4,4,0.67
79771,14,35,15545.115929,15181.342168,1,108,14,14,2.85
79772,11,46,10801.905474,11878.745479,1,108,5,5,1.35
79773,48,50,23696.197283,23624.464844,2,109,4,4,0.66
79774,38,43,78652.082618,82622.915881,1,109,9,9,2.55
79775,1,24,14687.466315,15836.500527,1,115,6,6,1.1
79776,46,58,31164.227097,31282.228119,2,112,6,6,1.52
79778,62,68,58922.177474,58435.349906,2,108,9,8,2.53
79779,52,75,31463.897254,31756.741331,1,106,4,4,1.01
79780,11,45,56277.646589,58850.4626,1,105,8,8,2.41
79781,6,39,10953.906299,11811.735967,2,113,15,15,5
79782,30,56,16811.715387,16943.295284,1,109,5,5,1.02
79784,40,48,102643.24476,103158.118645,2,112,15,15,5
79785,11,33,8190.16355,9006.639475,1,116,6,6,1.54
79786,12,45,9642.961443,9780.861609,2,118,9,9,2.15
79787,10,37,9222.620288,9548.716765,1,108,15,15,5
79788,45,45,37279.630785,38050.324166,2,109,12,5,1.71
79789,25,24,76026.940288,0,2,110,10,6,2.14
79790,2,44,5008.116738,5774.848188,2,118,4,4,0.63
79791,7,20,61211.999134,62204.048234,1,109,15,15,5
79792,13,36,66072.141618,67676.550196,2,109,10,10,2.15
79793,52,52,112101.255873,112908.59011,2,113,15,15,3.58
79794,29,29,88325.019537,90436.996522,1,110,7,7,3.22
79795,66,73,17387.795344,17347.166667,2,106,8,8,3.18
79796,0,20,5796.557756,6205.332608,2,114,6,6,1.26
79797,5,32,52673.612516,53876.441902,1,105,15,15,4.67
79798,26,26,72205.619595,73826.219373,2,112,2,2,0.36
79799,33,39,44045.115488,48233.437628,1,108,15,15,5
79800,55,55,29756.246062,32859.509005,1,113,7,7,2.58
79801,80,80,9722.198847,10077.774572,1,104,3,3,1.22
79802,22,55,19032.465552,20269.86923,1,108,15,15,3.63
79803,1,20,18675.776227,19581.740326,1,109,4,4,0.82
79804,20,52,88151.340996,90129.830266,1,104,15,15,5
79805,51,39,21023.07202,21282.902352,1,104,6,6,2.13
79806,19,32,9708.408591,10454.088828,1,104,12,3,0.84
79807,17,45,85816.905175,85205.280344,1,105,14,14,3.4
79808,33,33,29559.588398,29535.441272,2,111,3,3,0.36
79809,38,38,29709.029952,32281.764496,2,108,9,9,4.8
79810,75,75,22910.896036,23274.589065,1,106,15,15,5
79811,8,37,9222.620288,9548.716765,1,108,15,15,5
79812,65,66,27641.861615,28693.392043,1,113,7,7,1.01
79813,46,55,35144.965287,34723.195443,2,109,4,4,0.99
79814,75,75,12767.787483,13304.031823,1,116,2,2,0.7
79815,49,48,88390.326515,90521.057386,2,115,15,15,5
79816,78,78,15866.435364,15687.047153,1,107,6,6,2.19
79817,4,33,41887.923573,41794.911678,2,107,9,9,1.97
79818,10,37,45126.780073,45588.938613,2,107,14,14,3.14
79819,80,74,32511.51812,33387.06274,2,104,14,14,4.77
79820,18,32,9831.770326,9837.392138,2,106,3,3,0.2
79821,55,55,17972.979821,17986.015359,2,118,5,5,0.92
79822,15,35,11596.149818,11421.929234,1,112,7,7,1.45
79823,47,47,24090.335147,24702.009894,1,116,14,14,5
79824,41,80,29726.361082,29654.693141,1,113,9,9,3.03
79825,70,70,9936.368879,10444.988845,1,112,7,7,3.83
79827,4,24,17148.870775,19066.180765,1,115,6,6,1.54
79828,10,35,19109.510218,0,1,107,14,14,4.12
79829,47,47,28509.568141,28143.937922,1,117,5,5,1.02
79830,9,30,15265.273266,15421.610066,2,116,6,6,0.93
79831,44,44,20038.213485,20347.993871,2,107,7,7,0.88
79832,57,68,100747.146655,102385.754739,1,108,5,2,0.7
79833,54,54,14410.037941,15190.999913,1,110,15,15,3.53
79834,40,40,28218.956804,27954.281621,1,107,7,7,1.45
79835,37,37,24877.308693,26165.868856,1,105,3,3,0.59
79836,18,44,12871.599763,0,1,118,15,15,5
79837,39,39,34427.412184,36462.92653,1,108,15,15,5
79838,60,60,33532.358164,36365.234316,2,109,2,2,0.77
79839,2,36,11788.096529,13211.842428,1,104,9,9,2.34
79840,80,56,40713.637416,41986.888028,1,109,5,5,1.55
79841,70,70,41891.342754,41910.857008,2,104,15,15,5
79842,2,27,9769.736649,10196.795923,2,106,5,5,0.77
79843,49,49,72433.781494,72147.377683,1,109,8,8,4.35
79845,45,52,93308.459231,93897.224205,1,115,9,9,3.07
79846,39,39,21886.594284,23229.088393,2,104,15,15,5
79847,43,43,25298.187121,25060.90683,1,111,14,14,3.82
79848,26,61,107509.123719,108704.907888,2,107,15,15,5
79849,75,76,80549.006362,81566.685421,2,115,10,10,4.13
79850,39,39,37499.28258,37236.021086,2,113,15,15,2.49
79851,5,25,8211.071049,0,2,106,15,15,4.3
79853,65,72,107388.865186,107812.334541,2,106,14,14,5
79854,45,45,45960.752568,46784.7059,1,106,8,8,3.09
79856,8,37,11543.364125,11430.896777,2,112,14,14,2.66
79857,41,41,19423.405323,19614.223691,2,105,2,2,0.37
79858,4,32,13700.612267,14587.688015,1,114,7,7,1.27
79859,52,55,23828.588814,23530.499388,2,116,7,7,1.52
79860,17,44,9957.873953,10605.67791,2,106,10,10,4.36
79861,6,30,9520.778837,9885.150923,2,117,1,1,0.03
79862,17,38,14905.636827,19500.578495,1,117,6,6,1.54
79863,45,47,29058.926776,29442.897375,1,118,12,4,1.39
79864,59,59,19675.002749,21942.55195,2,105,2,2,0.84
79865,4,38,32029.304959,33535.669906,1,110,15,15,4.67
79867,0,29,4929.944576,5342.796616,1,112,3,3,0.51
79868,30,65,25882.314144,28343.505769,1,118,14,14,2.87
79869,7,34,33345.043343,0,1,105,10,10,2.47
79870,39,51,20322.425025,21168.398961,1,104,15,15,5
79872,54,54,101663.764284,102395.929476,1,115,14,14,5
79873,42,41,22020.047933,23025.261845,1,104,8,8,1.58
79874,2,76,21023.234993,22011.975282,1,112,14,14,2.39
79875,6,50,12927.871578,12772.51425,2,108,8,8,2.63
79877,31,75,18250.835435,17926.771179,2,110,5,5,0.48
79878,77,80,44162.166329,45358.785151,2,106,9,9,2.78
79879,15,35,11289.437847,11060.971319,1,114,4,4,0.57
79880,64,61,24447.338933,26265.546389,1,111,7,7,2.2
79881,62,55,14361.229012,14294.395888,1,114,10,10,4.64
79882,10,36,12662.47494,12790.898148,2,105,8,8,1.63
79883,35,35,31339.522934,30948.335061,1,114,9,9,2.51
79884,62,62,110260.91393,111894.503895,2,112,4,4,1.46
79885,69,69,34002.622995,34620.851794,2,112,3,3,1.03
79886,43,50,52119.49921,52448.36688,2,110,9,9,2.52
79887,69,69,7817.35974,7934.965144,2,117,2,2,0.77
79888,30,30,18665.694771,19401.037051,2,104,15,15,5
79889,76,76,32459.194019,32780.296101,1,112,14,14,2.39
79890,41,41,23568.774431,23511.951951,1,116,15,15,5
79891,62,62,14122.831429,14009.298686,1,115,5,5,1.74
79892,11,46,29717.751869,31673.953891,2,104,14,14,3.48
79893,1,34,6540.499484,6877.413325,2,104,10,10,3.28
79894,58,58,89536.217554,90297.129643,1,115,15,15,5
79895,19,75,18800.444397,18780.284558,2,105,3,3,0.69
79896,22,40,50262.841251,55453.905144,1,106,14,14,2.25
79898,29,58,18455.162152,19437.344486,2,118,8,8,1.4
79899,37,35,57439.608819,58648.877135,1,109,14,14,2.9
79901,23,24,69766.055661,69347.614452,2,110,15,9,5
79902,30,57,69999.977334,74100.415186,2,104,15,15,4.61
79903,6,46,10773.427169,10858.235692,1,108,14,14,4.1
79904,77,77,23698.912694,24314.695954,1,115,4,4,0.97
79905,5,43,54623.693278,54207.411528,2,109,14,14,2.94
79906,50,50,19256.385669,19223.328131,2,105,6,6,1.91
79907,0,27,14401.160935,13914.824758,2,107,10,10,2.22
79908,19,42,16602.801588,17201.498794,2,111,6,6,0.52
79910,14,36,24575.036742,26256.211808,2,105,6,6,1.91
79911,16,46,15388.940347,15077.511398,1,115,7,7,1.95
79912,20,20,44226.961684,45574.259143,2,111,5,5,1.27
79913,63,63,73492.605605,73782.410943,2,114,6,6,2.19
79915,64,64,12968.406808,13646.182445,1,107,8,8,3.09
79916,55,55,18376.472408,19880.759375,1,108,14,14,5
79917,66,71,25554.085894,25616.661416,2,116,6,6,1.05
79918,70,70,13810.070861,13632.843614,1,114,1,1,0.12
79919,62,62,18378.979782,19160.571352,1,110,4,4,1.57
79920,59,59,12217.843877,12406.099,1,118,4,4,0.81
79921,43,54,20457.395103,21303.273089,1,111,14,14,3.37
79922,10,41,18355.812133,22402.318401,2,111,7,7,1.77
79923,50,50,31145.547232,31435.428328,1,109,10,10,3.33
79924,59,59,22397.126869,22573.140771,1,107,6,6,2.19
79925,49,49,36183.171056,36714.584232,2,109,9,9,4.97
79926,28,28,50073.335132,53203.473483,2,111,7,5,1.71
79927,37,37,27973.203758,28382.724867,2,115,5,5,0.72
79928,67,30,89004.535861,91119.630891,1,105,15,15,5
79929,60,38,12261.350101,12525.95963,1,111,4,4,0.65
79931,2,23,17113.782068,17607.448187,1,109,5,5,0.5
79932,22,21,51166.900015,56451.333616,1,109,8,8,1.52
79934,44,44,21038.597171,21860.078124,1,109,6,6,1.97
79935,4,31,8117.065631,8274.14858,2,114,6,6,1.17
79936,55,55,33433.990028,35210.589424,2,111,7,7,2.23
79937,80,80,34763.599731,0,1,110,4,4,1.31
79938,31,31,21900.958079,23078.594694,1,116,9,9,3.87
79939,47,50,117064.164013,117802.824582,1,105,15,15,5
79940,26,51,31237.803712,32187.808806,2,110,4,1,0
79941,14,38,24725.423064,0,2,116,6,3,0.86
79942,54,54,18821.117689,18804.950676,2,112,5,5,0.86
79943,17,18,6113.246209,6773.564253,1,117,99,1,0
79944,58,62,24199.38401,23896.656033,2,114,3,3,0.84
79946,43,43,34616.971503,34292.287168,2,115,15,15,4.19
79947,2,33,11925.224857,12449.593082,1,107,15,15,4.25
79948,6,43,19527.986824,19439.755198,2,115,15,15,4.19
79949,72,43,15505.864175,15716.154855,1,108,14,14,3.48
79950,37,80,23015.093413,22524.875378,2,118,10,10,2.15
79951,72,73,57206.653095,56918.655656,2,113,7,7,2.48
79952,55,55,31463.897254,34180.649817,1,106,5,5,1.29
79953,19,37,11161.201139,11740.974689,1,114,5,5,0.63
79954,80,80,34527.858326,35671.30242,2,113,10,10,5
79955,37,27,28842.838875,31802.905843,1,106,15,15,5
79956,49,72,29566.466495,0,2,112,1,1,0.12
79957,52,52,90604.866322,99764.70073,2,116,9,9,5
79958,70,70,49447.25675,50787.080473,1,104,15,15,5
79959,19,19,12586.673175,13270.159255,2,114,13,1,0.26
79960,26,26,68800.997119,69751.263826,2,113,10,5,1.53
79961,6,41,45988.827745,47660.129644,1,110,15,15,5
79962,24,26,92282.126088,91728.638522,1,115,12,8,3.92
79963,25,66,20702.629494,20971.496209,1,104,14,14,4.1
79964,10,41,12540.158677,12483.499555,1,107,5,5,0.73
79965,50,50,89889.363185,92538.421657,1,115,15,14,4.4
79966,0,25,8517.938762,8691.139998,1,115,14,14,4.61
79967,52,52,23347.417888,24035.471213,2,115,5,5,1.27
79968,8,40,50042.734688,50696.750474,2,107,8,8,1.39
79969,52,52,29166.123226,29784.965276,2,105,10,10,2.13
79970,71,71,12767.787483,13304.031823,1,116,3,3,1.04
79971,4,32,38538.282702,42587.246286,2,110,15,15,4.61
79972,34,39,16968.540319,18457.263767,1,112,7,7,0.88
79974,55,20,21540.570755,22990.669343,2,107,6,6,1.52
79975,1,40,11913.952873,12303.763263,1,111,9,9,2.18
79976,1,44,6723.479995,9338.694534,2,117,15,15,5
79977,74,74,74357.485095,73094.116354,1,105,14,14,5
79978,37,37,23438.222526,26000.608471,1,114,7,7,3.66
79979,80,80,12031.533115,12445.349562,1,106,6,6,1.79
79980,47,47,30341.43992,32508.22075,1,113,5,3,1
79981,1,74,12186.85925,12576.151523,1,113,7,7,1.27
79982,45,45,31707.15438,32172.82942,1,115,7,7,3.74
79983,0,48,11754.068137,12272.871811,1,114,6,6,1.4
79984,4,32,12695.695854,13253.942727,2,118,5,2,0.29
79985,36,36,84120.656677,86239.251688,1,110,15,14,5
79986,2,28,39557.996459,39256.52889,2,107,7,7,2.13
79987,66,66,14241.691039,14549.037875,1,118,2,2,0.52
79988,57,57,26458.913955,27217.3756,2,105,2,2,0.69
79989,42,45,37529.407865,36845.447841,1,109,9,9,3.93
79990,5,56,10473.138989,10675.817104,2,108,5,5,0.48
79991,10,41,39849.768852,41182.692078,1,110,15,15,5
79992,33,33,16977.21867,17856.580981,1,116,10,10,3.33
79993,15,37,11289.437847,11716.809832,1,114,5,5,0.63
79994,19,50,16602.801588,16238.65946,2,111,5,5,0.56
79995,15,58,12576.606389,12620.671957,1,104,15,15,5
79996,22,58,72080.014915,72975.552763,1,115,15,15,5
79997,11,34,13355.718826,13635.161938,1,106,6,6,0.76
79998,43,42,28218.956804,31511.296337,1,109,7,7,1.33
79999,49,18,16422.345507,17216.214819,2,110,7,7,1.43
80000,26,26,36112.430315,37290.150131,2,113,2,2,0.35
80001,17,43,14263.684411,15445.864362,1,116,9,9,2.55
80002,55,55,108103.350291,110670.460914,2,109,8,8,1.79
80003,9,43,14980.341075,15293.368222,2,108,8,8,2.1
80004,17,43,19452.810699,20029.675306,1,107,7,7,1.27
80005,40,40,31179.275398,30611.044264,2,109,4,4,0.67
80006,47,80,29448.640449,29377.642071,1,108,9,9,3.07
80007,73,73,9918.956424,10540.070054,1,114,2,2,0.7
80009,42,36,84721.464339,84464.997985,2,109,10,10,2.15
80010,39,39,20735.36065,21850.321915,1,116,15,15,3.96
80012,1,56,6411.107145,6535.176072,2,108,4,4,0.47
80013,62,62,22187.305914,21812.72443,1,106,10,10,4.19
80014,80,44,30551.127042,31694.090301,1,111,15,15,5
80015,48,48,79433.299646,81416.722516,2,106,15,15,5
80016,40,40,24762.302082,24780.261815,2,114,5,5,0.63
80017,28,68,31628.579865,32821.003984,1,109,5,5,0.63
80019,44,73,21240.783878,21375.012759,1,109,5,5,0.67
80020,31,50,19485.546444,19469.628768,1,112,8,8,1.91
80022,21,55,35537.008208,37317.489604,2,118,5,5,0.92
80023,80,80,44990.322145,47693.919882,1,112,8,8,3.22
80024,48,43,37529.407865,41908.008891,1,107,7,7,2.05
80025,25,27,64578.397369,65470.342306,1,108,5,5,1.23
80026,55,56,74348.922462,75990.482565,1,118,10,10,3.54
80027,32,39,23018.76866,22528.472344,2,106,10,10,1.94
80028,54,54,84145.999065,0,2,104,15,15,5
80029,7,41,61906.940718,64798.852992,2,113,15,15,5
80030,63,63,11833.646614,12509.599549,2,104,15,15,5
80031,33,36,31066.851772,32737.34774,2,115,6,6,1.52
80032,11,46,15013.077763,15532.817379,1,108,15,15,4.67
80033,41,41,14821.110318,15565.479253,1,112,6,6,0.91
80034,39,39,54591.411322,58504.580398,2,114,7,7,3.6
80035,4,53,18628.295134,18586.931111,1,107,7,7,0.93
80036,16,42,18304.904877,18219.60388,2,111,5,5,0.9
80037,64,64,13662.586043,13653.027752,1,111,9,9,3.87
80040,70,70,28058.954575,31174.432012,2,114,2,2,0.81
80041,42,42,22899.544594,24329.683603,1,112,5,5,0.93
80043,38,19,20730.989884,21784.581935,1,116,5,5,0.83
80044,77,77,66938.724573,68036.28118,1,113,15,15,5
80045,3,28,9562.943174,9748.007011,1,108,14,9,2.18
80046,1,33,8655.123004,9035.700439,1,117,4,4,0.47
80047,22,61,36550.650062,40112.544984,1,109,6,6,1.2
80048,24,42,58966.770514,60131.097269,1,117,15,15,5
80049,59,60,133351.242201,136120.298951,2,115,15,15,5
80050,8,36,41489.671204,42162.084972,2,116,15,15,4.61
80051,33,35,75661.323215,77470.218924,1,112,15,15,5
80053,16,50,13155.509672,13064.258957,2,105,6,6,1.91
80054,13,43,12318.688574,12048.50806,2,118,6,6,0.95
80055,44,44,28560.372069,28039.869511,1,106,8,8,1.42
80056,41,43,66313.020476,66731.447531,2,112,10,10,2.03
80057,34,35,86711.703215,88899.079263,1,113,14,14,3.61
80058,39,39,15058.98154,16158.558761,1,114,4,4,1.57
80059,47,47,19690.96046,20329.764067,1,112,5,5,0.85
80060,42,45,28694.726202,30004.638791,1,110,15,15,5
80061,50,51,24199.38401,23896.656033,2,114,15,10,3.44
80062,34,31,17889.38376,18960.92833,2,112,6,6,1
80063,80,80,13931.921944,14399.764926,1,113,9,9,3.03
80064,32,32,17754.493789,18843.530439,1,118,5,5,1.02
80065,2,34,12254.739004,12849.217833,1,106,6,6,0.76
80066,60,60,97588.838086,99907.929628,1,105,14,14,5
80067,65,65,12352.53595,12701.085147,1,107,1,1,0.42
80068,9,30,9058.487607,9019.719421,2,115,5,5,0.51
80069,10,35,7096.16197,6983.400721,1,114,7,5,0.85
80070,1,60,33817.094434,34604.273959,1,107,15,15,5
80071,66,66,18497.855373,0,2,116,3,3,1.11
80072,80,80,56756.157214,58531.110682,2,112,5,5,1.8
80073,57,57,13617.881247,14276.180514,1,118,8,8,3.22
80074,10,56,8070.136063,8330.477145,1,118,7,7,1.25
80075,32,32,19009.30117,20310.780699,2,110,15,15,5
80076,2,24,6549.85527,6837.861243,2,118,4,4,0.63
80077,12,48,47930.674057,50284.186137,1,118,15,15,5
80078,80,80,14202.665717,14870.409469,1,117,3,3,0.52
80080,70,73,46865.504432,48135.37295,1,105,15,15,5
80081,1,31,11832.579387,12598.705309,1,111,14,14,2.11
80082,79,79,45525.373894,46758.930212,2,108,8,8,4.28
80083,41,41,23721.73495,23738.939975,2,110,6,6,1.07
80084,80,65,38308.300277,39764.833075,1,113,7,7,2.39
80085,7,28,8920.465198,9488.421037,2,108,6,6,1.07
80086,0,52,5716.444613,5848.404059,1,117,7,7,1.49
80087,30,30,39622.264411,40202.325021,2,111,15,15,4.19
80089,51,32,13182.967793,13312.479193,2,106,3,3,0.2
80090,0,38,18693.475811,18515.759039,1,105,15,15,5
80091,65,65,12739.270358,12542.195652,1,106,8,8,3.09
80092,65,65,16108.780281,16097.971935,1,117,8,8,3.22
80093,8,46,10573.813889,10794.76285,1,107,15,15,3.93
80094,69,36,9695.920451,9673.264766,1,118,9,9,2.46
80095,24,24,49010.391779,50515.330228,2,117,15,6,2.83
80097,48,24,136544.255482,139773.793042,1,113,15,15,5
80098,15,40,14572.982363,14253.35939,1,107,7,7,0.98
80099,80,80,42071.929453,43727.57023,2,112,10,10,5
80100,30,31,69244.437969,71019.855264,2,107,14,14,5
80101,29,32,33147.575988,37090.783102,1,111,10,7,3.13
80102,57,57,32624.687753,36384.69153,2,113,7,7,3.43
80103,53,62,27221.263898,27155.635551,1,112,14,14,4.61
80104,11,36,14803.384761,15278.915847,1,115,6,6,1.06
80105,62,62,13801.726515,13841.430712,1,114,6,6,1.43
80106,19,43,10832.558394,10513.39008,2,118,6,6,0.95
80107,44,70,45990.143552,47785.891941,2,109,15,15,5
80108,4,40,14503.525703,15381.008532,2,112,5,5,0.45
80109,33,33,89840.648249,95103.30702,2,113,14,14,3.56
80110,20,49,89514.433218,91482.944152,2,113,15,15,3.58
80113,1,75,20683.064284,21155.372834,2,113,3,3,0.45
80114,60,60,14368.512073,14572.816056,2,105,3,3,0.86
80115,80,80,9918.956424,10795.40244,1,114,5,5,1.29
80116,61,62,15330.937369,0,2,117,1,1,0.29
80117,0,69,3919.745497,4068.463698,2,110,8,8,2.53
80118,8,35,49814.494109,50465.526985,2,107,8,8,1.95
80119,80,80,52965.381469,59478.293745,1,105,10,10,4.51
80120,65,32,20692.973029,21432.628534,1,116,3,3,0.51
80122,56,56,29756.246062,30103.037617,1,113,3,3,1
80123,71,59,9789.492511,10654.499004,1,109,9,9,2.87
80124,70,70,17787.940939,17674.56456,2,116,3,3,1.03
80125,40,40,27713.012876,27665.437801,1,115,5,5,0.85
80126,37,37,84208.44009,88570.151505,2,109,5,5,1.06
80127,57,57,139320.855635,140324.220813,1,105,15,15,5
80128,22,54,32937.437218,33392.363038,2,112,5,5,0.86
80129,76,76,85634.587371,92142.267416,2,115,14,14,4.84
80130,51,51,18770.56258,18725.308216,1,104,15,15,5
80131,34,34,33160.516091,34332.014017,1,114,2,2,0.45
80133,80,55,7553.387589,7828.230896,1,104,15,15,5
80134,18,41,18152.780365,18270.598752,2,112,6,6,0.9
80136,65,65,9475.529823,9801.434264,2,118,5,5,0.36
80137,30,55,13565.574783,13688.124685,2,117,7,7,2.23
80138,55,55,23347.417888,24639.198495,2,115,6,6,1.59
80139,39,39,31238.23893,30848.315309,2,106,8,8,2.53
80140,29,28,65978.73457,67516.472465,2,107,8,8,1.86
80141,16,38,18515.667388,22542.522706,2,111,7,7,1.76
80142,3,42,33653.540503,36286.334244,2,114,15,15,5
80143,27,29,74931.34454,75764.778136,2,105,77,1,0.17
80144,50,45,97058.62242,97800.976822,1,116,14,14,5
80145,22,47,35537.008208,37783.181271,1,118,2,2,0.28
80146,33,34,40218.445362,44042.883174,1,107,2,2,0.21
80147,0,38,16675.535336,17306.004078,1,110,15,15,5
80148,80,80,12910.61342,13264.048024,1,118,2,2,0.61
80150,12,50,13324.603929,13229.085992,1,104,5,5,1.07
80151,6,40,18525.865397,18832.505506,1,108,6,6,0.71
80152,64,64,117627.887752,119663.600242,1,110,14,14,5
80153,53,53,21317.05004,21050.379309,1,117,15,15,5
80154,35,35,54187.402201,56923.110296,1,110,6,6,0.98
80156,45,45,128829.091308,132045.910542,1,105,14,14,3.4
80157,42,42,29126.662951,0,2,115,5,5,0.84
80158,35,43,18636.512412,20008.76624,1,107,7,7,1.27
80159,7,54,7952.703234,8290.378048,2,108,1,1,0.07
80160,13,45,52627.175138,53905.103916,1,116,15,15,5
80161,10,37,11335.051723,11633.043277,1,114,8,8,1.34
80162,17,42,51320.999943,52567.211288,1,105,9,9,1.51
80163,63,63,98127.7155,100622.234148,2,116,5,5,1.38
80165,65,66,12460.561778,12415.227402,2,104,9,9,3.69
80166,17,47,19474.777765,19529.243348,1,106,15,15,4.67
80167,9,41,55403.714339,56127.793549,1,116,15,15,5
80168,38,38,16202.590878,16477.718266,1,113,6,6,0.9
80169,42,49,34672.221642,36255.006551,2,107,12,10,2.33
80170,50,50,85798.551578,90545.66775,2,107,15,15,5
80172,2,25,12301.440167,12842.351086,2,107,10,10,2.73
80173,15,45,98594.471004,101525.956065,1,113,14,14,3.14
80174,61,60,22493.741392,22020.857212,1,111,7,7,2.26
80175,64,72,12394.479841,12840.401659,2,105,7,7,1.77
80176,15,40,65496.349534,67443.736322,2,109,8,8,1.61
80177,2,52,18554.228678,21083.889499,2,115,5,5,0.72
80178,35,35,69131.998146,69957.146043,1,109,10,10,4.51
80179,75,75,65674.371421,66864.303501,2,109,4,4,1.67
80180,9,46,12251.342399,13031.371389,2,108,15,15,4.69
80181,69,69,26461.380739,27929.8378,2,112,6,6,2.4
80182,14,44,13982.902296,14556.685762,1,111,1,1,0.02
80183,75,75,15989.733025,16557.602183,2,114,7,7,3.43
80184,13,18,18353.718625,17951.174384,1,109,6,6,0.89
80185,61,63,20685.132899,20758.11502,1,106,6,6,1.28
80186,10,37,15082.516841,14989.258066,2,108,15,15,4.61
80187,60,55,12775.635947,13103.356404,2,116,5,5,0.84
80188,55,58,24170.680639,27232.033846,1,114,8,7,3.48
80189,18,38,13055.804451,12933.023265,2,107,15,15,5
80190,33,33,18250.835435,18518.023363,2,110,4,4,0.59
80191,6,30,10926.630592,10753.00145,2,115,8,8,1.43
80193,43,43,34891.471516,35163.410893,1,112,9,9,5
80194,18,51,27227.128802,27352.838661,2,109,14,14,3.79
80195,1,37,9909.404024,9994.404977,1,116,5,5,0.63
80196,13,35,21821.623777,22092.490592,1,109,10,10,2.54
80197,44,44,23721.73495,23417.507853,2,110,6,6,1.03
80198,7,41,39461.425414,39977.152528,1,116,15,15,4.72
80199,61,61,26463.545983,27932.123203,1,111,8,8,4.35
80200,57,57,147814.793418,150762.373234,2,111,14,14,5
80201,63,64,15875.841315,15630.692204,1,118,6,2,0.86
80202,49,52,125347.223976,132656.620188,1,105,8,8,1.81
80204,59,59,97058.62242,102216.077147,1,116,7,7,2.2
80205,75,75,18472.15649,18964.046468,2,109,4,4,1.29
80206,63,63,7446.375662,7613.303612,2,117,3,3,0.83
80207,49,49,13626.235975,14341.754651,2,105,6,6,0.83
80208,1,56,40149.351343,0,1,115,9,9,2.34
80209,0,35,5532.01794,5766.295169,1,104,8,8,1.58
80210,37,59,35598.689428,36023.589395,1,117,14,14,2.69
80211,7,38,11176.162507,11264.141367,1,118,15,15,4.4
80212,56,63,133966.934421,136748.776103,2,107,14,14,5
80213,0,33,6631.892457,6784.984267,1,107,15,15,5
80215,22,20,95090.83059,94520.497042,1,105,14,5,1.91
80216,8,66,19880.134147,20139.950514,1,113,7,7,1.01
80217,28,28,22313.996613,23041.713794,2,104,2,2,0.35
80219,5,60,17328.638712,18450.618873,1,111,14,14,3.36
80220,48,48,79969.743225,80406.527224,2,115,15,4,1.46
80221,33,40,52091.059832,0,1,109,6,6,1.27
80222,57,57,17771.778465,18304.041603,1,112,4,4,0.82
80223,11,31,12120.869997,12514.104417,1,111,7,7,1.34
80224,0,24,6335.519252,6259.579173,1,109,3,3,0.77
80225,40,40,35528.735766,34881.237274,1,106,3,3,0.78
80226,30,30,18636.512412,18952.968898,1,109,6,6,1.02
80227,37,37,68996.412224,70825.154162,2,116,14,14,2.22
80228,10,38,34220.972084,34571.440575,2,113,10,10,2.73
80229,1,33,9239.66381,10355.614415,1,104,2,2,0.3
80230,23,51,23672.086299,0,2,107,4,4,1.04
80231,36,36,23614.924985,23960.64192,2,114,4,4,0.86
80233,21,48,18238.257444,18627.119776,2,118,5,5,0.86
80234,50,50,12645.557904,13662.296185,2,118,8,8,2.63
80235,44,44,12255.170105,12904.826607,2,118,9,9,2.52
80236,22,52,87555.940254,90244.478259,1,106,6,6,1.33
80237,59,62,135541.860875,136578.554933,1,115,15,15,5
80238,22,68,76255.54137,77103.703517,2,108,9,8,2.53
80239,10,40,12513.850469,12597.901146,2,111,10,10,3.28
80240,33,35,60170.778018,62621.365968,1,116,8,8,2.12
80241,61,37,17623.795166,17654.778196,2,112,5,5,0.56
80243,12,35,66369.910696,70435.873153,1,104,15,15,5
80244,35,35,82553.948056,84636.441214,1,104,15,15,5
80245,20,52,12789.910826,12948.815472,2,113,7,7,1.47
80246,4,52,30680.894939,31153.844848,1,112,15,14,4.84
80247,58,58,90781.628862,96990.343036,2,112,4,4,1.38
80248,29,29,29996.75335,33448.963277,1,104,15,15,5
80249,50,50,33703.133703,36723.485097,1,113,3,3,0.76
80250,72,72,82019.900097,81699.525249,2,112,7,7,2.67
80251,27,35,24430.653068,24421.927572,1,110,7,7,1.27
80252,64,57,88812.791646,88079.001463,2,109,15,7,3.17
80253,8,37,11951.722594,13468.810044,1,114,14,14,4.61
80254,31,31,18100.496948,19688.531849,1,115,9,9,3.17
80255,3,31,7776.119618,0,2,104,5,5,0.84
80257,31,31,28567.295349,28543.958824,1,108,6,6,1.28
80258,19,41,14030.557187,15399.67539,2,108,5,5,1.16
80259,27,25,21258.520421,22059.984558,1,113,7,7,1.2
80260,40,32,25555.527937,25455.072404,1,116,14,14,4.61
80261,38,38,25405.817115,26237.055037,1,111,15,15,4.35
80262,73,79,41898.51764,43033.800598,2,104,15,8,4.28
80263,52,52,28883.536459,28598.970415,2,115,3,3,0.84
80265,35,33,70712.178225,73020.200654,2,106,15,7,3.43
80266,69,72,68874.921408,70625.800606,2,113,15,15,4.48
80267,61,61,138653.859851,141886.717929,1,113,7,7,2.26
80268,71,36,8841.197488,8981.544766,1,118,9,9,2.46
80269,25,18,19743.974615,20934.381614,2,110,7,7,1.43
80270,37,38,36284.650273,0,1,118,5,5,0.63
80271,2,27,10877.618237,11405.292776,1,109,8,8,1.03
80272,41,51,28793.100616,32152.426197,2,106,5,5,0.96
80273,44,44,80384.837604,82392.020059,2,107,15,15,4.3
80274,70,70,74549.944691,74174.635319,1,106,7,5,2.09
80275,24,28,27116.336989,30397.60875,2,118,4,4,0.54
80276,0,37,8732.426036,8680.159001,2,112,5,5,0.56
80277,57,57,95728.680136,105406.514161,2,115,7,7,3
80279,38,38,58125.464346,59666.073066,1,116,15,15,5
80280,31,62,38574.480424,38271.050894,1,107,15,15,3.79
80281,44,44,25888.722896,26408.029759,2,106,5,5,1.53
80282,5,34,15278.662667,15950.486076,1,107,2,2,0.21
80283,13,32,19892.347342,20136.096449,1,111,1,1,0.01
80284,11,49,11561.506561,11444.974383,2,116,15,15,3.94
80285,50,50,21018.835537,21653.067322,2,112,15,15,5
80286,38,38,71939.482552,77534.407817,2,107,7,7,1.5
80287,21,21,67906.31946,72679.277496,2,107,9,9,3.03
80288,64,64,87492.716647,89083.491486,1,116,4,4,1.43
80290,1,35,8435.71696,8557.514079,2,111,14,14,3.79
80291,31,24,21155.958079,22980.876771,2,114,9,7,3
80293,11,50,9227.175269,9116.290094,2,105,6,1,0
80294,75,75,22991.864895,25466.114564,2,105,10,10,4.45
80295,38,39,17154.023028,17868.103969,2,104,14,14,3.44
80296,64,64,26461.380739,26599.288066,2,112,5,5,1.97
80297,16,49,20410.947662,19809.563621,2,107,6,6,1.26
80298,4,33,14352.51152,15515.469859,1,107,5,5,0.76
80299,15,48,9956.284048,10010.285095,2,118,6,6,1.36
80300,61,61,73217.252576,73411.354202,2,107,3,3,1
80301,24,24,76868.238234,78422.563131,2,112,7,7,2.02
80302,33,33,22187.224263,22169.099595,2,118,3,3,0.51
80303,33,33,16276.994969,16553.385772,1,114,5,5,0.8
80304,43,43,36832.458403,37319.144687,1,109,6,6,1.06
80307,75,80,28673.981659,29011.822057,2,109,4,4,0.95
80308,39,34,49713.627493,50760.241769,1,107,9,9,2.34
80311,11,78,10289.29688,10422.6745,2,114,8,8,1.56
80312,40,39,15895.582521,17498.790706,1,112,7,7,0.88
80313,2,32,19980.271387,20445.3634,2,118,15,15,5
80314,10,38,10672.909351,10544.650444,2,111,10,10,2.33
80317,14,47,65218.54518,69148.020763,2,115,15,15,5
80318,2,26,6278.367311,7239.571276,1,118,1,1,0.02
80319,8,51,18583.634555,18924.64607,1,111,15,15,4.67
80320,9,32,11334.715612,11316.317128,2,111,5,5,0.72
80321,72,68,9993.736156,10628.228607,2,114,4,4,1.08
80322,55,55,18815.644073,19147.171533,2,109,10,10,4.13
80323,33,33,22634.974208,23498.540407,2,115,1,1,0.26
80324,48,48,22666.579238,23121.252503,2,114,4,4,0.67
80325,19,19,16933.468312,17625.943186,2,115,5,5,1.46
80326,52,69,35289.518714,37665.188414,1,105,6,6,1.54
80327,27,27,42221.475894,45098.995368,1,110,3,3,0.87
80328,71,71,59128.976139,58831.301084,1,112,4,4,1.57
80329,69,55,8079.218571,8309.961132,1,117,10,10,1.64
80330,73,73,15855.011733,16106.697971,2,106,8,8,3.18
80331,27,80,16368.698576,16717.699587,2,118,8,3,0.92
80332,24,29,35826.378607,40161.628035,1,107,4,4,0.71
80334,14,52,10197.873526,10501.084382,2,113,7,7,1.47
80335,28,28,69483.786978,72080.327391,2,112,6,3,1.22
80336,24,25,23089.077067,25746.30934,2,118,6,6,0.68
80337,14,40,9734.283675,10286.709581,1,107,15,15,4.35
80338,23,23,33682.117542,33480.099729,2,109,6,3,1.2
80339,37,37,49443.10405,48825.942686,1,109,4,4,0.92
80340,61,61,17825.337111,17682.040109,1,106,15,14,5
80341,8,38,47425.978612,52438.556947,1,110,10,10,2.97
80342,2,62,11596.662108,13372.085088,1,106,7,7,1.74
80344,21,21,82370.610607,83430.664652,2,109,3,3,1.24
80345,71,71,12094.311962,12439.725629,1,106,5,5,1.29
80346,6,33,43587.086608,45045.018279,1,104,15,15,5
80348,10,47,9915.150299,10111.944927,1,107,15,15,5
80349,28,28,32262.441698,33997.954325,2,113,9,7,3
80351,37,29,14433.378178,14900.189492,2,109,14,14,3.14
80352,20,24,23995.701137,25084.137083,2,112,7,7,1.13
80353,9,80,18048.971446,20077.634174,1,107,10,10,2.76
80354,12,46,9518.83935,10043.894135,1,104,14,14,2.83
80355,70,70,8041.986857,8222.266826,1,118,3,3,0.89
80356,12,29,12443.701173,12357.387783,2,114,3,3,0.42
80357,42,41,35881.452621,37706.101951,1,113,3,3,0.47
80359,4,31,16198.000356,16401.576041,1,109,1,1,0.06
80360,62,31,51383.455602,52604.526983,1,109,15,15,5
80361,19,49,49740.663391,49386.157193,2,113,15,15,3.58
80362,60,60,75672.783338,77471.063912,2,106,15,15,5
80363,13,46,9518.83935,10043.894135,1,104,14,14,2.83
80364,47,47,25398.536542,25846.053102,2,112,15,15,5
80365,34,34,16507.265546,17863.330775,1,108,15,15,5
80366,64,63,121183.281969,121661.147213,2,115,15,15,5
80367,71,71,16202.02994,16952.645656,1,107,5,5,0.69
80368,46,46,98031.983424,100479.809195,1,104,15,15,4.64
80369,31,33,18100.496948,18685.911996,1,115,6,6,1.32
80370,0,26,6094.687427,6960.959003,1,106,5,5,0.83
80371,39,39,23468.559567,22968.682771,2,110,7,7,1.47
80372,42,42,20919.607997,22053.360619,1,114,15,15,5
80373,1,55,12171.037914,13157.235349,1,106,12,8,1.4
80374,0,38,9751.962388,10389.347671,2,110,1,1,0.01
80375,47,72,20498.91548,20449.494191,1,104,15,15,5
80376,3,31,14055.660701,14716.710156,1,112,4,4,0.4
80377,44,44,21387.58651,21336.022705,2,114,4,4,0.54
80378,3,26,22529.340538,24354.852709,2,109,5,5,0.88
80379,67,67,118652.097469,123165.769252,2,116,6,6,2.57
80380,39,39,80515.805023,82649.867137,2,115,14,14,3.3
80381,80,80,17395.765026,19003.039561,2,116,5,5,1.46
80382,78,78,10016.103432,10371.821455,2,114,8,8,1.56
80383,2,36,10871.842134,11431.871853,1,105,15,15,5
80384,46,26,25022.722378,26336.674758,1,113,3,3,0.35
80385,68,68,8456.382628,8550.269949,1,104,15,15,5
80386,33,33,99525.641485,101215.632299,2,112,7,7,2.42
80387,42,42,26554.331577,27086.990013,2,114,7,7,1.97
80388,60,57,19293.480114,19316.611325,1,114,6,6,2.06
80389,80,80,13505.596208,14502.900972,1,114,3,3,0.87
80390,65,37,6968.27357,7082.223128,2,104,15,15,5
80391,23,32,32322.174729,36233.39029,2,118,5,3,0.38
80392,16,55,38931.589883,40126.052061,2,106,15,15,5
80393,66,66,113706.95816,116084.743624,1,110,14,14,5
80394,60,62,67339.620342,68747.79424,1,114,14,8,3.09
80395,9,42,19221.935964,19531.541433,2,115,14,14,2.82
80396,31,31,16754.764371,18205.688926,1,118,9,9,5
80398,17,54,7639.710849,8051.20309,2,106,15,15,5
80399,3,69,52673.612516,0,1,105,15,15,5
80400,0,45,12253.096516,16071.234752,2,113,6,6,0.9
80401,19,76,12445.369439,12458.845842,2,116,4,4,0.78
80402,66,66,116643.261856,119082.449898,2,114,7,7,3
80403,38,36,22886.737714,23346.575172,2,115,7,7,1.43
80404,0,28,5783.684278,5929.873718,2,116,4,4,0.71
80405,24,48,34378.472565,35423.991782,1,111,5,5,0.73
80407,15,47,69840.743935,71536.664271,2,105,8,8,2.2
80408,43,43,30996.519399,30608.761033,1,105,7,7,2.58
80409,5,30,53313.143249,54554.143267,2,109,9,9,2.15
80411,41,32,22173.26924,23687.620914,2,118,5,3,0.38
80412,3,33,56278.956711,55850.060362,2,109,6,6,0.93
80413,46,73,12716.903876,13406.105276,2,106,15,15,4.3
80414,24,64,32327.336211,34370.636856,2,106,7,6,1.26
80415,6,38,15308.789236,16036.946512,1,114,7,7,1.59
80416,39,65,106819.654572,109509.928235,1,105,8,8,2.12
80417,60,60,9554.245885,9571.042466,2,118,5,5,0.58
80419,12,34,13778.479844,14920.445844,2,114,14,14,3.79
80420,6,30,6883.161617,6800.445016,2,116,8,8,1.39
80421,13,49,61332.353476,64264.813241,1,110,14,14,4.1
80422,0,32,11272.454042,11084.286962,1,112,12,14,3.84
80423,8,37,33597.157446,34141.65902,1,116,9,9,2.34
80424,14,43,9053.128265,9111.88648,1,118,9,9,1.97
80425,19,41,15415.387899,15077.288807,1,107,5,5,0.73
80426,0,31,7195.731138,7109.480215,2,109,15,15,5
80427,52,54,29995.962025,29923.644098,2,108,9,9,3.94
80429,52,55,25919.104172,0,1,113,1,1,0.02
80430,46,44,66076.325643,69929.44683,1,116,15,15,5
80431,16,44,5874.20993,6366.734967,1,118,14,14,3.98
80432,77,77,13036.074129,13008.28149,1,109,2,2,0.82
80433,13,33,9278.366829,9213.204432,1,118,5,5,0.56
80434,62,62,11298.991105,12246.3447,2,117,6,6,2.31
80435,8,36,27813.188218,30454.597503,2,110,15,15,5
80436,73,56,17702.366641,17403.503012,1,107,3,3,0.44
80437,46,48,59781.505548,60158.719542,1,116,15,15,4.72
80438,37,37,22568.629344,22899.028757,1,104,3,3,0.47
80439,1,47,10803.323019,11678.696962,1,107,7,7,0.8
80440,47,47,22516.24874,23246.708839,1,107,15,15,5
80441,49,52,91249.402337,91707.123003,2,113,15,15,3.58
80443,8,34,15227.862274,15810.651563,1,109,6,6,1.08
80445,22,42,25090.621988,26225.126491,2,117,5,5,0.82
80446,31,31,27497.00138,30503.113716,2,110,14,14,5
80447,8,38,9658.721696,9617.38465,1,110,15,15,4.43
80448,26,60,19549.68944,20901.397066,2,106,15,15,4.99
80449,7,42,17076.567234,17411.33016,1,105,15,15,4.88
80450,75,80,17876.236819,0,1,118,9,9,2.69
80451,12,46,43585.189468,44368.700565,2,110,15,15,3.67
80452,1,30,31795.521528,32712.698787,2,109,4,4,0.68
80453,38,38,75733.141949,77019.125262,1,112,15,15,5
80454,63,63,12171.013473,12504.201152,1,118,1,1,0
80455,2,33,8567.59747,11935.99261,2,104,5,5,0.88
80456,47,47,97981.989947,98517.154419,2,108,14,14,5
80458,24,24,30099.494157,31900.959223,1,107,4,4,0.65
80459,16,35,19189.056724,19277.654153,1,109,10,10,2.54
80460,12,37,69454.145066,71140.677747,2,107,14,14,3.14
80461,3,26,54457.704509,75868.031946,2,113,14,14,2.69
80462,2,30,23249.393823,23607.786195,1,110,15,15,5
80463,13,40,17614.453762,17864.009769,2,116,14,14,4.42
80464,0,30,4136.100656,4240.645477,1,109,5,5,0.76
80465,14,49,76195.653158,78045.887713,2,113,15,15,5
80467,1,26,10628.347323,10834.029058,2,111,6,6,1.84
80468,52,61,24004.618772,26085.622712,2,114,6,6,1.36
80469,74,74,51836.76364,53241.333484,2,105,15,15,5
80470,10,33,19564.852312,19476.45412,1,109,3,3,0.49
80472,8,39,16753.309626,17534.197651,1,110,15,15,3.48
80473,13,35,9503.792115,9369.627844,1,104,6,6,0.95
80474,20,41,28521.503185,31300.950259,1,104,8,8,1.58
80475,16,32,16160.304376,16217.046175,2,111,5,5,0.72
80476,12,68,17065.377752,16331.403531,2,107,15,15,3.89
80477,49,44,15601.184383,17174.699947,2,117,15,15,5
80478,75,79,78031.119244,78492.629223,2,107,8,8,3.1
80479,62,62,15032.644933,15828.731463,2,106,15,15,5
80480,16,43,17788.715987,17398.563707,2,111,5,5,0.54
80481,25,25,41358.387887,41483.721908,1,105,4,4,0.92
80482,55,55,26836.884023,27239.722204,1,107,15,15,5
80483,56,59,16088.772968,0,2,118,3,3,0.84
80484,13,31,19785.021761,19840.355011,1,111,14,14,2.11
80485,0,47,7915.537857,7913.021095,1,107,6,6,0.7
80486,69,69,99668.892422,100328.319846,1,105,15,15,5
80487,6,29,18319.214914,18333.478521,2,109,6,6,0.88
80488,7,45,14482.634034,0,2,112,12,5,1.27
80489,20,46,32386.094617,33112.975683,1,112,9,9,3.17
80490,33,33,19990.771245,20283.431423,2,104,7,7,1.47
80491,73,73,71587.176787,72601.218748,2,112,15,15,5
80492,35,70,11387.031649,11861.046535,1,118,8,8,1.56
80493,52,52,102367.737503,104409.056034,1,112,9,9,5
80494,22,55,42790.753381,0,1,113,1,1,0.02
80495,0,43,16362.704043,18050.226145,1,114,15,15,5
80496,48,32,28103.215275,27839.625672,1,111,10,10,2.36
80497,37,64,23015.093413,22727.81318,2,118,6,6,0.68
80498,64,64,17151.870758,18060.185518,2,110,15,15,5
80500,5,33,15448.061601,16129.976681,1,110,3,3,0.51
80501,18,18,8098.694589,8335.812244,1,117,1,1,0
80502,0,32,6965.137409,7018.600475,1,116,14,14,4.61
80503,44,65,51494.558463,54497.370322,2,106,10,10,2.6
80504,8,45,7460.515251,7341.964263,2,114,15,15,4.07
80505,46,46,100857.043112,103375.409677,1,110,15,15,5
80506,53,53,108960.528817,109886.51593,1,104,14,14,5
80507,32,32,28488.185743,31488.644045,2,105,2,2,0.69
80508,11,39,12104.606392,13027.197768,1,105,15,15,5
80509,45,45,61709.941211,64119.490712,1,116,15,15,5
80510,10,32,37388.202346,37771.107507,2,116,7,7,1.43
80512,69,69,29060.465143,29137.505504,1,111,3,3,0.87
80513,40,40,103352.849268,107388.403371,1,113,14,14,3.82
80514,1,32,47463.22725,52449.875986,1,113,5,5,0.85
80515,12,66,8702.658915,9785.147435,1,110,7,7,2.05
80516,42,42,22039.096955,22481.183433,1,114,10,10,2.63
80517,55,55,25036.640787,24976.279396,2,116,7,7,1.52
80518,52,46,129914.35588,132782.752844,2,107,8,8,1.91
80519,36,34,26981.529191,26769.290618,2,110,7,7,1.47
80520,40,68,24558.693596,24251.47075,2,110,8,8,2.53
80521,41,31,69155.0937,70822.141429,2,118,15,15,5
80522,55,55,129403.965268,131984.414135,1,113,8,8,4.18
80523,52,52,11660.574832,11669.032075,1,118,3,3,0.31
80524,12,56,14143.05733,14285.675155,2,113,6,6,0.65
80525,34,33,24567.432905,24131.210307,1,116,6,6,1.09
80526,35,35,27927.439481,30980.609504,2,111,1,1,0.17
80527,0,37,8770.601824,9026.085448,1,109,6,6,0.69
80528,48,50,26510.789064,27335.381212,1,113,5,5,1.04
80530,59,55,131047.031685,132049.346971,2,112,5,5,1.46
80531,46,44,25155.23712,27177.788656,2,114,9,9,2.52
80532,0,24,8907.766469,9167.245636,1,106,5,5,0.8
80534,12,34,11652.324002,11416.513677,2,114,14,14,2.39
80535,25,25,32386.094617,34219.017667,1,112,8,8,2.56
80536,0,26,19845.390575,26029.333095,2,113,14,14,2.69
80537,65,65,7980.500827,8100.560547,1,114,7,7,1.7
80538,80,80,33620.46642,34362.736572,2,113,7,7,2.23
80539,40,40,19056.23214,19010.289048,1,112,7,7,1.45
80540,18,18,13009.114603,15626.248697,2,108,3,3,1.03
80541,4,31,48496.415138,49243.993563,1,113,10,10,2.89
80542,36,36,44058.272543,43508.326011,1,111,14,14,3.45
80543,28,28,22471.732425,23128.377033,2,105,15,9,5
80544,9,54,9093.778884,9052.691244,2,118,99,4,0.76
80545,55,55,56499.579372,56906.479763,2,106,15,15,5
80546,3,31,16618.171458,17348.894876,1,106,7,7,1.95
80547,55,55,29574.736674,29503.434288,2,116,7,7,2.67
80548,80,80,44626.954238,46422.207561,2,115,6,6,2.74
80549,76,76,14116.364047,14425.165662,2,106,5,5,2.06
80550,72,72,38920.289769,39974.874613,1,112,5,5,1.96
80551,9,40,6108.975779,0,2,104,15,15,5
80552,41,41,113405.908888,117833.998525,1,105,14,14,4.84
80553,55,52,31421.038424,31530.429597,2,115,3,3,0.84
80554,19,44,12081.217311,13102.350006,1,118,5,5,0.72
80555,75,75,75541.091292,75576.280615,2,109,4,4,1.54
80556,51,51,17947.207762,17717.037964,2,110,4,1,0
80557,0,40,5045.027209,4964.91325,1,116,7,5,0.85
80558,9,30,11510.855767,11519.818287,1,114,10,10,2.22
80559,26,26,41618.356724,44015.059461,2,110,14,7,3
80560,25,48,40079.239311,41517.422182,1,111,5,5,0.73
80561,41,39,26373.741511,27565.280684,1,105,15,15,5
80562,22,24,27978.775033,28831.099748,2,114,9,1,0.17
80563,12,66,26001.173776,26632.551922,1,113,7,7,1.01
80564,45,45,78543.629353,78972.62411,2,110,15,15,5
80565,47,47,25736.492995,27901.140701,1,106,2,2,0.38
80566,6,34,11064.840764,11014.847444,1,114,3,3,0.44
80567,12,38,13135.017904,0,2,114,4,4,0.68
80568,2,36,34477.652644,36362.968874,1,105,7,7,1.89
80569,46,46,83293.274414,84644.769177,1,113,15,15,3.63
80570,74,76,67210.005162,69031.128623,1,105,15,15,5
80571,9,70,7322.59681,8388.704647,1,118,8,8,1.56
80572,8,46,18157.493674,0,1,110,2,2,0.41
80573,63,64,9256.428024,9354.463883,1,104,15,15,5
80575,16,53,14437.275888,14011.898905,1,106,4,4,0.42
80576,1,32,27974.122853,29979.738223,2,110,15,15,4.61
80577,5,27,11951.080711,0,2,108,99,3,0.53
80578,44,44,103133.570841,105572.880642,1,115,9,9,3.55
80579,11,40,11561.506561,12052.412541,2,116,8,8,1.44
80580,0,39,5249.667492,5448.843971,2,116,14,14,4.55
80581,8,55,17301.242051,17581.63939,2,115,6,6,1.59
80582,4,28,41337.189243,42529.606542,2,107,2,2,0.3
80583,24,24,31406.255994,31738.179447,1,111,8,8,1.42
80584,10,41,9095.231057,9176.25079,2,106,8,8,1.25
80585,41,38,23799.351911,24874.582745,1,111,15,15,4.35
80586,80,80,44990.322145,46857.185427,1,112,7,7,2.32
80587,36,36,76374.814706,78399.12035,1,116,15,15,5
80588,59,59,13360.435378,13400.964192,1,117,15,15,4.25
80589,28,28,34416.725547,35111.816619,2,115,3,3,0.64
80590,43,43,35135.005569,36979.957669,1,105,5,5,1.02
80591,9,30,15051.654028,15769.11242,1,109,6,6,1.02
80592,20,20,52508.483992,55139.273233,1,109,4,4,0.82
80593,63,63,12609.460401,13556.800921,1,118,8,8,3.18
80594,60,62,74723.297588,75421.892097,1,104,15,15,5
80595,66,59,15174.746412,15877.769625,1,108,4,4,1.16
80596,32,55,19179.419028,19839.377787,1,106,5,5,1.29
80597,5,42,42270.696746,46996.723912,2,115,9,9,2.52
80598,7,56,11173.448191,11108.132469,2,108,15,15,3.24
80599,77,77,23308.314646,23354.425117,2,115,4,4,1.21
80600,3,29,8588.128728,8999.525465,1,112,3,3,0.51
80601,71,74,33021.606618,33517.630178,1,113,7,7,1.27
80602,72,74,18856.010869,20895.792977,1,118,15,15,5
80603,31,37,19452.554906,20398.377196,1,112,8,8,3.22
80604,58,46,19357.142661,19707.513148,1,104,12,3,1.04
80605,14,34,16999.879512,18658.747665,2,108,6,6,1.07
80606,0,50,8993.25871,9115.837935,2,111,5,5,0.56
80607,16,48,25924.012177,26003.435398,1,109,3,3,0.47
80608,11,26,17813.90838,17996.34661,1,113,2,2,0.25
80609,0,31,15423.4702,14858.653433,1,113,9,9,2.22
80610,0,39,8211.272526,8052.793375,2,112,9,9,2.15
80611,42,44,26600.785497,27815.109814,1,108,15,15,5
80612,1,32,20231.119493,20814.708685,2,106,8,8,2.27
80613,62,75,11603.054466,12010.729741,2,110,5,5,0.48
80614,4,28,24724.225223,26076.201924,2,113,6,6,1.02
80616,14,56,16066.990533,16807.539744,1,107,14,14,3.5
80617,29,19,40236.566388,0,1,115,3,3,0.43
80618,32,32,19396.589411,21223.82728,2,116,3,3,0.86
80619,33,33,20030.010518,21107.044395,2,114,6,6,1.04
80620,22,48,18238.257444,18627.119776,2,118,5,5,0.86
80621,5,62,15164.10374,17485.694039,1,106,7,7,1.74
80623,39,43,25024.090953,25833.432234,1,107,15,15,4.25
80625,2,35,39829.246508,42684.819475,1,113,14,14,3.61
80627,18,23,23942.893714,24507.94055,1,109,5,5,0.5
80628,27,27,32569.799651,32374.453272,1,110,5,4,1.39
80629,12,38,11722.689733,12582.512585,1,110,2,2,0.18
80630,1,28,37265.589178,36981.591818,2,109,7,7,1.29
80631,7,37,7949.854274,9107.285465,2,118,15,15,4.19
80632,57,53,113750.835861,119795.273454,1,113,14,14,3.84
80633,30,39,25054.682743,25034.215659,1,106,2,2,0.25
80635,57,57,21146.974458,21393.430014,2,111,5,5,1.27
80636,49,56,18589.482341,18501.207386,2,117,4,4,0.49
80637,36,41,37047.798373,38617.686245,1,110,14,14,3.45
80638,1,27,13017.47682,14072.259686,1,106,2,2,0.24
80639,32,32,87991.58393,90323.7907,1,116,9,9,2.34
80640,8,41,14665.845242,14816.043098,2,113,6,4,0.59
80641,80,70,43813.154179,44780.457732,1,106,7,4,1.65
80642,14,37,12978.303132,12917.82414,1,116,5,5,0.63
80644,0,32,14346.698234,13896.527414,1,113,8,8,1.61
80645,22,22,26197.604584,27051.976272,1,112,14,14,3.84
80646,34,34,21155.958079,23050.029056,2,114,3,3,1.13
80647,52,52,100734.935362,101460.411286,2,110,15,15,5
80648,43,49,98711.148578,104467.310324,1,110,14,14,4.1
80649,19,36,20846.588995,22784.030917,1,109,3,3,0.84
80650,16,40,11178.8162,11081.098922,1,118,6,6,0.95
80652,60,67,11536.172672,11595.752488,1,115,7,7,2.26
80653,35,37,59568.701866,59960.122646,2,108,15,15,3.6
80654,30,58,36433.531882,37977.390421,1,109,8,8,1.58
80655,3,41,10966.621563,11365.002546,2,105,5,5,0.72
80656,33,33,30003.047227,33398.595839,1,107,5,5,0.76
80657,51,52,22661.68558,22835.013839,1,107,6,2,0.7
80658,50,50,24451.722673,24430.719069,2,109,4,4,0.66
80660,45,45,15912.94628,15874.581406,1,118,5,5,0.56
80662,36,44,48520.31812,47486.842628,1,113,5,5,0.86
80663,41,41,16341.719805,16302.321191,2,104,10,10,4.7
80664,10,38,24022.570594,24926.879104,2,106,4,4,0.91
80665,8,36,11597.636944,11545.236336,2,114,3,3,0.61
80666,6,35,22016.310851,22239.60095,1,109,14,14,2.9
80667,33,34,19088.961376,18750.015246,1,112,7,7,0.98
80668,10,76,9431.572594,9388.958729,2,118,14,14,2.53
80669,50,44,111710.232466,112564.649939,1,110,15,15,5
80670,0,25,9375.623013,9219.11906,1,113,1,1,0.18
80671,19,48,57707.820022,59109.120467,1,114,6,6,1.4
80672,46,76,21934.069851,22000.606742,2,113,15,15,5
80673,15,53,9832.929964,9764.725697,1,104,15,15,5
80674,2,36,9745.884975,9934.489136,1,115,7,7,2.51
80676,72,76,24028.728295,24008.868846,1,109,3,3,0.77
80677,15,57,18590.96056,20318.76871,1,111,8,8,2.3
80678,71,49,7917.822578,8043.511982,1,117,15,15,5
80679,43,43,14954.877898,14814.611018,1,118,9,9,1.97
80680,45,45,19612.92789,20006.347377,2,117,6,6,1.11
80681,3,22,9817.55728,10007.548457,2,111,1,1,0.03
80682,80,80,14078.480625,14480.562168,1,106,3,3,0.85
80683,58,58,14308.303393,14124.801907,2,118,7,7,1.25
80684,48,48,37881.938466,37396.109238,1,107,7,7,1.7
80685,33,33,16936.400529,17797.143651,2,104,5,5,0.88
80686,46,46,26107.419211,26062.600467,2,114,6,6,1.62
80687,7,37,9335.134547,9186.795004,2,115,5,5,0.72
80688,26,55,19196.842493,19189.986271,1,104,15,15,5
80689,70,70,74844.511064,74879.375899,2,115,7,7,2.54
80690,13,49,12900.336562,12345.498889,1,114,15,15,3.63
80691,4,39,47958.830554,56194.298432,2,115,9,9,2.15
80692,37,37,85650.123162,87920.269785,1,110,15,15,5
80693,30,23,56976.201957,58175.714231,2,111,14,14,4.14
80694,34,34,16268.723485,17444.867335,2,105,4,4,0.54
80697,14,51,6801.048455,0,2,118,15,15,5
80698,6,27,9890.800245,9874.745521,1,116,7,7,1.27
80699,73,73,10975.419615,11297.016776,2,110,9,9,3.81
80700,15,37,18928.363375,18513.215697,2,113,7,7,1.09
80701,31,31,30248.294445,30691.122345,2,112,10,10,3.1
80702,7,31,8727.918155,9279.065957,2,114,5,5,1.27
80703,55,55,131563.902823,134355.404274,2,112,5,5,1.46
80704,14,39,11069.060918,10920.811241,1,112,7,7,0.88
80705,54,54,84111.595671,84826.407305,1,111,14,14,3.37
80706,50,50,12953.296697,13152.883832,2,118,8,8,1.81
80707,72,72,47402.559028,48101.926037,1,118,10,10,4.45
80708,66,66,117764.431315,118052.806751,1,113,6,6,2.19
80709,59,32,16088.772968,16137.57818,1,118,15,15,5
80711,17,52,24905.235309,24918.576956,1,106,15,15,5
80712,48,48,26896.633726,26959.728272,1,109,3,3,0.47
80713,38,38,18907.95367,19924.653418,1,112,14,14,2.72
80714,45,47,18222.52745,19045.802952,1,112,5,5,0.85
80715,8,29,7149.660449,7036.049085,2,114,4,4,0.57
80716,2,33,9763.809821,10106.683562,2,111,3,3,0.36
80717,80,80,28354.925843,29415.725937,1,115,6,6,1.93
80718,36,35,69255.34173,70343.570663,2,115,7,7,1.25
80719,80,80,31592.351089,33490.826246,1,109,7,7,3.13
80720,7,49,14911.47375,14844.100519,2,115,5,5,0.56
80721,6,39,8395.970826,8518.259844,2,113,15,15,2.49
80722,63,51,30792.038385,31892.677751,1,106,1,1,0
80723,80,80,36534.190512,40747.1166,1,110,5,5,1.29
80724,2,65,35309.210129,37239.997808,1,105,15,15,4.67
80725,0,31,4466.221643,4737.337387,1,104,5,5,0.87
80726,38,40,17694.272145,18430.842364,1,107,10,10,2.36
80727,12,43,23477.631459,24938.59583,1,108,6,6,1.2
80728,2,37,7107.708643,8303.206745,1,108,8,8,1.81
80729,31,31,47552.437304,48120.015193,1,118,9,9,2.42
80730,39,29,15845.806807,16794.94449,1,109,7,7,1.07
80731,32,66,26524.067704,26053.102839,1,114,6,6,1.06
80732,52,52,21353.675296,21667.29138,1,110,14,3,1.13
80733,47,36,22855.386414,24462.985929,2,116,2,1,0.39
80734,10,37,12534.115219,12984.817172,1,116,5,5,0.63
80735,41,66,24622.867565,25003.524325,2,109,7,7,1.08
80736,37,37,55475.225391,58724.836644,1,110,15,15,3.17
80737,19,48,10992.109062,10769.659634,1,108,15,15,4.82
80738,40,40,32478.312421,32061.783751,1,111,15,15,5
80739,30,30,33160.516091,34845.802532,1,113,1,1,0.13
80740,39,39,75421.92133,79255.020338,1,113,3,2,0.36
80741,51,51,21405.34507,23253.591192,1,110,7,7,1.61
80742,53,56,131954.508569,134694.561954,1,111,15,15,5
80743,70,70,19909.12849,19831.362192,2,112,7,7,1.77
80744,17,80,10627.585017,10607.662682,1,117,3,3,0.52
80745,50,71,24460.262555,24903.001148,1,110,7,7,2.39
80746,1,49,11271.446634,11720.697814,1,111,14,14,2.82
80747,41,41,58394.022553,0,1,110,15,15,5
80748,4,41,43506.503035,0,1,116,15,15,5
80749,62,43,16286.572016,16751.716671,2,111,5,5,0.54
80750,80,80,76122.70078,78172.707207,1,113,3,3,1.04
80751,8,34,25546.50493,25880.375923,2,115,6,6,0.9
80752,14,46,48360.47247,49253.444509,1,104,15,15,4.64
80753,18,56,11492.995472,12471.779745,2,117,4,4,0.49
80754,67,24,11130.919279,11513.759722,1,106,6,6,1.38
80755,32,69,66972.416699,68603.991567,1,117,15,15,5
80756,32,37,29734.593679,29206.622289,2,111,15,15,5
80757,39,54,16869.920155,17572.174573,1,110,15,15,3.53
80758,65,65,7729.165302,7895.966737,1,118,14,14,2.87
80759,14,45,8108.019166,0,2,106,15,1,0.05
80760,10,33,9814.781995,9696.83541,2,112,3,3,0.31
80761,23,44,51785.957653,53644.218401,1,106,8,8,1.42
80762,15,41,17423.191941,17462.742962,1,105,14,14,4.16
80763,7,33,25055.738151,26071.714071,1,106,6,6,1.54
80764,6,33,7413.043908,7594.542924,1,108,8,8,1.29
80765,37,50,17754.493789,18150.212238,2,118,12,8,4.18
80766,5,27,11087.179474,11625.019853,2,106,4,4,0.64
80767,48,48,13262.997143,13981.794445,1,117,15,15,5
80768,9,38,10679.894315,11024.425711,2,110,7,7,1.58
80769,61,57,87492.716647,89155.501019,1,116,8,8,3.48
80770,69,69,11965.601623,11997.602688,2,116,8,8,2.1
80771,59,59,18177.765382,18444.737672,2,110,15,15,5
80772,36,64,87889.400838,88577.282955,1,115,6,6,1.28
80773,46,46,43719.174372,43172.258914,2,112,9,9,3.03
80774,76,76,19767.671329,19963.222716,1,116,5,5,1.02
80775,19,18,6113.246209,6773.564253,1,117,1,1,0
80776,9,35,19109.510218,0,1,107,14,14,4.12
80777,3,30,26894.596215,26834.876918,2,109,2,2,0.35
80778,32,32,17754.493789,18150.212238,1,118,15,15,5
80779,15,31,14904.390824,15230.448368,2,108,2,2,0.36
80780,9,32,7852.361067,7727.583469,1,114,9,9,2.56
80781,62,63,13036.074129,13408.384533,1,109,5,5,1.13
80782,29,29,26455.65152,27831.386154,2,117,10,7,3.43
80783,17,38,19892.347342,23669.212929,1,111,7,7,1.52
80784,18,39,11494.232602,11382.059301,1,118,7,7,2.05
80785,9,39,10160.134012,9998.684851,1,106,2,2,0.25
80786,80,80,31920.554865,33134.217041,2,116,2,2,0.62
80787,34,34,37499.28258,37236.021086,2,113,14,14,3.22
80788,31,31,49292.274744,50901.158511,2,117,15,7,3.51
80789,11,43,16797.48738,17647.423151,1,107,7,7,1.27
80790,32,76,18375.96651,18360.955246,2,105,2,2,0.34
80791,10,37,8425.091267,8824.960254,2,118,3,3,0.45
80792,76,58,22196.292175,22773.031931,2,116,6,6,1.91
80793,41,40,66076.325643,69929.44683,1,116,15,15,3.17
80794,58,50,83815.417216,84456.480754,2,109,15,15,5
80795,28,26,37450.928715,39280.589583,2,115,6,6,1.04
80796,30,30,27556.039956,0,1,111,7,7,3.39
80797,16,62,11464.429169,11445.485926,1,112,4,4,0.54
80798,29,29,109700.22969,110032.669411,2,108,8,8,1.99
80799,18,62,66452.21021,67414.320474,1,111,6,6,1.19
80800,71,71,9029.128627,9371.815825,1,104,15,15,5
80801,3,32,16388.997103,17174.078481,2,112,14,14,3.65
80802,0,37,6935.701169,7424.808728,2,115,5,5,0.72
80803,7,38,12534.115219,13129.005386,1,116,4,4,0.54
80804,67,62,10113.37557,10340.090569,2,110,6,6,1.65
80805,37,37,33160.516091,38800.017127,1,113,4,4,1.1
80806,5,30,17692.435734,19076.555603,2,116,6,6,0.93
80807,5,41,8484.972304,11785.349929,2,104,14,14,3.05
80808,23,23,33697.855083,34266.746845,2,116,15,15,5
80809,12,49,11067.06463,11750.773371,1,117,15,15,5
80810,56,40,19843.332488,19588.845223,1,108,15,9,5
80811,5,38,17212.961444,17969.838579,1,106,2,2,0.29
80812,23,23,36226.880627,37010.776986,1,105,14,14,4.1
80813,0,57,4898.695842,5226.767654,2,117,2,2,0.21
80814,56,56,131105.295031,132049.493135,2,111,15,15,5
80816,31,52,30377.132928,30558.652528,2,105,5,5,0.84
80817,80,80,9647.483452,10141.316035,2,105,8,8,3.86
80818,10,46,12557.244549,12721.357006,2,105,6,6,1.26
80819,54,26,27788.601387,28056.190466,2,112,4,4,0.86
80820,36,33,44058.272543,44583.037397,1,111,6,6,1.16
80821,38,38,53699.062857,55085.884666,2,112,1,1,0.18
80822,80,80,13581.860855,14116.342704,1,108,6,6,2.5
80823,48,48,68224.987026,70888.925449,2,104,15,15,4.3
80824,11,48,19308.003923,20090.91708,2,115,6,6,1.04
80825,30,35,70468.300651,73429.772451,2,115,7,7,1.25
80826,33,30,18368.870223,19326.495507,2,109,5,5,0.72
80827,6,33,9640.686947,13026.22531,1,104,15,15,5
80828,13,40,18184.520132,19129.123106,2,116,8,8,1.44
80829,11,35,15329.623448,15583.359362,2,112,6,6,0.9
80830,9,32,12986.749465,13178.716735,2,111,8,8,2.53
80831,71,80,21601.527916,22222.758745,2,113,6,6,1.59
80832,36,36,88939.490344,94149.361355,2,105,7,7,1.25
80833,33,33,84208.44009,86440.37507,2,109,9,9,2.52
80834,4,77,8530.162264,8954.666456,2,105,5,5,0.86
80835,3,28,10850.2031,11006.861211,1,108,8,8,2.3
80836,64,63,87281.736911,88940.511649,1,105,8,8,3.09
80838,8,54,7911.560586,7785.842281,2,114,3,3,0.83
80839,1,40,12109.170962,12641.627545,1,107,7,7,1.45
80840,44,46,24122.2489,24310.254423,1,104,12,5,1.74
80841,80,80,24487.948789,25878.662316,1,105,7,7,2.53
80842,62,67,100221.056939,99393.009241,2,115,8,8,3.18
80843,77,54,20128.507238,21465.637228,2,108,8,7,2.67
80844,0,31,14527.992125,14285.481501,2,112,15,15,4.3
80845,4,47,9768.079863,10195.066715,1,106,8,8,1.22
80846,80,76,20502.69263,21370.708035,1,116,5,5,1.02
80847,42,42,49863.817411,50634.686162,1,117,14,14,3.23
80848,0,32,14401.160935,13914.824758,2,107,14,14,2.69
80849,19,38,10398.444938,10464.918202,1,118,5,5,0.73
80850,25,25,34242.154546,34933.719926,1,115,8,5,1.91
80851,35,68,63895.699122,65507.522171,2,107,15,15,3.89
80853,18,36,14186.945718,13875.789521,1,116,7,4,0.76
80854,27,32,35809.217564,38615.427568,2,115,15,15,3.33
80855,12,32,9831.770326,9837.392138,2,106,3,3,0.2
80856,11,35,10714.314566,11918.578791,2,106,6,6,1.52
80857,17,44,22881.402127,22860.238597,2,107,7,7,0.88
80858,65,65,112512.565264,116603.926439,1,105,15,15,4.67
80859,75,75,22534.943795,23120.482942,2,105,3,3,0.69
80860,9,33,7413.043908,7594.542924,1,108,8,8,1.29
80861,0,20,5536.414346,5470.949101,1,110,4,4,0.82
80862,21,47,20573.844833,21668.783299,2,104,15,15,4.19
80863,37,37,13575.29967,14019.46188,2,106,15,15,5
80864,54,54,30130.547243,31763.490549,1,113,2,2,0.62
80865,25,25,32227.910161,32771.986113,1,115,2,2,0.31
80867,6,44,15802.971923,15731.570712,1,109,8,1,0
80868,61,38,10615.182642,10592.551293,1,108,15,15,3.63
80869,18,53,56662.935566,56259.093708,1,112,15,15,5
80870,10,37,7826.894736,8479.429659,2,117,3,3,0.38
80871,10,52,10329.51989,10205.387576,2,116,6,6,0.69
80873,36,56,13801.588648,14376.115766,2,104,15,15,5
80874,74,74,50153.212376,0,2,105,7,7,2.54
80876,47,47,91249.402337,98924.21683,2,113,10,10,5
80878,65,58,22017.522842,21645.807754,1,111,8,8,3.06
80879,48,48,19535.480328,19623.780182,2,104,8,8,2.53
80880,28,28,60112.615045,59752.073016,2,109,7,4,1.54
80882,18,51,13155.509672,13625.80877,2,105,8,8,2.27
80883,18,44,22984.443626,24110.016013,2,107,5,5,1.11
80884,60,60,11965.601623,12385.950798,2,116,4,4,1.63
80885,32,32,37176.503321,38792.16876,1,108,3,3,1.22
80886,4,37,6717.26974,7063.28936,2,104,14,14,3.22
80887,2,40,7766.843137,0,2,104,15,15,5
80888,4,40,9906.007834,10962.189935,2,114,14,14,4.55
80889,80,80,23686.840149,25875.375975,1,104,15,15,5
80890,65,70,43216.885423,43331.454973,2,107,4,4,1.08
80891,1,21,30601.667844,31484.407062,2,107,9,9,3.03
80892,59,64,20447.483664,20509.511003,2,113,15,15,5
80893,56,66,29538.545677,30423.222416,2,113,3,3,0.93
80894,67,67,68553.215821,68274.340176,1,110,9,9,2.82
80895,14,44,10120.921487,10190.016779,2,106,15,15,4.69
80896,9,40,11854.875948,11801.31308,1,107,7,7,0.98
80897,7,32,11801.749631,12113.436025,1,111,1,1,0.01
80898,76,76,12767.787483,13304.031823,1,116,2,2,0.65
80899,15,45,12539.346679,13117.302038,1,112,8,8,1.58
80901,11,44,18842.833694,19033.93829,1,109,6,6,1.97
80903,30,30,88644.480725,95053.014307,1,115,7,7,2.58
80904,61,61,82247.0734,85237.872535,2,106,15,15,5
80905,22,22,33704.934961,34273.946246,2,113,5,5,1.27
80906,2,61,8952.214296,9125.459196,2,105,4,4,0.81
80907,8,27,8222.206169,8978.365375,1,110,5,5,1.02
80908,53,68,17604.610077,20208.100414,1,112,8,8,1.31
80909,12,36,12475.428451,12107.854946,1,116,7,4,0.76
80910,14,31,15214.137396,15788.506513,1,115,6,6,1.61
80911,44,43,23250.623645,24301.063487,2,108,8,8,2.1
80912,28,42,46018.653246,47845.387919,1,106,14,14,2.9
80914,2,46,8539.054093,8986.106136,2,105,1,1,0
80915,66,70,16202.02994,16099.374376,1,109,7,7,2.05
80916,39,39,85751.788328,90081.057715,2,116,15,15,5
80917,34,27,22764.001768,24440.17314,2,106,5,5,0.77
80918,3,43,9100.239968,9536.168346,1,112,14,14,3.18
80920,28,27,31370.917793,33177.594526,2,110,6,3,0.86
80921,25,24,28779.662024,29654.910034,1,114,14,6,1.04
80922,14,29,18660.609421,18927.467393,1,107,4,4,0.71
80923,28,28,107424.70843,107750.252325,2,107,8,8,2.53
80925,3,30,14026.849675,14229.373052,1,115,7,7,1.89
80926,1,45,11910.7332,13349.290943,2,113,6,6,0.9
80927,4,35,19969.31476,19817.130593,2,107,8,8,1.13
80928,62,62,16435.839651,16290.457281,1,112,10,10,3.58
80929,65,65,99668.892422,98845.406825,1,105,7,7,3.48
80930,73,73,17390.25333,17997.253642,2,110,15,15,5
80931,11,47,12914.518843,13154.651745,1,107,15,15,5
80932,39,39,26438.468888,28636.52465,1,115,7,7,3.74
80933,11,33,19401.013315,19597.778986,1,111,6,6,1.16
80934,65,60,8165.101677,8225.852544,2,118,5,5,0.58
80935,0,28,16273.519754,15723.952852,2,109,8,8,1.72
80936,38,38,65477.438309,70298.708694,1,108,15,15,3.63
80937,18,37,19988.220131,19583.714671,2,115,3,3,0.31
80938,19,52,71326.71721,73058.720958,2,105,15,15,4.86
80939,47,47,101070.363063,103594.056156,2,105,8,8,2.2
80940,11,48,9890.800245,10532.674597,1,116,8,8,1.81
80941,51,53,23436.381409,23143.198396,2,117,15,15,5
80942,3,39,20050.858994,19898.053386,2,107,7,7,1.07
80943,78,78,46865.504432,50990.212631,1,105,5,5,1.83
80944,11,33,5402.923048,5899.27479,2,117,4,4,0.45
80945,61,57,8707.922905,9244.276407,1,117,9,9,2.18
80946,60,34,135824.472468,138991.360454,1,115,15,15,5
80947,12,66,33109.297935,33890.669822,2,109,7,7,1.08
80948,18,19,11641.347356,12495.203998,1,116,5,5,0.83
80949,7,32,17241.139454,17163.240294,1,115,6,6,1.05
80950,0,30,7282.41375,7770.126143,2,104,9,9,1.97
80951,5,31,18649.841088,20734.965357,1,115,1,1,0.11
80952,1,80,8287.141188,8958.633418,2,118,10,10,2.15
80953,15,23,18353.718625,19015.553918,1,109,5,5,0.76
80954,29,29,23914.144938,24694.047097,2,114,4,4,0.57
80955,72,72,17232.594196,18694.820412,1,114,3,3,1.04
80956,18,25,8180.415211,11272.586583,2,104,1,1,0.13
80957,12,40,17695.654181,17572.911608,1,115,14,14,3.18
80958,9,24,19712.374348,22008.017668,2,107,5,5,0.63
80959,24,68,24552.881216,0,2,118,10,10,2.76
80960,71,71,14783.22649,14790.112963,1,116,6,6,1.06
80961,41,41,21275.127362,23135.480416,2,104,14,14,3.05
80962,72,73,14501.268411,15061.610165,2,117,5,5,1.53
80963,4,20,7315.183519,7548.856885,1,112,6,6,1.28
80964,19,46,23419.713604,24830.772261,1,112,9,9,3.17
80965,25,25,30394.261598,30733.017348,1,115,8,6,2.18
80966,27,27,34964.900688,36105.196593,1,115,8,8,2.43
80967,40,40,26630.051993,29900.567259,2,112,5,5,0.45
80968,25,53,112158.516703,113406.014348,1,105,15,15,5
80969,17,44,29503.267099,0,2,113,4,4,1.14
80970,14,42,17366.996271,17716.218043,1,106,3,3,0.4
80971,8,38,35876.422276,40058.419294,1,112,15,15,5
80972,8,73,9954.762171,10543.545625,2,106,15,15,4.3
80973,47,47,21697.009715,24197.595746,2,117,3,3,1.03
80974,14,33,10295.038595,10086.695917,2,110,4,4,0.59
80975,26,26,30117.672363,30626.122995,1,106,5,5,0.83
80976,59,59,14577.216612,14801.825449,2,106,15,15,5
80977,0,23,7547.630674,7650.505811,1,114,5,5,1.02
80978,0,55,6018.614084,7894.050268,2,116,3,3,0.42
80979,29,29,41687.353394,43183.241005,1,108,15,15,5
80980,44,44,21337.185558,21453.726401,2,116,8,6,2.2
80981,25,38,78873.938363,79963.33068,1,112,15,15,5
80982,31,31,53566.927463,54986.712689,1,114,5,5,0.63
80983,5,30,12322.2826,12755.001713,2,116,5,5,1.01
80984,7,41,61361.817212,62163.763736,1,106,15,15,3.63
80985,46,46,19538.377833,20597.273731,1,104,14,14,2.83
80986,1,38,23429.958807,26049.5187,2,108,8,8,2.32
80987,80,80,30930.093041,34660.559958,2,105,6,6,2.74
80988,65,65,14388.324908,14323.912752,1,111,6,6,2.18
80989,46,46,23802.302678,24673.448247,1,114,3,3,0.84
80990,35,41,18390.327176,19349.071077,1,104,77,1,0.09
80991,11,46,9309.779365,9520.890572,2,114,6,6,1.62
80992,16,50,87791.528995,89923.342476,2,109,7,7,1.51
80993,11,41,61906.940718,64798.852992,2,113,15,15,5
80994,2,32,30242.312211,30175.15933,2,107,14,14,3.27
80995,2,58,7906.428077,8285.16934,1,112,9,9,2.38
80996,4,39,13725.917839,14614.632051,1,116,5,1,0.19
80997,26,30,29401.331994,30456.354314,2,110,4,4,0.57
80999,15,47,60971.582264,66908.404351,1,110,14,14,4.61
81000,28,32,23720.010983,23501.176344,2,114,6,6,1.24
81001,13,48,16066.990533,15593.595967,1,107,7,7,1.7
81002,9,32,23941.60146,29652.708958,2,108,6,6,1.26
81003,16,48,95280.311031,97593.972198,2,113,15,15,5
81004,50,50,106754.850096,112427.538339,1,104,15,15,5
81005,1,22,24324.381027,24890.593323,2,109,5,5,0.94
81006,10,43,16061.208182,16073.713673,1,111,14,14,3.82
81007,3,49,10873.289419,0,1,104,15,15,5
81008,48,48,23568.774431,23511.951951,1,116,15,15,4.25
81009,56,59,20000.111643,20641.428053,1,106,4,4,1
81010,51,49,31994.122078,32514.49242,2,115,8,8,2.65
81011,60,60,18565.822054,18482.708514,1,107,9,9,3.74
81012,34,34,50317.13463,52260.748433,1,108,3,3,0.64
81013,43,43,40357.633076,40260.333966,2,115,6,6,1.07
81014,27,30,24414.526354,24189.284297,2,114,15,7,3.77
81015,20,33,20785.402003,22564.771032,2,106,15,1,0.21
81016,6,35,15013.077763,15260.074014,1,108,14,14,2.85
81017,15,44,52493.781916,54001.318632,2,113,9,9,2.31
81018,9,38,6354.141997,6965.185431,1,104,8,8,1.29
81019,14,59,16434.107386,16101.52719,2,115,6,6,1.41
81020,40,71,23356.283402,23908.70499,1,116,6,6,1.06
81021,2,31,7085.541108,0,2,104,5,5,0.84
81022,45,51,23167.02528,23111.171387,2,114,6,6,1.52
81023,22,29,36532.887025,36519.839173,1,112,4,4,0.82
81024,6,32,17301.242051,17952.532069,2,115,6,6,1.17
81025,69,69,8752.461642,8733.801576,1,117,12,1,0.35
81026,80,80,37909.848281,42613.280465,2,106,6,6,2.57
81027,0,37,7665.774976,8206.367541,2,115,3,3,0.31
81031,9,32,11801.749631,12113.436025,1,111,1,1,0.01
81032,71,71,12970.950454,13351.019826,2,105,3,3,1.03
81033,9,34,17307.754765,17229.554623,2,109,6,6,0.84
81034,34,54,18766.639762,20753.358782,2,107,7,7,1.33
81035,10,55,41489.671204,42162.084972,2,116,7,7,2.73
81036,2,27,7574.950558,7721.542396,2,110,3,3,0.46
81037,60,59,9636.966766,9975.511468,1,104,14,14,3.82
81038,45,45,31287.917832,32027.938021,2,107,4,4,1.04
81039,64,64,15677.370725,16560.840707,2,108,2,2,0.84
81040,52,26,54841.051343,55979.833261,2,106,9,1,0
81041,23,21,41405.043714,41390.255754,2,116,2,2,0.35
81042,63,63,17875.146937,17792.279136,1,106,15,15,5
81043,18,43,38176.180556,39103.200478,1,113,5,5,0.87
81044,10,53,10198.727304,10683.813763,1,118,6,6,0.88
81045,2,30,20053.016197,20519.801532,2,107,5,5,0.86
81046,4,47,13219.185127,0,2,104,14,14,2.87
81047,8,51,16353.082625,16782.995131,2,107,7,7,1.05
81048,13,35,21794.885594,21353.818297,2,115,1,1,0.2
81049,12,42,13477.468637,14457.047755,1,116,15,15,4.25
81050,38,35,23323.522188,24501.03478,2,107,8,8,1.13
81051,41,29,22173.26924,21888.900945,1,118,14,14,2.27
81052,44,41,28788.503421,30102.696934,1,118,10,10,3.58
81053,3,35,16437.012026,16974.811541,2,111,6,6,0.95
81054,66,66,19154.434391,19222.566668,2,112,5,5,1.27
81055,48,49,41852.886581,42011.359415,1,109,7,7,1.83
81056,49,55,35686.023275,35035.658275,1,107,8,8,1.81
81057,52,52,27527.703471,29410.371196,1,110,3,3,1.03
81058,5,40,18844.984926,19283.650238,2,107,7,7,1.09
81059,4,59,10875.839742,11403.428006,1,117,14,14,2.69
81061,44,44,89621.812048,91741.54244,1,116,9,9,2.82
81062,48,48,25652.457474,0,2,111,15,15,5
81063,80,80,62581.592676,67063.73963,1,113,5,5,1.83
81064,11,53,44535.638368,45231.138021,1,113,5,5,0.98
81065,19,40,17195.199762,17304.197732,2,108,3,3,0.45
81066,1,35,31950.230826,37436.709471,1,116,14,14,4.86
81067,7,28,28754.43971,30153.158914,2,109,6,6,0.78
81068,59,59,32954.247349,33898.901869,2,111,15,15,5
81069,26,26,49125.624802,52578.536806,1,113,2,2,0.36
81070,31,36,43577.792379,44495.229748,2,112,7,7,1.25
81072,17,37,16121.268333,15767.687467,2,112,5,5,0.56
81074,19,32,10398.444938,10464.918202,2,118,5,5,0.63
81075,30,33,30291.333593,36049.907312,2,107,7,7,1.68
81076,18,40,13479.282511,13973.053078,1,108,6,6,0.71
81077,0,27,10839.275168,10772.632369,1,109,5,5,1.39
81078,53,32,16282.072418,16129.35733,1,104,12,6,2.22
81079,76,76,50188.751146,49878.922468,1,116,4,4,1.16
81080,12,45,11869.095379,11628.89821,2,114,15,15,4.07
81081,3,34,13810.361926,14312.046563,2,113,14,14,3.22
81083,36,29,23577.001831,24806.142917,2,108,6,6,1.22
81084,26,62,38698.480835,40422.715558,1,107,15,15,3.79
81085,4,66,12421.92909,12601.280197,1,114,6,6,1.06
81086,9,39,8662.610109,0,1,114,6,6,1.74
81087,36,36,22119.864459,22843.591237,2,114,15,15,5
81088,54,56,18307.408679,17973.762709,2,110,6,6,1.52
81089,11,30,10044.157444,10881.547459,2,106,12,5,0.84
81090,32,57,25949.14532,27643.32546,2,115,5,5,0.57
81091,11,70,10923.462408,11574.557373,1,108,6,6,1.06
81092,29,29,22028.257672,22993.788521,1,115,3,3,0.72
81093,36,39,35015.769399,35245.854987,1,113,4,2,0.78
81094,6,22,16100.41176,17442.716889,2,113,5,5,1.27
81095,51,51,19795.433213,19951.000999,1,108,7,7,2.63
81096,24,24,37739.966645,38898.829588,2,116,2,2,0.53
81097,21,21,95209.887928,101901.942559,2,108,6,6,1.65
81098,5,39,51338.582388,52533.619442,2,109,14,14,2.87
81099,36,36,19088.961376,19368.419271,1,112,6,6,1.16
81100,80,80,53754.49049,56182.394718,2,109,5,5,1.38
81101,38,38,86688.344802,91766.348879,2,113,10,10,2.73
81102,4,31,11172.875692,11315.149894,2,110,2,2,0.25
81103,80,73,10521.219928,10904.053041,2,118,7,7,2.67
81104,67,67,15912.535593,17210.526332,2,114,2,2,0.81
81105,63,63,30260.947389,31702.383055,2,110,4,4,1.24
81106,10,48,18583.634555,18924.64607,1,111,14,14,3.48
81107,54,59,22254.261284,22306.46568,1,107,6,6,2.19
81108,13,42,14599.834765,15009.830752,2,111,6,6,0.52
81109,77,77,18537.900482,19179.453734,2,114,5,5,0.75
81110,56,68,115505.070209,117903.548761,2,113,15,15,5
81111,77,77,54377.815056,55851.237273,2,111,7,7,3.68
81112,3,48,37359.135612,39402.017865,1,104,15,15,5
81113,80,80,23502.817734,0,1,104,7,7,1.79
81114,9,30,11157.799156,11088.80784,2,116,5,5,1.01
81115,60,58,11940.92062,11912.677851,1,117,15,15,5
81116,16,44,15734.763464,15271.15757,1,113,5,5,0.86
81117,19,47,12039.618624,13064.955264,1,117,7,7,1.38
81118,40,45,24622.97954,25641.097254,2,108,9,9,2.52
81119,37,59,22579.993369,22099.0429,1,117,14,14,2.69
81120,3,22,15673.308139,16433.622158,2,118,3,3,0.59
81121,61,61,12660.58981,13116.085587,1,106,3,3,1.22
81122,37,40,37094.150887,36435.502223,2,116,5,5,0.84
81123,8,50,33125.15745,34326.972144,1,116,15,15,3.63
81124,15,41,26540.641758,27776.678895,2,107,2,2,0.25
81125,15,47,18057.618519,18735.735634,2,113,4,4,0.8
81126,11,37,9067.373835,9496.467343,2,104,14,14,3.22
81127,9,45,56277.646589,56854.004905,1,105,15,15,5
81128,10,49,8557.526052,8716.339063,1,112,14,1,0
81129,12,41,13601.841616,13507.495003,2,112,8,8,3.18
81130,18,46,12287.007439,12028.667394,1,104,15,15,5
81131,49,49,30157.841052,31707.986437,1,107,15,15,5
81132,6,38,7453.149892,7927.68344,1,110,2,2,0.18
81133,17,54,29385.450148,30099.007589,2,112,5,5,0.86
81134,75,75,27854.72504,27714.495032,2,106,5,5,1.46
81135,20,37,18337.911625,18767.963212,2,104,9,9,1.72
81136,78,78,14223.978179,13924.948589,1,106,5,5,2
81137,16,38,9053.128265,9024.719397,1,118,7,7,1.09
81138,42,43,18221.752602,18806.044789,2,104,15,15,4.19
81139,23,54,17435.703011,19078.02219,2,118,14,14,3.84
81140,6,40,10171.8835,10773.508792,1,117,15,15,5
81141,70,70,47627.566559,47333.548763,2,107,5,5,1.21
81142,60,60,26528.734534,26644.064913,2,108,15,15,5
81143,80,80,19068.029365,0,1,115,3,3,0.64
81144,49,57,91240.748565,97812.531508,2,115,7,7,1.68
81145,3,32,12869.835197,13321.782605,1,114,9,9,2.56
81146,8,46,6789.301859,6707.713193,2,105,1,1,0
81147,46,52,57315.823278,56627.984048,1,114,15,15,4.06
81148,73,73,18278.930336,18882.974905,2,118,7,7,2.67
81149,34,34,88153.771709,90490.277248,2,113,15,15,5
81150,13,66,14572.982363,14781.384803,1,107,6,6,0.7
81151,56,56,112101.255873,112908.59011,2,113,15,15,5
81152,34,35,21264.008962,20886.442398,1,114,7,5,0.85
81153,30,30,22119.864459,22843.591237,2,114,6,6,1.05
81154,50,23,17972.979821,18140.25982,2,118,10,10,3.02
81155,56,56,26057.612981,26175.392703,1,115,8,8,2.21
81156,7,47,7626.304479,7505.119024,2,114,6,6,1.04
81157,3,68,16087.366398,16794.749601,1,109,5,5,0.63
81159,24,23,74866.287036,75217.152318,2,114,9,6,2.4
81160,23,51,96369.809301,100003.032336,2,115,5,5,0.97
81161,33,33,22634.974208,23019.3264,1,113,4,4,0.96
81162,80,76,11485.944427,12865.00548,2,118,14,14,2.53
81163,79,53,22196.292175,22773.031931,2,116,6,6,1.59
81164,5,27,9261.348568,9395.066376,1,116,7,7,1.27
81165,51,57,14514.870818,14649.965142,2,104,15,15,4.16
81166,73,75,27854.72504,30306.264059,2,109,2,2,0.57
81167,7,39,58836.858965,61526.673162,2,109,14,14,2.87
81168,28,27,25812.990894,28022.755061,2,104,9,6,2.57
81169,34,35,13880.600605,15350.062031,1,112,7,7,1.11
81170,24,26,91534.340264,93667.691633,1,115,7,7,2
81171,49,44,42280.680232,45680.16537,1,106,9,9,3.07
81172,4,33,20767.836871,24334.080073,1,116,10,10,3.33
81173,50,62,31263.197044,30693.436469,1,106,14,8,3.92
81174,31,31,33701.189983,34194.567459,1,108,6,6,1.28
81175,80,75,13233.950931,14705.514642,2,105,10,10,4.45
81176,38,38,46144.752689,45161.876384,2,111,7,7,1.16
81177,48,68,25298.187121,24837.136716,1,111,14,14,3.61
81178,24,56,25325.844356,25366.446438,2,108,15,15,3.24
81179,80,80,10521.219928,0,2,118,12,5,2.01
81180,14,58,16139.52066,16592.754467,1,109,8,8,1.58
81181,4,34,49829.239325,56622.896806,1,116,15,15,5
81182,16,40,8092.834108,8831.547762,2,111,2,2,0.16
81183,5,32,16202.93419,16915.399065,1,107,7,7,1.95
81184,7,50,43362.518851,45162.310855,2,107,15,15,5
81185,25,28,54764.120386,0,1,106,15,15,5
81186,42,69,25127.532566,25264.775775,2,109,6,6,1.91
81187,43,43,21306.743001,21838.765233,2,114,5,5,1.06
81188,14,42,12814.893523,12592.118664,1,107,3,3,0.36
81189,5,33,56278.956711,55850.060362,2,109,6,6,0.93
81190,23,46,34454.711024,35822.408921,1,108,15,15,4.67
81191,14,49,11690.923303,12478.768307,2,112,9,9,2.15
81192,41,59,19712.490594,20527.568064,1,108,10,10,3.58
81193,20,48,31174.074739,31561.388252,1,114,6,6,1.2
81194,11,40,11854.875948,11801.31308,1,107,7,7,0.98
81195,4,45,12695.695854,13253.942727,1,118,6,6,0.56
81196,41,41,15350.356508,16189.597751,2,118,7,7,1.14
81198,0,42,4904.996691,5112.719992,1,104,9,9,1.68
81199,10,52,8885.932532,11835.006701,2,104,7,7,2.15
81200,5,38,7912.483357,8199.91763,2,104,9,9,3.18
81201,56,56,17972.979821,20180.294508,1,118,7,7,1.25
81202,38,38,20685.138916,24202.993161,1,107,5,5,1.13
81203,62,62,106264.050086,110128.192796,2,110,15,15,5
81205,4,36,40868.075485,56935.570171,2,105,7,7,1.25
81207,39,41,59098.199668,62179.169243,2,118,15,15,5
81208,2,30,6625.224361,6972.080119,2,105,1,1,0.11
81209,58,32,21240.096789,22391.218523,2,115,15,15,3.33
81210,69,77,88264.914383,89224.792584,2,112,15,15,5
81211,3,40,6540.499484,9084.54057,2,104,15,15,4.19
81212,37,37,23273.899011,23254.886642,1,104,6,6,1.06
81213,50,50,21397.457579,21905.579118,1,115,7,7,2.77
81214,50,42,11127.408403,11630.133547,2,117,6,6,1.62
81216,30,30,21207.335741,22949.509847,1,110,15,15,5
81217,45,36,17174.330725,18175.820698,1,117,8,8,1.91
81218,34,34,90330.773084,92605.771077,1,115,15,15,5
81219,37,37,24490.033227,26610.814503,2,114,7,7,3
81220,12,45,83497.52936,82902.43493,1,105,15,15,5
81221,68,49,9098.877421,9041.227213,1,104,15,15,5
81222,14,40,17983.332876,17855.164039,2,107,7,7,1.09
81223,21,77,33697.855083,34441.044321,1,115,4,4,0.97
81224,18,46,56135.31765,62146.834707,2,112,15,15,3.13
81225,37,37,23392.144348,24605.677806,1,112,15,15,5
81226,65,65,17116.921607,17732.744852,2,112,3,3,0.66
81228,65,56,109638.490389,110179.926311,2,113,15,15,5
81229,74,74,12197.704197,12835.20014,1,111,1,1,0.29
81230,52,52,19634.895248,19929.627136,1,104,8,8,3.92
81231,44,53,32466.325208,32060.179955,1,115,3,3,0.61
81232,59,66,38441.864976,39240.11555,2,115,4,4,0.97
81233,10,35,43122.845449,45137.280092,1,104,15,15,5
81235,37,37,59061.291496,59523.545259,2,108,15,15,3.6
81237,39,39,14948.678988,15344.891998,2,107,7,7,1.07
81238,21,71,58644.850804,60011.661035,1,116,7,7,1.45
81239,14,41,68544.325184,71736.536292,2,107,5,5,0.91
81240,7,27,10114.164966,10170.037315,2,110,3,3,0.46
81241,51,62,22961.016712,23419.196535,1,114,8,8,2.77
81242,14,33,14186.945718,13875.789521,1,116,4,4,0.54
81243,8,79,8956.64318,8866.366266,1,112,3,3,0.81
81244,47,47,34124.566725,33804.500821,1,111,15,15,3.63
81245,16,52,29527.061308,0,1,108,4,4,1.16
81246,17,37,14682.770036,14580.925767,2,115,5,5,0.72
81247,15,40,14101.66324,14509.427678,1,116,7,7,1.31
81248,68,68,54084.185148,53637.330102,1,113,3,3,1.08
81249,7,37,46988.58487,51954.933892,1,110,15,15,4.67
81250,50,48,23344.023727,25359.665202,1,109,2,2,0.22
81251,80,80,37423.172097,39736.258054,1,108,5,5,1.74
81252,15,34,10264.231185,10193.035278,1,112,7,7,0.98
81253,4,37,15383.735112,15577.077151,1,107,7,7,1.14
81255,1,26,19422.208909,19982.464173,2,106,3,3,0.51
81256,69,69,30260.947389,31702.383055,2,116,3,3,0.75
81257,7,29,9699.040112,9974.446694,1,111,3,3,0.51
81258,2,45,11720.936084,13692.367039,2,111,1,1,0.13
81259,75,75,66938.724573,68036.28118,1,113,8,8,3.92
81260,44,42,30792.361317,30671.320457,1,105,15,15,4.88
81261,14,45,89022.333597,91184.03431,1,105,14,14,3.4
81262,71,74,56452.366244,57982.000535,1,112,14,14,5
81263,2,56,5645.968584,5755.230408,1,114,3,3,0.41
81264,21,46,91645.729247,93661.109489,2,113,14,14,3.79
81265,7,19,8881.308153,9133.495039,2,113,5,5,1.06
81266,39,39,73671.405226,77487.333995,2,115,9,9,2.15
81267,75,75,9256.428024,9354.463883,1,104,8,8,3.92
81268,22,61,44698.634785,47765.013601,2,112,3,3,0.64
81269,80,80,53754.49049,55435.571874,2,109,5,5,1.34
81270,43,43,17439.861606,18385.026966,2,106,15,15,5
81273,32,32,24907.329931,26246.622195,2,106,8,8,2.53
81274,13,40,12498.309961,16351.148044,1,104,6,6,0.91
81275,50,61,20865.67203,21818.188749,1,109,6,6,1.2
81276,48,65,99645.667886,100145.505477,2,115,15,15,5
81277,3,35,22493.679003,23229.645469,2,111,6,6,1.44
81278,18,42,9314.938457,9462.826627,1,104,15,15,5
81279,7,65,29027.177768,29324.454864,1,114,5,5,0.65
81280,15,41,18276.603964,17941.366447,2,111,15,15,5
81282,61,62,85409.934469,85831.720709,2,114,10,10,3.54
81283,67,66,22187.305914,21812.72443,1,106,7,7,2.58
81284,64,64,22493.741392,22263.178431,1,111,6,6,1.61
81286,16,53,8460.541738,8916.245803,2,106,15,15,5
81287,21,39,87609.299166,88019.885328,1,110,9,9,3.55
81288,71,71,20087.482733,22166.735294,1,118,4,4,1.31
81289,17,53,25723.669994,29121.403647,2,107,5,5,1.46
81290,30,30,39708.303502,40733.802615,2,117,1,1,0.03
81291,21,21,51166.900015,56451.333616,1,109,8,8,1.52
81292,47,39,17623.137579,18419.333248,1,107,14,14,4.86
81293,7,30,11584.033103,11676.193777,2,111,15,15,4.19
81294,18,18,14530.101452,14936.009015,2,114,15,15,3.58
81295,59,59,112101.255873,112958.664094,2,113,15,15,5
81296,63,52,20970.186555,21108.929103,1,104,4,4,1.06
81297,80,80,26755.354866,28229.141794,2,108,8,8,3.34
81299,2,51,15873.1809,16242.669859,1,109,6,6,1.02
81300,17,37,55471.802968,55076.45042,2,116,14,14,2.22
81301,3,50,32315.13,32068.859598,2,118,15,15,5
81302,69,69,65417.247753,70794.988215,1,110,4,4,1.39
81303,20,61,26977.9742,27473.994959,1,110,7,7,1.92
81304,20,24,28779.662024,29654.910034,1,114,14,6,1.04
81305,2,23,14153.538481,14775.888662,2,107,2,2,0.3
81306,57,55,26485.857112,28859.422614,1,113,7,7,2.58
81307,8,36,13355.718826,13295.374828,1,106,4,4,0.46
81308,4,39,11085.409261,11623.163766,1,118,6,6,0.89
81309,55,56,14629.013496,14673.390535,2,117,7,7,1.68
81310,19,19,19474.777765,19529.243348,1,106,6,6,1.27
81312,19,61,5366.680272,5528.735219,2,105,5,5,0.72
81313,20,40,19413.984188,19694.872432,1,114,14,14,3.4
81314,10,41,8029.959986,9199.053887,1,117,15,15,4.53
81315,3,52,9940.878884,10301.998037,1,105,9,9,2.45
81316,43,43,20441.396758,21514.78204,1,107,7,7,1.27
81317,45,46,91248.806947,91824.575767,1,110,15,15,5
81318,16,41,53767.785088,59525.763678,1,114,15,15,5
81319,38,38,19655.828521,19943.585216,1,108,7,7,1.33
81320,28,28,34070.390573,35015.231439,2,113,6,6,1.02
81321,80,80,15174.746412,15877.769625,1,107,10,10,2.76
81322,55,55,12292.856978,12170.280949,2,117,7,7,2.23
81323,50,50,105137.352368,106030.848704,1,104,15,15,5
81324,1,44,5448.643627,6187.132729,2,106,8,8,1.79
81325,9,48,9453.216979,10273.355154,1,110,15,15,4.25
81326,16,66,15200.883115,15521.289474,1,107,8,8,1.63
81327,11,51,48007.86013,48499.52478,1,116,15,15,5
81328,18,54,58023.09034,57916.08746,1,116,15,15,4.25
81329,63,62,15333.439922,15262.082401,1,114,8,8,2.77
81330,6,30,10679.894315,10631.640265,2,110,6,6,0.92
81331,27,27,70646.002958,72815.295679,2,104,8,5,1.75
81332,61,61,12430.221971,12866.959916,2,114,3,3,1.03
81333,2,34,5325.654293,5519.117648,2,105,3,3,0.43
81334,18,18,43083.358892,0,1,117,13,1,0.17
81335,8,36,15227.862274,15719.110268,1,109,3,3,0.32
81336,11,52,12754.485277,13043.709615,2,116,4,4,0.49
81337,36,36,66445.118798,0,2,110,15,15,5
81339,55,55,26101.767277,27516.368405,2,113,2,2,0.72
81340,6,37,16472.337415,17773.592778,1,112,15,15,5
81341,17,49,51598.573973,52851.525559,2,113,15,15,3.58
81342,46,46,82886.921369,84956.580017,2,106,15,15,5
81344,59,56,15212.714192,15354.303557,1,118,10,10,2.33
81345,63,63,20531.722188,20436.173322,1,112,7,7,2.71
81346,2,24,15684.991506,16912.064404,1,113,3,3,0.55
81347,42,37,64542.744692,68306.437884,1,110,15,15,3.17
81348,21,41,32327.336211,33487.353766,2,106,8,8,1.25
81349,36,36,37176.503321,38136.616642,1,108,4,4,0.92
81350,58,65,31263.197044,30693.436469,1,106,6,6,1.43
81351,14,46,9790.962984,9592.821381,2,105,1,1,0
81352,58,58,19683.281908,20247.515739,2,106,5,5,1.84
81353,76,76,77307.434023,78448.01103,1,105,15,15,5
81354,3,39,47958.830554,56194.298432,2,115,9,9,2.15
81355,6,36,9849.98157,10489.206949,1,111,14,14,2.9
81356,12,33,11013.527799,11506.700091,2,104,7,7,1.47
81357,66,66,76183.674613,75873.758132,1,114,3,3,1.22
81358,77,77,14501.268411,15061.610165,2,117,2,2,0.77
81359,57,57,28044.667493,31276.82274,2,115,3,3,0.88
81360,0,33,8862.487145,8807.998175,1,109,14,14,2.69
81361,8,35,13839.469417,13776.939731,1,110,6,6,0.98
81363,0,42,4732.934163,5129.287813,1,112,14,14,1.66
81364,16,41,69002.013102,68510.229524,1,116,15,15,5
81365,8,43,9890.800245,9771.940131,1,116,8,8,2.21
81366,38,40,39599.185506,41216.665243,2,114,5,5,0.67
81368,65,65,124064.217312,125224.104305,2,115,7,7,2.23
81369,11,43,8930.180154,9700.873491,2,106,15,15,5
81370,43,38,36769.182068,36309.209199,1,115,2,2,0.34
81371,1,22,8683.015442,8960.382297,1,110,2,2,0.26
81372,31,31,75421.92133,79839.964205,1,113,10,10,2.89
81373,49,52,82638.836261,84630.922121,2,107,4,4,0.99
81374,43,43,93589.130602,94100.301866,2,113,9,9,3.94
81375,41,55,25124.237685,26163.081558,2,108,14,14,3.14
81376,5,36,7889.091627,8220.26431,2,106,14,14,3.79
81377,80,80,40300.895037,45042.670691,1,105,9,9,3.61
81378,49,74,21401.432158,22489.741186,2,104,5,5,1.01
81379,48,47,34445.114122,34309.714755,1,111,15,15,3.63
81380,80,80,41998.832493,43534.880618,2,113,3,3,1.2
81381,73,73,26762.445636,27077.764079,1,108,3,3,0.87
81382,71,71,12910.61342,12925.721726,1,118,14,14,4.84
81383,16,41,23500.430267,23457.092112,1,113,3,3,0.47
81384,40,35,19688.556744,21674.319473,2,104,15,15,4.61
81385,69,69,120515.626784,122806.006012,1,105,15,15,5
81386,18,18,13236.699487,13817.095122,1,117,1,1,0
81387,52,52,11590.408007,12217.087091,2,117,3,3,0.87
81388,26,26,52744.535072,55387.150986,2,109,5,5,0.88
81389,13,40,14705.30382,14428.650563,1,107,10,10,2.36
81390,3,61,21410.653569,23085.658156,2,114,6,6,1.23
81391,64,64,11965.601623,12037.749189,2,116,3,3,0.89
81392,11,30,11510.855767,11519.818287,1,114,10,10,2.22
81394,10,35,18151.433093,18559.553834,1,106,7,7,1.52
81397,15,42,19460.825346,0,2,115,5,5,0.84
81398,2,37,23818.639472,26321.107072,1,110,15,15,5
81399,80,55,32988.970301,0,1,104,15,15,5
81400,2,27,8176.823372,8473.860241,2,113,3,3,0.51
81401,16,67,14541.26164,14246.987328,2,116,4,4,0.56
81402,11,52,9363.358018,9214.56999,2,116,6,6,0.69
81403,5,27,17413.008276,18257.715353,1,106,2,2,0.24
81404,0,21,13612.81751,14248.8595,1,115,6,6,1.27
81405,10,44,6866.457903,7459.047668,1,118,14,14,3.98
81406,26,26,44258.728749,47369.559327,1,113,3,3,0.35
81407,16,42,12336.279511,12904.875231,2,105,5,5,0.82
81408,30,53,20097.971748,21550.950273,1,107,7,7,0.93
81409,65,65,73168.620606,73852.680307,2,106,10,10,2.6
81410,6,43,49546.900051,52660.970897,1,109,9,9,2.55
81411,15,43,15750.476634,15438.296048,1,107,15,15,4.25
81412,67,67,11845.98068,12822.686479,2,110,5,5,1.71
81413,50,50,79962.760899,88046.71575,2,106,10,10,5
81414,13,30,9813.566622,9745.496665,2,116,8,8,1.39
81415,80,80,9993.736156,10219.697038,2,114,14,14,5
81416,80,80,20328.253924,20777.059599,1,113,3,3,0.85
81417,2,22,5925.321614,6039.989529,2,114,1,1,0.11
81418,61,61,18058.025971,18314.790666,1,111,5,5,1.02
81419,14,42,12957.741253,13116.517781,1,112,5,5,0.93
81420,1,30,28975.380067,39148.289035,2,105,14,14,3.22
81421,7,48,9890.800245,10532.674597,1,116,8,8,1.81
81422,4,38,15456.229326,16206.012827,1,107,7,7,1.27
81423,7,38,6866.457903,7089.835246,2,118,9,9,1.72
81424,27,27,31237.803712,33190.512616,2,110,10,10,3.28
81425,2,36,5068.455173,5230.359926,1,112,6,6,1.16
81426,12,40,15752.903365,16097.523486,1,108,6,4,0.7
81427,52,53,24008.369977,24377.576282,1,106,4,4,0.42
81428,26,26,24705.814942,25511.535509,2,105,6,6,1.52
81429,65,67,50568.604303,52690.817925,1,112,15,15,5
81430,62,62,123216.066422,129190.988588,2,109,9,9,3.81
81431,5,51,7882.032528,0,2,110,15,15,5
81432,8,34,10808.325823,11407.660266,2,108,3,3,0.56
81433,17,38,14758.81031,14968.416168,1,116,4,4,0.54
81434,80,80,29986.702598,31638.484476,1,104,10,10,4.19
81435,18,53,21893.143573,22500.418958,2,116,4,4,0.85
81436,80,80,29157.830021,30960.044087,1,113,2,2,0.77
81437,16,38,10961.631606,10885.598313,1,108,7,7,1.33
81438,56,56,25479.456602,25015.102626,1,111,9,9,2.63
81439,0,44,15692.448642,16425.658813,1,116,15,15,5
81440,2,48,12318.854365,13116.465212,1,111,3,3,0.35
81441,34,34,24877.308693,25826.424107,1,105,5,5,1.83
81443,1,32,33994.698093,38629.49361,1,116,9,9,2.34
81444,51,51,17676.985189,17354.828462,1,117,10,10,2.97
81446,11,36,10714.314566,10665.904998,2,106,6,6,1.34
81447,69,69,41630.359646,41871.946969,2,112,2,2,0.66
81448,18,41,16022.538638,15835.990729,2,105,2,2,0.37
81449,6,53,7817.349538,7887.640075,1,107,14,14,3.45
81450,56,56,17752.60812,18712.469772,1,107,8,8,4.13
81451,19,51,94996.775577,101662.408693,1,111,7,7,2.15
81452,60,60,86258.778851,87898.112443,2,106,15,15,5
81453,22,52,28881.316163,28871.001097,2,114,15,15,5
81454,15,36,31046.854877,31661.724613,2,106,5,5,1.21
81455,1,42,8274.373696,9395.85185,1,107,15,15,5
81456,80,80,33888.033134,34636.210604,2,106,8,8,3.18
81457,45,51,92122.940733,92704.225231,1,114,15,15,5
81458,0,29,6954.3881,7007.768656,2,115,7,7,1.43
81459,1,24,14861.215405,15514.683095,2,107,4,4,0.76
81460,46,46,26284.064785,25955.257996,1,116,14,14,3.57
81461,24,61,19474.743005,20328.349561,2,105,5,5,0.72
81463,53,53,18639.336486,18723.585794,2,114,5,5,0.75
81464,68,80,73217.252576,72919.40355,2,107,14,14,4.93
81465,68,68,15459.340865,15220.623206,1,106,3,3,0.84
81466,0,20,7547.630674,7650.505811,1,114,4,4,0.57
81467,7,45,13914.981477,15122.211517,1,113,15,15,5
81468,74,74,64933.599817,65891.615974,1,112,14,14,5
81470,43,43,21467.247442,22354.88108,1,110,14,14,3.18
81471,14,44,5874.20993,6366.734967,1,118,14,14,3.98
81473,20,36,26359.330998,27218.977002,2,114,4,4,0.86
81474,78,78,32831.794034,34320.991107,1,112,7,7,3.13
81475,42,42,30696.449546,31661.357103,2,115,5,5,1.01
81476,12,65,26498.191108,26309.336108,1,106,6,6,0.67
81477,70,76,53287.551393,54731.431807,2,105,7,7,2.42
81479,11,42,5124.209971,5426.434823,2,104,15,15,5
81480,12,59,13251.194129,14704.791779,1,109,9,9,2.87
81481,28,32,32378.29322,33362.982918,2,114,9,9,3.81
81482,49,49,64542.744692,66154.355396,1,110,15,15,3.96
81483,5,31,11577.645237,11723.152522,1,117,6,6,0.91
81484,32,32,68996.412224,72593.405839,2,116,7,7,1.43
81485,51,54,12237.759407,13402.875026,2,118,14,14,3.84
81486,74,74,59624.562972,60504.250759,2,105,15,15,5
81487,50,50,127804.934171,130516.678438,2,112,15,15,5
81488,3,25,16280.757542,17070.539003,1,106,6,6,1.07
81489,38,37,16870.916427,17752.605001,2,104,15,15,5
81490,26,26,37450.928715,39280.589583,2,115,6,6,1.04
81491,32,33,89075.379323,94410.847574,2,113,14,14,3.56
81492,51,76,14309.982874,14901.675973,2,118,14,14,2.53
81494,38,38,76817.017934,84053.494471,1,116,15,15,5
81496,14,54,59123.958559,58702.576768,1,110,14,14,4.61
81497,72,52,20528.884512,22653.826511,1,117,8,8,2.9
81498,11,36,15968.816422,16470.579794,1,110,15,15,3.48
81500,10,51,18583.634555,18924.64607,1,111,15,15,4.67
81501,6,26,10829.940039,10973.246452,2,111,6,6,0.9
81502,17,53,12350.589185,12718.048599,1,114,4,4,0.68
81503,43,43,25700.900073,27063.325619,2,112,14,14,4.77
81504,80,80,12750.656464,12979.769145,1,104,6,6,1.54
81505,8,41,8965.6736,8823.204959,1,116,15,15,5
81506,22,22,42790.753381,44881.290776,2,107,2,2,0.33
81507,2,22,12218.211971,12792.844678,1,110,5,5,0.89
81508,52,49,22598.987599,22805.462009,1,115,9,9,3.87
81509,42,42,22993.150417,23652.263739,2,110,2,2,0.69
81510,13,40,15286.52741,14836.128253,1,106,14,14,2.25
81511,16,53,33997.724063,34940.758163,1,113,5,5,1.02
81512,69,65,14746.098191,15588.414062,1,117,8,8,3.22
81513,7,32,9792.040906,9636.440912,1,114,5,5,0.73
81514,23,43,29199.756254,30520.060509,2,118,6,6,0.95
81515,2,44,7451.935307,7545.59087,1,118,5,5,0.72
81516,60,66,16435.839651,16604.807955,1,112,14,14,5
81517,15,39,15725.358324,19861.253854,2,111,4,4,0.63
81518,13,38,11087.575359,10863.193961,1,108,7,7,1.33
81519,58,58,76267.184439,76915.331348,1,116,15,15,4.9
81520,15,45,21849.803844,0,2,111,5,5,1.27
81521,55,56,14018.460187,13762.978768,2,104,15,15,5
81523,57,57,20391.44855,20587.80708,1,114,3,3,0.51
81524,73,45,10451.146398,10528.90614,2,104,8,8,1.89
81525,10,31,11237.260122,11351.228758,1,112,10,10,2.5
81526,16,36,8672.856065,9177.100804,2,110,1,1,0
81527,35,54,25490.816289,26861.483203,2,108,8,1,0
81528,41,45,22399.981884,23562.718971,1,109,4,1,0
81530,73,73,51523.899663,52033.599055,1,113,9,9,3.81
81531,5,38,11617.940564,13021.13532,2,105,4,4,0.54
81532,5,39,6925.234748,7281.96705,2,104,14,14,3.44
81533,25,28,47994.247994,49855.412809,2,113,6,6,1.02
81534,49,54,26541.925537,26058.208445,1,111,4,4,0.65
81536,8,42,12162.515289,12556.095343,2,117,5,5,0.82
81537,55,55,15115.676152,17250.669938,2,118,12,6,1.97
81538,12,36,18353.718625,19015.553918,1,109,2,2,0.28
81539,7,38,12836.02318,13294.041946,1,107,7,7,1.27
81540,7,34,8080.016759,7982.917263,2,114,14,14,2.39
81541,15,42,12586.673175,13629.861754,2,114,7,7,1.97
81542,3,39,25694.53215,34715.574701,2,113,6,6,1.91
81543,14,41,51831.767692,55622.778925,1,114,15,15,5
81544,37,37,44123.727601,47555.347479,1,116,14,14,3.4
81545,16,36,16720.102229,16353.387396,2,112,7,7,1.25
81546,6,45,6525.878897,6422.179706,1,112,9,9,1.37
81547,60,60,30938.112689,31201.077039,2,105,3,3,0.5
81548,69,65,5789.455013,5997.74486,2,117,7,7,2.29
81549,6,40,50042.734688,50696.750474,2,107,8,8,1.39
81550,51,51,115012.330517,115840.629819,2,105,15,15,5
81551,15,34,18315.576601,18540.004888,1,106,4,4,0.68
81553,26,54,90630.309482,92664.437299,1,110,15,15,5
81554,8,34,15512.564525,15840.51623,1,110,7,7,1.38
81555,6,28,7724.805337,10208.573828,2,104,2,2,0.35
81556,25,27,34203.190317,37536.323098,1,108,14,14,3.09
81557,13,41,9100.666858,9662.894124,1,117,15,15,4.53
81558,7,38,48902.810183,53133.400567,2,115,14,14,3.51
81559,31,29,87214.688272,89450.860165,1,113,14,14,5
81560,1,31,27649.934473,28281.335133,1,104,15,15,5
81561,10,31,13469.165751,13607.10801,1,112,4,4,0.4
81562,2,32,14533.557367,14949.227495,1,110,15,15,4.25
81563,25,57,56795.494669,57452.678395,1,112,14,14,4.81
81564,50,21,10816.552542,11907.496239,2,117,4,4,0.5
81565,9,33,12048.451637,12170.647403,1,116,4,4,0.54
81566,52,52,76465.748922,82201.446083,1,113,3,3,1.21
81567,3,37,6029.734531,6293.309092,2,118,15,15,4.19
81568,36,36,20675.878006,21887.023438,1,117,8,8,1.91
81569,1,30,8204.347383,8626.969263,1,104,15,15,5
81570,58,58,26265.026886,25936.458256,2,116,6,6,1.91
81571,22,22,27978.775033,28891.235299,2,114,6,6,1.91
81572,15,45,15007.812364,15365.792179,2,108,6,6,1.26
81573,64,68,14897.973633,15421.416448,1,104,1,1,0.21
81574,34,34,73672.920982,75625.613244,2,116,15,15,5
81575,11,34,14680.626463,15188.856906,1,107,9,9,2.34
81577,9,45,18130.452364,18758.112761,1,107,14,14,4.12
81578,60,60,109077.654153,111620.912421,2,113,15,15,5
81579,73,49,8234.899235,8419.503787,2,118,5,5,0.5
81580,68,68,79942.028964,81126.424156,2,113,6,6,2.23
81582,72,66,17465.916523,17847.991058,2,112,5,5,1.27
81583,18,51,17677.368666,17687.476596,2,107,7,7,1.05
81584,48,48,26894.281601,26848.112046,1,116,15,15,4.25
81585,36,73,15845.806807,15969.826849,1,109,5,5,0.67
81587,66,66,26588.675228,27264.589732,1,108,3,3,0.84
81588,11,38,6354.141997,6965.185431,1,104,8,8,1.29
81589,9,39,12104.606392,13027.197768,1,105,15,15,5
81590,28,41,38818.867179,41360.653427,2,112,6,6,0.9
81591,14,37,14919.206607,14703.598282,2,113,15,15,5
81593,68,68,14560.589535,14577.628682,1,108,4,4,1.1
81594,60,60,13628.318706,14193.84462,1,115,9,9,2.65
81595,80,80,24771.131091,25655.023435,2,114,10,10,4.13
81596,35,33,10494.960133,11042.094446,2,104,5,5,0.88
81597,63,70,9298.617277,0,1,106,8,8,1.36
81598,50,80,28498.10342,30958.774293,1,108,6,6,1.61
81599,46,46,73295.590253,75029.173704,2,112,15,15,3.13
81600,70,56,46654.326813,48770.491616,1,107,14,14,5
81601,65,65,17116.921607,17374.430861,2,112,4,4,1.29
81603,76,76,46251.241254,46018.397026,1,106,4,4,1.54
81604,29,45,21122.318941,21811.172429,2,117,6,6,1.11
81605,43,28,34782.374086,34336.296228,1,111,15,15,4.25
81606,42,43,14331.774395,14924.368536,1,117,15,15,5
81607,29,68,32767.518342,33764.045167,1,111,14,14,3.61
81608,33,34,91106.827412,93284.991131,1,115,15,15,5
81612,3,49,10372.221851,10828.302438,2,118,5,5,0.98
81613,41,41,25966.639959,26774.306881,2,109,4,4,0.63
81614,21,21,104546.408309,103919.36232,2,111,6,4,1.54
81615,10,36,15227.862274,15159.059531,1,109,4,4,0.47
81616,10,41,11644.524894,12021.342734,1,118,4,4,0.54
81618,19,71,28780.898988,29636.634351,2,116,6,6,1.05
81619,18,38,13290.910202,13225.45352,1,107,7,7,1.27
81621,15,57,56277.044936,58967.797216,2,104,15,15,4.61
81622,65,64,15174.746412,15877.769625,1,107,8,8,3.09
81623,63,63,15478.5921,16228.838918,1,118,8,8,2.46
81624,62,62,62768.664899,62513.320905,1,111,6,6,1.19
81625,41,41,36587.777985,36244.608786,2,113,10,10,3.28
81626,40,40,25430.708507,24967.242947,2,106,6,6,1.78
81628,66,65,13905.145738,13670.389426,1,109,14,8,4.35
81629,57,60,127471.314206,136052.608308,1,113,14,14,5
81630,14,44,84538.635135,86591.459639,1,115,9,9,2.82
81631,1,26,7272.240434,7412.97417,2,116,2,2,0.18
81633,51,51,23134.121482,23078.346917,2,114,15,7,3
81634,14,50,63010.7325,64077.601881,1,104,15,15,5
81635,5,60,17328.638712,18450.618873,1,111,14,14,3.36
81636,79,79,48193.224809,48904.257128,2,104,15,14,5
81637,5,31,12383.790015,12541.48387,1,112,10,10,2.5
81638,15,55,9715.015181,9777.119541,2,118,5,5,0.92
81639,13,37,12315.204418,12065.979254,1,112,6,6,0.98
81640,70,70,26555.322013,26706.992415,2,107,4,4,1.39
81641,9,32,10802.436595,10672.621129,1,114,5,5,0.73
81642,39,66,87214.688272,89450.860165,1,113,6,6,2.19
81643,50,50,16282.072418,16129.35733,1,104,5,5,1.07
81644,6,36,24100.399507,26315.545524,2,110,15,15,5
81645,52,66,19080.513571,18732.778041,2,106,15,15,5
81646,0,20,6749.307401,7005.381388,1,113,3,3,0.51
81647,36,36,80486.702648,84577.204383,2,109,15,15,5
81648,63,63,68874.921408,70625.800606,2,113,7,7,3.26
81649,19,50,24516.736046,25646.745396,2,109,10,10,3.28
81650,9,40,9493.757784,9719.385525,1,118,6,6,0.95
81651,2,28,21175.518195,21659.072187,2,113,6,6,1.02
81652,0,34,8063.917792,8405.419272,2,113,14,14,3.22
81654,67,67,87132.99368,87476.587521,1,111,9,9,3.87
81655,80,80,12560.417823,0,1,118,9,9,2.69
81656,14,36,11489.609626,11293.698028,2,110,1,1,0
81657,3,30,26894.596215,26834.876918,2,109,2,2,0.35
81658,2,34,12086.37238,12568.104427,2,108,14,14,3.22
81659,38,38,34268.31463,36294.422363,1,111,2,2,0.29
81660,80,80,54657.851659,55864.583635,1,113,5,5,1.91
81661,51,51,130706.442543,133479.750542,1,111,7,7,2.15
81662,33,30,24405.524176,24789.015137,1,109,6,6,1.02
81663,9,33,10003.34563,11048.542567,2,110,3,3,0.52
81664,51,51,94875.356842,96888.406703,1,109,9,9,3.87
81665,36,36,28043.414805,29498.246035,1,105,15,15,5
81667,19,35,12576.606389,12639.701852,1,104,8,8,1.58
81668,21,43,20846.836154,21079.18217,1,112,4,4,0.92
81669,39,39,31643.405757,33251.589493,2,113,6,6,1.91
81671,65,60,11213.688287,11243.678419,2,116,7,7,1.82
81672,33,33,38819.51849,41114.715305,1,110,3,3,0.51
81673,2,25,14129.290822,15709.00011,1,115,5,5,0.93
81674,74,74,49462.443112,50163.085253,1,114,5,5,1.91
81675,74,74,40304.165635,42860.137522,1,104,7,7,3.48
81676,14,32,9831.770326,9837.392138,2,106,3,3,0.2
81677,60,58,13773.520104,13709.667128,2,106,14,14,3.35
81678,17,48,12443.701173,12626.289569,2,114,4,4,0.67
81679,36,36,53832.413678,55259.235586,1,110,15,15,5
81680,18,39,15848.607209,15573.094094,1,106,10,10,2.54
81681,42,45,42280.680232,42379.862916,1,106,14,14,3.61
81682,6,43,9093.778884,9174.785682,1,118,12,4,0.54
81683,20,20,87609.299166,91889.441524,1,110,5,5,1.42
81684,2,33,21607.213743,22623.41904,1,109,15,15,3.63
81685,12,36,51158.905236,52577.958819,1,116,15,15,5
81686,55,55,25479.456602,25712.248258,1,111,10,10,3.58
81687,13,64,11178.8162,11081.098922,2,118,6,6,0.68
81688,3,19,10626.104789,11135.126601,2,112,6,6,0.99
81689,18,52,25252.886202,27741.220038,2,115,5,5,1.27
81690,1,32,12012.569382,12952.340265,1,116,3,3,0.51
81691,9,46,34205.105036,34985.503555,2,106,15,15,5
81692,17,46,13758.120083,13479.694357,2,112,9,9,3.03
81693,7,32,10802.436595,10672.621129,1,114,5,5,0.73
81694,80,80,19240.979301,19860.088779,2,118,6,6,1.7
81695,36,36,31324.524395,31783.108047,1,115,7,7,2.51
81696,3,37,11204.381578,12089.132021,1,112,15,15,5
81697,25,25,87609.299166,89535.914318,1,110,9,9,4
81698,31,31,66377.817602,67504.943239,1,113,9,9,2.22
81699,19,52,15827.442689,16924.936233,1,110,9,9,3.8
81700,30,30,25813.54744,26658.125649,2,107,14,14,2.87
81701,52,80,18429.057976,18570.012916,1,107,6,6,1.33
81702,6,54,14819.77282,15696.301749,1,111,14,14,3.37
81703,63,73,9289.765852,9849.063063,1,114,5,5,1.29
81704,45,45,22317.481576,22263.675866,2,114,15,15,4.07
81705,9,41,56277.646589,57189.725748,1,105,14,14,4.84
81706,45,45,23568.774431,23511.951951,1,116,14,14,3.82
81708,38,38,87342.357816,91781.278214,2,107,1,1,0.01
81709,80,80,30889.060982,32044.666853,2,110,7,7,3
81710,3,41,22501.895901,23150.98817,2,118,15,15,5
81711,32,64,23015.093413,22727.81318,2,118,6,6,0.68
81712,66,57,12070.716173,12267.752511,2,104,9,9,3.81
81713,16,34,12249.515102,12001.619306,2,114,5,5,0.72
81714,58,52,26191.366955,26652.853011,2,111,15,15,5
81716,11,47,12057.535,12005.9316,1,107,6,6,0.7
81717,35,34,31650.077214,33716.462507,2,113,14,14,3.22
81718,1,23,40259.309097,43408.887282,2,111,3,3,0.61
81719,43,43,19248.050849,20427.465262,2,116,7,7,2.73
81720,11,38,18440.303374,18627.325496,2,109,10,10,3.28
81721,39,39,79129.900111,81126.018764,2,115,14,14,3.3
81722,47,47,28257.259105,28208.74972,1,108,15,15,5
81723,1,48,12403.571999,12809.402145,1,111,3,3,0.35
81724,10,29,7149.660449,7036.049085,2,114,4,4,0.57
81725,40,39,28499.026971,29677.412558,1,105,15,15,5
81726,80,62,20165.272633,20468.178861,1,106,9,9,2.94
81727,9,40,25521.878546,25917.89808,2,109,14,14,2.5
81728,4,40,15828.013802,16345.887618,1,111,9,9,2.18
81729,32,32,20218.270427,0,1,108,6,6,2.61
81730,11,35,11213.652828,11465.78302,1,118,7,7,1.27
81731,3,42,15610.350491,17355.647971,2,108,14,14,5
81732,13,56,12508.412403,12421.650156,2,108,5,5,0.48
81733,73,73,17232.594196,18694.820412,1,114,5,5,1.29
81734,10,56,15517.090988,16894.705201,1,107,14,14,3.5
81735,12,38,16605.003761,16316.341405,1,110,8,8,1.91
81736,76,76,74449.516168,81081.529412,2,115,14,14,4.84
81737,70,70,8013.95142,8722.069844,2,116,9,8,4.11
81738,15,34,16768.78472,16694.204932,1,110,7,7,1.38
81739,13,51,9716.809445,0,2,110,15,15,5
81740,21,25,33707.875732,34195.572947,1,106,5,5,1.23
81741,43,43,27163.766063,27098.276339,1,105,4,4,1.28
81742,63,63,102207.803512,103976.650222,1,110,15,15,5
81743,80,80,22688.051304,23188.95641,2,104,5,5,1.89
81744,5,25,13232.58011,14712.033677,1,113,7,7,1.2
81745,16,46,13273.281251,13644.078748,2,114,6,6,1.62
81746,8,39,9035.268878,9131.754747,1,116,15,15,3.72
81747,1,30,9448.509887,9584.929979,2,114,14,14,3.35
81748,22,54,38166.550337,38980.308658,1,115,6,6,1.33
81749,0,24,16146.161766,15554.879598,2,107,7,7,2.15
81750,22,24,48641.132726,50120.408423,2,109,5,5,0.84
81751,17,36,10201.862471,9901.276854,1,117,4,4,0.65
81752,41,41,15971.436848,16837.019913,2,118,15,15,3.63
81753,28,28,30226.348713,30317.947782,2,107,6,6,1.15
81754,16,77,11374.549738,11144.360784,2,114,5,5,0.75
81755,56,56,86160.282143,86892.504277,2,117,15,15,5
81756,2,33,40967.137249,55350.208564,2,113,14,14,3.56
81757,10,47,8456.866411,9198.403576,1,105,4,4,1.12
81758,14,18,14530.101452,14936.009015,2,114,15,15,3.58
81759,9,53,7852.361067,8013.078675,1,114,4,4,0.68
81760,36,40,33190.678689,36946.982577,2,112,5,5,0.45
81761,1,31,12124.082976,12549.841953,1,115,6,1,0
81763,61,61,21806.252495,23598.874019,2,114,6,6,1.23
81766,32,29,19974.560029,21481.388862,2,106,14,14,5
81767,57,57,115216.760244,0,1,116,9,9,4.79
81768,48,50,28942.366714,32523.988278,2,115,7,7,2.12
81769,4,49,12632.66485,14757.446212,1,115,14,14,3.4
81772,49,48,28134.725547,30056.222474,1,108,6,6,1.33
81773,20,47,35284.09332,34958.571472,1,107,8,8,2.76
81774,0,38,6912.228423,7625.101932,1,113,6,6,0.66
81775,17,48,91849.551527,91194.931481,2,113,15,15,5
81776,22,22,49125.624802,52578.536806,1,113,2,2,0.33
81777,63,63,71856.588776,74364.155236,2,105,10,10,5
81778,18,40,15214.137396,15437.376841,1,115,5,5,0.85
81779,63,68,8234.899235,8824.350922,1,118,2,2,0.58
81780,22,49,43961.357135,45949.126018,1,107,7,7,1.27
81781,50,50,32512.69383,32536.274808,1,106,5,5,0.74
81782,17,73,7782.024566,7618.40388,1,118,5,5,1.27
81783,44,44,27163.766063,27098.276339,1,105,15,15,5
81784,53,32,22496.65585,22215.228559,2,114,6,6,1.24
81785,70,70,15174.746412,15877.769625,1,109,3,3,0.51
81786,1,38,12537.162819,13553.0267,2,107,7,7,1.5
81787,34,34,17707.740488,18659.903562,1,112,7,7,0.98
81789,39,72,12489.441121,12919.199502,2,104,3,3,0.76
81790,8,49,9074.380288,10024.915247,1,117,15,15,5
81791,1,62,29405.230103,31513.449252,2,112,15,15,4.84
81792,49,38,35584.711524,0,1,113,4,4,1.19
81793,4,34,13794.832347,14246.182881,1,114,3,3,0.44
81794,80,80,46701.959733,49508.41469,2,110,15,15,5
81795,50,50,36104.726132,36440.763817,2,109,10,10,3.28
81796,8,28,9026.243656,8917.773125,1,112,3,3,0.71
81797,74,57,50448.905184,50947.970209,2,115,7,7,1.68
81798,71,71,15614.822094,16345.917407,2,104,5,5,1.8
81799,10,44,10808.325823,13040.30998,2,108,3,3,0.83
81800,7,26,8424.955223,8291.078844,1,108,1,1,0.02
81801,53,57,14514.870818,14649.965142,2,104,15,15,4.16
81802,30,30,19009.30117,20310.780699,2,110,15,14,5
81803,18,18,8098.694589,8335.812244,1,117,1,1,0
81804,14,56,17314.034927,17063.817193,1,115,15,15,5
81805,21,45,19370.330115,20139.245568,1,118,5,5,0.63
81806,32,39,14303.505065,14898.925762,2,118,10,10,2.73
81808,18,47,12004.839933,12926.90371,2,104,14,14,2.87
81809,40,40,24140.092615,25380.919275,2,106,15,15,5
81810,11,30,10926.630592,10753.00145,2,115,8,8,1.43
81811,2,26,8958.935679,0,1,118,6,6,1.27
81812,64,67,72060.770917,71465.389494,1,111,9,9,3.87
81813,63,71,15333.439922,15467.691749,1,114,9,9,3.07
81814,67,67,106091.973547,109949.858936,1,112,15,15,5
81815,75,74,12910.61342,13274.909784,1,118,3,3,0.93
81816,51,51,31940.405419,35169.468454,2,112,3,3,1.24
81817,6,29,7288.950827,7693.131767,1,112,8,8,2.46
81819,34,34,24402.454499,25666.418826,1,106,4,4,0.68
81820,65,76,9993.431802,10104.384272,2,114,7,5,1.85
81821,0,19,10271.431159,10411.432032,2,115,5,5,1.46
81822,51,60,16331.577479,16381.119237,1,115,9,9,2.65
81823,64,64,82891.798754,83570.611399,1,110,3,3,1.04
81824,78,76,70084.59231,70496.991718,1,115,6,6,1.92
81825,44,44,25694.226554,26501.89499,1,110,5,5,1.42
81826,69,69,11887.518679,12547.208773,2,105,7,7,3.43
81827,73,73,64710.280077,66463.670945,1,105,15,15,5
81828,45,45,30096.899681,29814.610635,1,107,14,14,4.12
81829,43,43,29231.64735,29818.010578,1,108,7,7,2.2
81830,39,39,67692.266015,74069.153688,2,106,5,5,1.97
81831,72,72,22991.864895,24372.775512,2,105,7,7,1.77
81833,72,72,57271.428651,58116.398808,1,104,15,15,5
81834,33,33,14740.619841,16337.292211,2,114,8,8,2.1
81836,36,37,27251.583351,26767.700622,2,112,14,14,2.66
81837,34,34,25811.706898,26666.612529,2,106,4,4,1.08
81838,5,52,9940.878884,10301.998037,1,105,9,9,2.45
81840,6,38,16344.83805,17285.504654,1,111,15,15,4.35
81841,11,38,53672.348266,54373.8,1,116,15,15,5
81842,73,73,73008.27357,72640.725486,2,113,7,7,1.77
81843,19,46,54114.052475,58071.991591,2,112,15,15,3.13
81844,25,54,22913.01841,23168.392823,2,106,10,10,3.28
81845,75,75,17787.940939,18079.599799,2,116,5,5,1.37
81846,19,47,9715.015181,9834.057254,1,118,2,2,0.28
81847,38,38,26078.534237,27403.899621,1,114,7,7,1.59
81848,22,45,89514.433218,92985.705724,2,113,15,1,0.09
81849,44,44,23740.860441,24824.629345,2,106,5,5,0.82
81850,67,67,11818.414076,12317.16994,2,111,14,14,3.35
81851,73,63,73281.215672,74482.766537,2,116,5,5,1.38
81853,17,50,6737.44118,6686.525079,2,118,8,8,1.81
81854,38,38,29942.436352,31552.471368,1,115,2,2,0.34
81855,27,60,35293.793964,37129.125621,2,111,4,4,0.99
81856,7,38,15320.947624,15567.720332,1,105,15,15,5
81857,5,35,16280.757542,17070.539003,1,106,7,7,1.52
81858,22,23,32438.785665,32427.200036,1,114,6,6,1.64
81859,0,29,8174.61401,8556.562696,2,115,3,3,0.61
81860,21,52,76525.628467,77376.794692,2,105,15,15,4.86
81861,14,51,70587.862411,74912.225597,1,114,15,15,5
81862,20,20,34981.270686,0,2,108,2,2,0.69
81863,56,56,30851.589169,31735.96965,2,116,5,5,1.27
81864,17,46,14774.357493,15854.964189,1,110,6,6,1.09
81865,42,42,27163.766063,27098.276339,1,105,14,14,4.1
81866,53,53,19675.002749,21942.55195,2,105,3,3,0.86
81867,57,56,25581.127961,25253.054474,1,111,7,7,2.42
81868,2,30,9950.25343,11152.02782,2,104,9,9,1.97
81869,9,57,16353.082625,16695.239896,2,107,6,6,0.83
81870,37,40,66919.830503,0,1,117,15,15,5
81871,80,80,36855.990798,37848.533327,2,113,7,7,3
81872,80,80,36117.581178,38107.075217,1,110,6,6,2.18
81873,62,62,15005.09845,0,2,106,15,15,5
81874,3,40,20317.570703,21907.060908,1,116,6,6,1.23
81875,70,70,12261.350101,12536.216979,1,111,4,4,1.01
81876,9,25,7300.127225,7340.454355,2,105,4,4,0.47
81877,44,44,19368.660457,19186.995211,1,118,15,15,5
81878,7,46,10172.677142,10744.901381,1,110,15,15,5
81879,73,73,65801.208454,64683.214889,2,113,7,7,2.48
81880,8,37,14322.881933,14258.168085,1,111,7,7,1.27
81881,9,35,22016.310851,22239.60095,1,109,14,14,2.9
81882,36,30,31037.587633,30793.443824,2,117,1,1,0.03
81883,19,44,22881.402127,22860.238597,2,107,7,7,0.88
81884,6,34,17813.90838,18553.287243,1,113,1,1,0.03
81886,47,47,36123.437189,35660.160432,1,106,15,15,4.67
81887,80,80,13527.53888,15087.461809,2,110,3,3,1.03
81888,0,45,9296.818359,10045.76826,2,108,9,9,2.52
81889,20,38,39598.901051,39584.75816,1,115,2,2,0.34
81890,67,67,8144.643893,8377.255002,2,106,3,3,0.35
81891,28,28,29840.021727,32178.452254,1,104,15,15,5
81892,16,34,50772.674313,50410.812879,2,113,5,5,1.01
81893,30,30,18735.365254,19152.945714,2,105,8,8,2.32
81894,32,33,23731.728027,23310.344316,2,114,6,6,1.04
81895,64,64,17833.992838,17676.243177,1,115,7,7,1.79
81896,80,64,40357.595561,41444.437323,2,115,5,5,1.27
81897,12,28,15540.817597,15977.238484,2,113,4,4,0.5
81898,29,29,20631.948782,23233.605937,2,118,6,6,1.27
81899,55,55,26556.369566,26215.788776,1,107,8,8,1.81
81900,54,54,29756.246062,32764.498241,1,113,3,3,1.13
81901,0,25,9573.78709,9506.251775,1,105,4,4,0.92
81903,30,27,18848.932866,19174.115807,1,115,14,14,5
81904,47,42,18390.287601,19229.803165,2,104,10,10,2.19
81905,15,62,15109.865369,15005.058634,1,106,9,9,2.94
81906,8,42,11149.63659,12139.506266,2,110,14,14,3.22
81907,13,34,16999.879512,18658.747665,2,108,6,6,1.07
81908,2,21,23429.958807,26049.5187,2,108,6,6,1.65
81909,18,37,11847.881548,12879.175266,1,104,6,6,1.06
81910,30,40,46653.459092,47210.306928,1,117,9,9,2.55
81911,13,45,11734.274341,11652.881757,2,114,15,15,4.07
81913,18,18,13236.699487,13817.095122,1,117,1,1,0
81914,15,37,9277.511363,11875.919961,2,106,15,15,4.61
81915,6,38,8029.959986,9199.053887,1,117,15,15,5
81916,6,38,15186.4857,15342.01561,1,107,5,5,1.07
81917,14,45,8395.163646,8449.373107,1,118,5,5,0.56
81918,19,19,14273.843709,0,2,108,2,2,0.77
81919,45,45,78437.239283,81499.929137,1,116,6,6,1.54
81920,50,42,73247.232253,74403.896648,1,117,15,15,5
81921,14,38,11857.377669,12556.615704,1,110,2,2,0.18
81922,9,29,20674.67068,20944.870962,1,109,7,7,1.07
81923,35,35,19725.408052,20786.063147,1,114,7,5,1.74
81924,10,46,14395.704461,14330.661585,1,109,6,6,0.76
81925,23,50,18455.162152,18722.177826,2,118,8,8,1.81
81926,12,36,33299.901335,33959.391697,2,109,7,7,1.77
81927,5,46,17730.755729,18510.400977,2,107,8,8,1.65
81928,2,27,10877.618237,11405.292776,1,109,8,8,1.03
81929,15,51,17677.368666,17687.476596,2,107,7,7,1.05
81930,18,18,18353.718625,17951.174384,1,109,6,6,0.89
81931,6,44,35629.29315,35994.184731,2,107,15,15,4.3
81932,24,28,29714.585994,29703.973323,1,108,8,8,2.3
81933,80,80,28385.263622,29712.177282,1,109,2,2,0.73
81934,61,61,24204.333724,24152.730588,1,106,9,9,3.87
81935,47,47,16588.092887,16821.308425,1,112,2,2,0.54
81937,15,31,19785.021761,0,1,111,14,14,2.11
81938,34,34,75055.816822,0,1,116,14,14,4.61
81939,5,19,14348.506532,14981.884573,1,110,3,3,0.55
81941,17,37,18928.363375,18513.215697,2,113,7,7,1.09
81942,22,55,117143.339668,123848.289224,1,105,6,6,1.46
81943,13,44,9127.916066,9619.566433,1,107,15,15,5
81944,32,31,25948.442723,25487.698731,1,116,9,9,3.87
81945,53,57,12810.33017,13340.015216,2,106,14,14,3.22
81947,0,77,3697.772098,4024.45857,2,117,7,7,1.68
81949,47,47,18761.570983,18520.957121,2,104,14,14,2.87
81950,52,52,24460.262555,24401.290767,1,110,9,9,3.8
81951,14,62,14572.982363,15814.069249,1,107,15,15,3.79
81952,56,56,74056.830092,74686.192587,1,118,10,10,3.54
81953,22,22,72065.026736,76143.618186,2,116,7,7,2.12
81954,23,23,91341.479585,92357.437036,2,109,14,14,4.77
81955,26,26,22734.033093,23218.750953,1,112,9,9,5
81956,35,35,34093.594033,36109.371443,1,108,14,14,2.85
81957,49,49,40357.633076,40260.333966,2,115,10,10,3.49
81958,2,48,12860.662704,13160.027582,2,106,7,7,1.82
81959,77,69,49828.68437,48982.071522,1,117,15,15,5
81960,17,47,12287.007439,12028.667394,1,104,15,15,5
81961,13,41,16865.102185,18052.003955,1,112,6,6,0.91
81962,38,65,52644.889015,55728.705665,1,114,5,5,0.65
81963,3,44,10701.576169,11862.288744,1,111,8,8,2.02
81964,0,20,7441.252755,7629.339192,1,115,15,15,5
81965,42,42,23804.112983,24172.112222,2,115,5,5,2.11
81966,31,32,17694.272145,18430.842364,1,107,14,14,3.45
81967,30,30,25641.155477,28444.37728,2,108,1,1,0.39
81968,26,26,42790.753381,45798.4038,1,113,2,2,0.25
81969,58,58,12326.811131,13140.406698,1,118,7,7,2.05
81970,53,53,26887.246053,27426.582485,1,114,4,4,0.68
81971,30,30,48022.59627,51529.11182,2,118,8,6,2.23
81972,6,40,13965.216414,0,1,109,6,6,1.27
81974,41,41,125347.223976,128477.102149,1,105,15,15,5
81975,48,48,91249.402337,90888.601395,2,113,6,6,2.74
81976,6,44,29357.00911,29916.297777,1,113,3,3,0.51
81977,16,42,12957.741253,13116.517781,1,112,5,5,0.93
81978,63,63,72183.784616,72661.365594,1,105,8,8,3.09
81979,53,53,22404.706434,22350.690432,2,117,15,15,5
81980,38,38,84120.656677,86239.251688,1,110,15,3,1.04
81981,3,30,18486.185604,19222.997921,1,108,14,14,4.25
81982,55,55,24323.642595,24557.86601,2,116,5,5,0.84
81983,72,72,15686.66127,16229.539821,1,104,15,15,5
81984,6,51,5524.328762,5574.874172,2,118,15,15,4.04
81985,21,48,79090.127394,80005.283515,2,115,15,15,5
81987,80,41,11485.944427,13316.80503,2,118,7,7,1.14
81988,65,65,146837.516125,150846.94973,2,115,3,3,0.93
81989,46,46,20425.105605,20473.019139,2,117,3,3,0.76
81990,3,43,49505.780981,68969.234139,1,105,15,15,3.96
81991,12,35,12576.606389,12639.701852,1,104,8,8,1.58
81992,51,53,11424.573379,11459.229765,2,118,14,14,3.35
81993,43,43,16862.884248,17618.316778,2,104,15,15,4.19
81994,80,80,37442.300964,40901.766918,2,116,9,6,2.61
81997,80,76,11173.365403,11591.377679,1,116,5,5,1.02
81999,3,33,8849.325224,9020.578995,1,108,8,8,1.29
82000,6,32,28873.832513,31527.720266,1,110,14,14,3.26
82001,50,50,64029.584493,64573.731725,2,110,9,9,2.52
82002,28,30,111249.667369,113696.157603,1,105,15,15,5
82003,22,26,83694.810893,84087.051575,1,109,15,15,5
82004,1,24,7272.240434,7412.97417,2,116,6,6,0.78
82005,68,68,14746.098191,15588.414062,1,117,6,6,1.61
82006,46,46,25617.122363,26343.269706,1,108,8,6,2.18
82007,55,55,38441.864976,41029.748777,1,113,5,5,1.29
82008,9,29,11597.636944,11796.465376,2,114,2,1,0
82009,8,19,25027.732439,0,1,115,3,3,0.43
82010,36,69,107737.369017,0,1,105,15,15,5
82011,31,35,49904.10011,52505.753206,1,108,14,14,2.85
82012,71,71,65674.371421,69839.247293,2,109,8,8,3.18
82014,12,45,33997.724063,35206.351058,1,113,6,6,1.28
82015,70,70,17249.013665,0,1,106,8,8,1.36
82016,3,31,52892.13288,58805.677631,1,115,14,14,3.82
82017,18,45,26714.008621,27362.696305,2,108,6,6,0.88
82018,11,36,10801.905474,11878.745479,1,108,5,5,0.85
82019,62,58,10245.07186,10162.712234,2,108,14,14,4.77
82020,41,40,114235.606176,120897.048533,1,113,14,14,3.82
82021,53,53,27061.038755,27308.280449,1,113,14,14,5
82022,10,32,11157.799156,11862.388311,2,110,5,5,1.06
82023,41,44,20205.312253,20144.147319,2,107,7,7,0.88
82025,78,80,61455.600029,63120.80203,1,110,14,14,5
82026,68,72,10631.757338,10546.289167,1,112,8,8,2.3
82027,80,80,42907.110924,43854.410922,2,113,6,6,2.57
82028,46,46,31042.727571,30989.436358,1,115,8,8,2.25
82029,6,25,14622.397294,16088.347713,2,113,6,6,1.59
82030,3,39,7600.18931,7978.413325,2,104,14,14,3.44
82031,80,80,31920.554865,35035.387637,2,116,5,5,1.46
82032,8,56,7952.703234,7826.331154,2,108,5,5,0.48
82033,7,30,10596.022096,11525.130326,2,111,2,2,0.41
82034,13,37,17622.8555,23055.430706,2,110,6,6,1.43
82035,1,24,9046.817879,0,2,110,3,3,0.52
82036,17,43,20060.611218,20122.070777,2,107,7,7,1.19
82037,43,43,18940.060478,18762.415216,2,118,6,6,0.95
82038,0,32,16785.472439,18516.595587,2,115,15,15,5
82039,25,25,37970.43438,39136.374185,2,104,5,3,1.2
82040,7,28,10090.118698,10356.600602,1,106,2,2,0.4
82041,66,66,33842.702091,34703.022247,1,113,7,7,1.01
82042,17,40,14117.9641,15495.611572,1,114,5,5,1.55
82043,57,63,16679.129269,17485.411714,2,106,10,10,4.13
82044,9,54,11495.790901,11518.094922,1,110,15,15,3.53
82045,6,45,10291.226266,10685.084335,2,110,1,1,0.14
82046,80,80,31612.099496,33353.414431,2,110,14,14,5
82047,64,64,18603.251124,18992.273404,1,114,5,5,1.29
82048,6,25,7350.047005,7544.163109,2,110,2,2,0.34
82049,15,58,16347.70089,16102.092991,2,116,7,7,1.68
82051,42,42,30505.806561,30219.682238,1,105,15,15,4.88
82053,43,44,91249.402337,91825.174914,2,113,15,15,5
82054,8,67,15897.641436,17944.935435,1,109,2,2,0.19
82056,76,76,9071.78302,9082.399036,1,108,6,6,1.54
82057,36,36,30423.716532,30210.128631,1,110,6,6,1.72
82058,34,34,18144.630535,19257.597646,1,117,15,15,5
82059,29,57,23123.861298,25906.049575,2,110,15,15,5
82060,25,66,25266.946106,25257.921926,2,117,6,6,1.91
82062,54,54,20545.181159,20509.911139,2,114,3,3,0.83
82064,6,38,8374.920348,8563.223865,1,118,7,7,1.09
82065,3,42,23439.873852,26635.637555,2,115,5,1,0
82066,15,35,22375.112451,23061.604465,2,112,6,6,0.9
82067,56,56,25713.427662,27472.013896,1,114,2,2,0.76
82068,44,44,36021.238135,36550.273043,1,109,6,6,2.26
82069,10,43,8563.389988,8620.906955,2,110,8,8,2.53
82070,18,50,64335.724934,65854.033382,2,107,15,15,5
82071,16,54,29527.061308,30976.911469,1,108,7,7,1.78
82072,14,65,26498.191108,26309.336108,1,106,6,6,0.67
82073,19,19,33997.724063,35206.351058,2,115,6,6,1.54
82074,1,27,29327.015008,34363.036263,1,108,5,5,1.23
82075,26,25,70487.254122,71302.865933,2,112,9,9,3.5
82076,5,30,11933.069826,12434.002878,2,107,14,14,2.87
82077,40,40,15971.436848,16217.528126,2,118,14,14,4.35
82078,8,32,17999.470185,18182.021363,1,115,6,6,1.05
82079,29,29,28116.619731,29033.575469,2,114,10,10,3.28
82080,2,45,15017.337515,17064.782925,2,108,6,6,0.88
82081,0,19,9527.26007,9804.784802,1,106,4,4,0.54
82082,2,41,7958.259653,9296.818222,1,109,15,15,3.17
82083,57,57,139870.360101,142774.787224,1,105,15,15,5
82084,1,30,32959.083863,32885.898406,2,112,10,10,3.44
82085,54,54,34499.864665,34416.688179,2,109,10,10,2.73
82086,21,21,22166.491882,23458.783777,2,109,3,3,0.86
82087,47,44,121947.255605,129058.388823,1,115,9,9,2.82
82088,19,19,14110.144432,14868.861193,1,112,3,3,0.51
82089,25,25,28812.543072,31094.346024,1,116,2,2,0.61
82090,48,48,13087.433,12956.933998,2,117,7,7,1.47
82091,69,69,18497.855373,18956.936963,2,110,6,6,1.91
82092,62,62,10113.37557,0,2,110,3,3,1.2
82093,36,36,18218.321637,18845.209289,1,112,3,3,0.77
82094,27,53,42359.459875,0,2,118,7,7,2.42
82095,40,40,38341.285238,38275.464552,2,111,10,10,3.28
82096,16,35,12205.936631,12121.27245,1,110,7,7,1.27
82098,64,64,19352.298753,19052.921436,2,109,5,5,1.51
82099,54,54,33115.430924,34910.141813,1,105,2,2,0.78
82100,5,58,7365.691277,7960.545524,2,118,8,8,1.4
82101,0,33,15240.412881,14725.734642,2,107,9,9,3.03
82102,56,47,21016.577389,21698.385951,1,106,8,8,1.22
82104,17,46,48360.47247,49253.444509,1,104,15,15,4.64
82105,49,66,24699.368843,24582.080171,2,110,6,6,1.62
82106,33,38,38574.480424,40209.06093,1,107,7,7,1.27
82107,43,43,91507.898383,96103.750883,1,109,9,9,2.55
82108,61,61,12696.86367,12553.311095,2,114,8,8,2.68
82109,19,19,33997.724063,36323.503942,1,113,5,2,0.7
82110,27,26,31174.074739,33010.396819,1,113,2,2,0.25
82111,25,25,107509.123719,112385.696994,2,107,15,15,5
82112,37,44,86688.344802,88875.131615,2,113,15,15,4.19
82113,69,69,27993.628502,29327.063772,2,111,4,4,1.29
82114,14,46,17591.104692,17235.110119,1,115,8,8,2.25
82115,39,52,18368.870223,19326.495507,2,109,4,4,0.47
82116,18,56,10813.424761,10625.443553,2,110,6,6,1.52
82117,20,20,56883.157199,60158.923696,2,111,5,5,1.27
82118,7,19,19898.475195,20587.342996,1,111,14,14,2.66
82119,9,58,10275.616458,10166.138628,2,116,7,7,1.68
82121,5,37,10003.826222,10874.804004,2,117,5,5,0.73
82122,12,36,50563.80509,50517.037476,2,107,14,14,2.66
82123,15,38,31119.665526,34452.262685,1,113,6,6,0.9
82124,26,26,36093.699481,39790.373547,1,115,3,3,1.13
82125,69,69,61916.298956,62080.441339,2,117,12,5,1.71
82126,56,56,14108.454435,13927.515977,2,104,15,15,5
82127,30,32,20635.077718,21302.467406,1,104,15,15,5
82128,22,24,69766.055661,69347.614452,2,110,15,7,3.43
82129,1,23,19498.420092,19349.824566,2,109,5,5,0.86
82130,67,67,21832.758725,21946.543317,1,115,2,2,0.7
82131,73,73,11892.416503,12149.064157,2,117,1,1,0.04
82132,8,38,9846.408943,9946.271524,1,118,5,5,0.63
82133,61,61,104098.620975,104787.356284,1,105,14,14,5
82134,38,38,18848.441459,18716.117092,2,104,9,9,3.18
82136,0,46,9404.604721,9223.094027,2,112,10,10,2.94
82137,17,49,23211.14723,22702.067091,2,107,6,6,1.26
82138,61,61,10631.757338,11014.26089,1,112,9,9,3.95
82140,24,24,22993.294873,23483.540516,2,114,9,4,1.54
82141,12,52,6869.57837,7165.099364,1,117,8,8,3.09
82142,10,40,42374.763123,42808.737331,2,115,6,6,1.26
82143,73,73,53906.436745,54701.760545,1,105,15,15,5
82144,50,50,117939.178644,130238.992335,1,113,2,2,0.74
82145,8,32,33321.992776,36486.571408,1,110,14,14,3.26
82146,7,28,14336.567719,14481.969628,1,106,10,10,2.22
82147,56,56,24019.668668,23978.433977,2,108,15,15,3.24
82148,35,35,15556.614752,16134.615238,1,112,14,14,5
82149,25,53,22145.908326,23450.422439,1,107,7,7,0.93
82150,0,45,14736.762475,15331.801501,1,110,8,8,1.36
82151,23,23,26658.585418,26412.640257,1,114,6,6,1.64
82152,53,49,19125.968907,20996.586977,2,117,4,1,0.34
82153,53,53,13714.192671,15398.473141,1,118,6,6,0.88
82154,12,49,44029.557521,48744.671769,1,110,15,15,3.96
82155,3,29,21260.419515,21873.700014,1,109,7,7,1.07
82156,10,39,8662.610109,0,1,114,6,6,1.74
82157,25,25,88325.019537,89307.42602,1,110,9,9,4
82158,61,61,126388.176554,129139.820449,2,109,15,15,5
82160,60,60,11603.054466,12000.902355,2,116,6,6,1.91
82161,39,40,41542.563492,40657.713126,1,111,15,15,5
82162,68,68,74605.300088,75723.699771,2,107,15,15,3.89
82163,51,61,128738.788959,137405.408718,1,109,7,7,2.58
82164,40,26,27341.960646,27746.428876,2,116,2,2,0.18
82165,44,33,34445.114122,35157.20866,1,111,6,6,1.16
82166,6,46,9563.104901,9411.142804,2,115,1,1,0.07
82167,70,70,37916.229308,38475.637079,2,105,15,15,5
82170,62,63,12927.190011,12918.516384,2,104,15,15,5
82171,64,59,18603.251124,18992.273404,1,114,5,5,1.29
82172,29,29,107424.70843,109993.386173,2,107,7,7,3.54
82173,63,67,98365.270632,97552.555835,1,116,8,8,3.22
82174,10,36,10137.840115,10751.575605,2,110,1,1,0
82175,9,35,41489.671204,42162.084972,2,116,6,6,0.9
82176,57,57,26052.931107,25990.119519,1,115,10,10,4.19
82177,80,80,28354.925843,28980.943783,1,115,4,4,1.16
82179,16,57,8516.234079,8995.219578,2,106,14,14,3.22
82180,4,28,17413.008276,18257.715353,1,106,10,10,2.22
82181,60,80,99668.892422,108089.106326,1,105,10,10,4.51
82182,66,66,74723.297588,76499.014677,1,104,15,15,5
82183,2,42,7051.456179,7359.692712,1,117,15,15,2.81
82184,72,72,16572.904941,16566.672029,2,109,3,3,1.2
82185,1,38,13891.728172,15017.350061,2,109,6,6,1
82186,6,28,9140.149336,8994.908196,2,116,2,2,0.29
82187,18,43,99162.059041,105935.830057,1,113,5,5,1.02
82188,42,42,130918.211708,134187.195578,1,105,6,6,1.15
82189,30,30,19882.257836,21101.808656,1,112,15,15,5
82190,45,45,15816.48206,16629.466206,2,118,9,9,2.15
82191,76,76,71587.176787,75850.397601,2,112,4,4,1.46
82192,53,63,21575.892961,22560.831224,1,105,15,15,5
82193,16,36,13111.211704,12724.90561,2,105,8,8,1.63
82194,23,23,50073.335132,55836.080941,2,111,2,2,0.35
82196,7,27,7453.149892,8106.67655,1,110,5,5,1.02
82197,46,46,22447.984931,23637.970809,2,105,8,8,3.18
82199,19,51,12091.856435,11881.650896,1,117,10,10,2.97
82200,31,64,72248.373076,74749.83476,1,111,10,10,3.58
82201,80,80,15109.532961,16175.175312,2,106,5,5,1.53
82202,10,34,39492.886303,40009.024585,2,113,5,5,1.01
82203,0,25,10611.232242,11039.69116,1,113,1,1,0.15
82204,80,80,22873.533486,24133.494897,1,112,6,6,2.79
82205,43,43,101419.954507,105380.036076,2,108,15,15,4.3
82206,5,37,38077.580528,53047.977727,1,104,15,15,5
82207,37,37,52754.376122,55844.606276,2,114,15,15,4.19
82208,1,36,19993.545294,19949.149741,2,106,10,10,2.58
82209,34,34,32133.315954,34915.988161,2,111,7,7,2.23
82210,8,42,58778.875326,61524.663585,1,105,6,6,1.15
82211,54,54,115530.553375,117981.86183,1,107,15,15,5
82212,80,80,34001.764908,35537.506908,2,109,3,3,1.03
82213,46,46,59034.613787,60508.688308,2,110,15,15,3.67
82214,9,46,14062.121024,14145.85703,1,107,6,6,1.27
82215,9,30,12054.099375,11909.242377,2,115,8,8,1.43
82216,52,52,70413.346349,69719.620792,1,114,15,15,4.06
82217,23,60,32950.821265,0,2,114,6,6,1.05
82218,15,37,64145.115562,65702.730786,1,105,9,9,2.18
82219,49,46,25421.993341,26245.199186,1,104,12,7,3.48
82220,9,34,19880.134147,20763.230173,1,113,1,1,0.03
82221,44,44,100857.701196,103376.084193,2,113,15,15,4.19
82222,3,43,18951.719215,19114.2834,1,114,8,8,2.56
82223,27,27,51877.119096,54864.599697,1,111,14,14,5
82224,20,21,36550.650062,40112.544984,1,109,8,8,1.52
82225,55,55,25581.127961,26109.974562,1,111,15,7,3.48
82227,79,79,51836.76364,53241.333484,2,105,15,15,5
82228,12,47,74391.088281,74253.900471,1,105,9,9,2.59
82229,16,28,24575.036742,24399.888236,2,105,6,6,1.2
82230,60,60,14169.219207,16153.091113,1,118,6,6,2.74
82231,53,53,22232.599185,22013.559428,2,112,3,3,0.61
82232,15,32,19684.546476,19252.813759,1,111,10,10,2.36
82233,47,47,33625.298298,34682.270845,1,105,4,4,1.12
82234,1,36,10726.953528,10881.832129,1,115,14,14,3.27
82235,73,73,55926.378458,59256.954009,2,109,3,3,1.08
82236,79,79,55434.790046,55310.448576,1,117,8,8,2.9
82237,4,45,8244.929984,8639.886488,1,112,9,9,1.37
82238,66,66,18497.855373,18532.246838,2,116,7,7,2.54
82239,10,48,13016.196574,14350.329825,1,116,15,15,5
82240,17,43,75915.722701,77759.159794,2,115,14,14,3.56
82241,47,50,85580.848244,86120.852937,1,104,15,15,5
82242,16,41,13780.250142,13919.209439,2,111,1,1,0.07
82243,32,27,60921.5407,62988.484406,1,105,10,3,1.04
82245,31,53,28701.919637,0,1,113,5,5,1.18
82246,17,56,80768.947361,86436.257299,1,109,7,7,2.1
82248,15,40,68544.325184,70208.765,1,113,14,14,3.82
82249,17,63,11847.881548,11752.593606,1,104,10,10,3.46
82250,19,41,19162.842037,18742.551639,2,112,9,9,1.45
82251,10,60,13992.827871,14134.74356,2,113,5,5,0.43
82252,40,40,22987.201815,22947.739565,1,116,6,6,0.94
82253,19,38,18728.403294,22496.126487,2,111,7,7,1.76
82254,77,71,73458.620483,73171.686528,1,116,7,7,2.58
82255,0,34,8780.896552,8505.369505,2,109,1,1,0.09
82256,6,57,23221.128738,23583.766112,2,109,7,7,1.43
82257,25,25,29180.275988,30605.875057,1,113,7,7,1.2
82258,50,58,14309.982874,14901.675973,2,118,8,8,1.4
82259,20,57,31852.782377,33687.108783,2,118,2,2,0.3
82260,9,40,43362.518851,43806.608998,2,107,8,8,1.39
82261,42,26,24815.783429,26603.185931,1,113,3,3,0.35
82262,1,32,12956.421065,13526.132378,1,106,5,5,0.76
82263,9,40,9890.800245,10124.73438,1,116,7,7,1.31
82264,5,30,12248.185092,12648.931163,1,108,6,6,1.23
82265,8,37,39849.768852,40257.883744,1,110,15,15,5
82267,6,44,19758.073494,20141.330186,2,107,7,7,0.88
82268,4,43,51338.582388,52533.619442,2,109,14,14,2.94
82269,23,43,23089.077067,24470.966262,1,118,12,4,0.54
82270,49,48,12111.45122,12138.61661,2,117,7,7,1.47
82271,23,36,28345.1182,28918.274603,2,112,6,2,0.69
82272,0,36,7976.975589,8038.205332,1,111,14,14,3.45
82273,1,28,30350.27055,31225.757933,2,109,8,8,1.72
82274,5,51,12208.265818,13271.171956,1,104,15,15,5
82275,42,42,13186.580219,13614.372202,2,117,6,6,1.62
82276,51,51,15511.614249,0,2,107,4,4,1.04
82277,71,71,28991.413193,32111.299066,2,108,7,7,3.26
82278,20,20,104175.047833,110248.384596,1,113,5,5,1.74
82280,6,62,22451.590142,22963.829109,1,106,6,6,1.44
82281,41,38,29088.582634,28724.692059,2,111,6,6,0.78
82282,34,34,16076.488044,18428.509904,2,115,6,6,0.9
82284,8,47,53244.989476,55888.271099,1,110,15,15,5
82285,57,63,152364.716013,155528.590142,1,113,7,7,2.71
82286,14,41,74262.292695,76540.738043,2,108,15,15,3.13
82287,19,48,14636.673397,14645.042657,1,111,3,3,0.35
82288,55,55,35337.37471,37215.115252,1,113,5,5,1.29
82289,0,23,6352.822374,6401.585426,2,111,14,14,4.14
82290,43,43,37881.938466,42534.331112,1,107,7,7,2.05
82291,62,64,97280.67308,97761.081473,1,110,14,14,5
82292,3,37,38077.580528,0,1,104,15,15,5
82293,4,42,7776.119618,10782.833443,2,104,10,10,2.51
82294,8,40,9459.843176,10346.737549,2,111,2,2,0.16
82295,80,80,38596.961709,40149.640465,2,109,5,5,1.38
82296,15,38,13065.165022,13839.550392,1,114,14,14,3.26
82297,3,40,8463.29696,8973.112116,2,110,3,3,0.66
82298,44,45,22523.654033,23210.424643,2,106,1,1,0.17
82299,8,34,13355.718826,13635.161938,1,106,6,6,0.76
82300,80,80,33436.653289,34337.112067,1,116,5,5,1.74
82301,0,19,16610.119912,16373.297109,1,113,6,6,1.54
82302,16,35,25841.530979,27288.181037,2,107,8,8,1.13
82303,3,29,8663.319546,9116.877359,2,105,3,3,0.5
82304,7,33,11313.586066,14951.26072,1,108,14,14,2.97
82305,8,45,26305.81196,27717.519094,1,113,6,6,1.28
82307,73,73,91942.713137,91479.842746,1,113,6,6,1.77
82308,33,31,18368.870223,19326.495507,2,109,6,4,0.57
82309,23,52,36668.682115,39246.028117,2,116,2,2,0.29
82311,17,40,12175.316028,12090.864241,1,112,7,7,1.45
82312,33,33,69789.839038,81658.769799,2,116,5,5,1.27
82313,15,46,15752.903365,16608.323221,1,108,7,7,2.26
82314,13,40,24333.593814,24050.281592,2,109,4,4,0.67
82315,23,23,107424.70843,111439.063561,2,107,9,9,2.31
82317,7,66,14966.443547,20222.237979,2,110,6,6,1.62
82318,27,27,24793.52611,25330.02151,1,112,1,1,0.02
82319,35,35,35269.471836,37354.772802,1,111,5,5,1.42
82320,28,28,102483.555727,103756.833807,2,112,14,14,4.3
82321,59,59,83815.417216,84419.041638,2,104,15,15,5
82322,41,41,14649.991286,0,1,109,15,15,3.17
82323,2,34,5688.53395,5798.619507,2,114,14,14,2.39
82324,6,28,15008.926543,16060.097923,2,113,4,4,0.5
82325,39,36,23241.03735,23613.70781,1,113,6,6,1.23
82326,10,38,43164.746157,43606.810848,2,107,8,8,2.05
82327,2,25,10767.18465,11145.293702,2,108,7,7,1.68
82328,2,21,5063.726564,5247.674952,2,105,2,2,0.45
82329,45,45,60253.020192,61757.517913,1,112,15,15,5
82330,51,52,22510.885149,22229.279852,2,114,15,15,5
82332,0,39,7723.86477,7456.724656,1,107,14,14,4.86
82333,10,32,8981.110868,9919.499876,1,104,12,4,0.97
82334,50,50,21326.598137,23784.494137,1,107,2,2,0.32
82335,52,52,113503.367236,114320.799241,2,115,9,9,3.5
82337,35,35,23672.33667,24875.414086,2,112,6,6,0.9
82338,31,29,30969.939728,31456.579223,1,110,6,6,1.27
82339,0,36,13575.111898,13970.548704,1,109,2,2,0.46
82341,16,39,11381.860397,12492.515665,2,105,3,3,0.42
82342,25,26,31887.24056,32927.166003,1,108,8,8,2.56
82343,66,80,75672.783338,77471.063912,2,106,15,15,5
82344,70,70,14449.771325,14922.941251,1,108,6,6,1.06
82346,51,51,21523.523119,21691.274527,2,114,7,7,2.02
82347,2,54,8865.640723,9295.713996,2,118,15,15,3.17
82348,29,29,26416.374968,26949.88843,2,106,14,14,5
82349,11,43,16797.48738,17647.423151,1,107,7,7,1.27
82350,7,27,13416.742906,13850.909874,1,108,8,4,0.64
82351,65,60,7505.601301,7822.349609,2,110,6,6,1.15
82352,0,20,7547.630674,7650.505811,1,114,4,4,0.57
82353,53,53,17815.935742,18781.4827,1,104,15,15,5
82354,57,55,73390.699536,74914.667432,1,105,14,14,2.27
82355,70,70,23816.902651,23568.021267,1,111,7,7,2.05
82356,63,63,18497.855373,18956.936963,2,116,8,8,3.18
82357,26,26,33697.855083,34266.746845,2,116,6,6,1.26
82358,13,39,17957.688424,19125.915867,2,115,4,4,0.91
82359,48,48,33302.047915,34520.876692,2,111,4,4,0.95
82360,51,51,107175.908858,108424.981072,1,104,15,15,5
82361,17,36,23211.14723,25091.403179,2,107,6,6,1.43
82362,7,28,8425.091267,8824.960254,2,118,4,4,0.47
82363,38,56,16811.715387,16943.295284,1,109,5,5,1.02
82364,0,21,12562.915934,13117.420712,2,108,6,6,1.65
82365,17,56,15388.940347,15756.011169,1,115,8,8,2.21
82366,6,33,18697.458154,19962.300784,2,107,6,6,1.3
82368,49,52,100974.214172,101480.71595,1,113,4,4,1.16
82369,37,37,17062.213691,17048.275627,2,106,6,6,1.18
82370,37,67,26122.702109,27527.34616,2,114,1,1,0.02
82371,6,48,17301.242051,17952.532069,2,115,6,6,1.04
82372,44,48,24192.767674,24345.421082,1,114,6,6,1.2
82373,16,44,54836.664416,56168.245512,2,107,15,15,4.3
82374,9,39,16118.596268,19961.616256,1,108,9,9,1.99
82375,49,44,23799.351911,24874.582745,1,111,8,8,2.02
82376,41,41,23728.003264,23670.796897,2,105,5,5,0.72
82377,19,61,14669.813966,15702.166494,2,114,6,6,1.36
82378,17,61,12003.538323,11890.653002,2,116,4,1,0
82380,44,43,100857.701196,108122.162863,2,113,14,14,4.55
82382,3,47,7382.818653,7525.692319,1,114,8,8,1.58
82383,62,62,8642.936431,8886.812552,2,110,6,6,1.65
82384,65,48,68020.014744,69636.43568,2,106,15,15,5
82385,2,29,13043.680266,14064.117322,2,108,12,5,1.01
82386,2,33,9422.701137,9753.596233,1,108,14,14,2.97
82387,0,21,12527.548584,13080.49231,1,114,10,10,3.58
82388,34,26,21527.63823,23151.627241,2,114,6,5,1.71
82389,34,34,68813.213727,70489.633896,1,109,7,7,2.05
82390,0,36,5812.903401,5611.856423,1,117,14,14,4.92
82391,26,23,93616.386178,97862.790122,2,115,7,7,2.02
82393,20,19,71387.936873,75900.12484,2,109,5,2,0.69
82395,25,29,26288.167896,27762.152921,2,110,8,8,3.05
82396,19,44,21893.143573,22500.418958,2,116,8,6,1.63
82397,33,48,22375.497415,22550.623248,2,108,12,4,1.29
82398,31,31,39203.210817,39671.133744,1,117,6,6,0.91
82399,2,76,7102.296127,7329.169102,1,112,14,14,2.39
82400,16,80,14087.459741,14481.001828,1,112,4,4,0.92
82401,30,30,68636.685821,69650.382761,2,117,15,15,5
82402,65,65,14171.48187,14980.974926,2,106,14,14,5
82403,80,80,30451.384349,31590.616085,1,109,15,15,5
82404,36,36,17422.87721,18087.592254,2,112,5,5,0.92
82405,53,52,10913.324484,11154.281279,2,113,7,7,1.47
82406,73,73,9090.294286,10132.280982,1,104,3,3,1.04
82407,44,44,22483.409064,23127.910325,2,118,6,6,2.91
82408,18,41,18954.190064,18819.10184,2,113,6,4,0.59
82409,63,63,27993.628502,29351.079331,2,111,5,5,1.24
82410,35,35,26438.468888,28719.058397,1,115,10,10,4.51
82411,10,54,11183.784851,11714.58607,1,118,5,5,0.96
82412,22,51,22737.320612,23428.808739,2,104,7,7,2.42
82413,47,47,79004.83557,79436.349373,1,116,6,6,1.93
82414,68,68,7505.601301,7822.349609,2,110,8,8,2.53
82415,3,29,9287.151274,9583.816408,1,112,7,7,1.84
82416,50,50,23342.427407,23286.150633,2,111,9,9,1.88
82417,51,58,20865.67203,21818.188749,1,109,8,8,1.58
82418,16,42,62101.251811,61658.650582,1,112,8,8,1.92
82419,1,36,11744.584518,12996.796324,1,111,15,15,5
82420,35,35,20729.027782,21843.648523,1,110,7,7,1.27
82421,13,60,10156.643755,11419.987565,1,116,15,15,5
82422,10,43,7462.042982,8243.686741,1,117,15,15,5
82423,56,55,16682.507598,16642.287371,1,104,14,14,3.31
82424,70,70,72230.883165,72945.426076,2,112,2,2,0.82
82425,43,43,29595.191046,29544.384826,2,115,8,8,1.61
82426,24,24,55256.1796,57238.964012,2,109,5,5,0.84
82427,48,48,28451.828786,28383.233643,2,116,10,10,4.51
82428,26,26,24706.714895,25536.161665,2,117,7,7,3.6
82429,36,36,84998.393872,87251.266486,2,114,15,15,5
82430,24,24,47390.379418,52844.354266,2,113,7,7,1.82
82431,0,32,4455.177212,0,2,106,5,5,1.21
82436,61,29,8746.73727,9047.575384,1,118,14,14,2.27
82437,1,33,9296.509721,9706.880313,2,110,3,3,0.52
82438,7,50,7740.92443,7617.917612,1,112,8,8,1.91
82439,48,47,79883.979906,80388.038057,2,115,15,15,5
82440,63,63,100221.056939,99393.009241,2,115,15,15,5
82441,80,80,52965.381469,59536.736701,1,105,14,14,5
82442,0,37,6806.261082,6963.378049,1,106,12,8,3.22
82443,11,39,7911.560586,7785.842281,2,114,2,2,0.35
82444,2,28,8662.785593,8830.429416,2,111,6,6,1.72
82445,52,51,19669.163172,19848.869401,1,108,15,15,5
82446,66,66,31194.146663,31873.286006,2,109,6,6,1.59
82447,15,41,6869.57837,7851.932398,1,117,15,15,4.53
82448,29,29,123189.360298,125680.327884,2,109,7,6,2.14
82449,42,37,20485.558452,21884.645767,2,118,3,3,0.45
82450,34,34,30003.047227,31776.971818,1,107,2,2,0.21
82451,34,34,25524.729774,28191.718843,2,112,4,4,1.29
82452,20,67,44921.80352,44905.759536,2,111,14,14,3.35
82453,0,49,5787.750645,6299.080112,2,105,6,6,0.83
82454,37,40,24902.079764,25530.255787,2,106,6,6,1.52
82456,0,31,6829.087622,7310.676764,1,108,6,6,1.28
82457,10,68,23677.640387,25651.665562,2,109,4,2,0.35
82458,3,46,18147.679495,18694.412533,1,115,15,15,5
82459,80,80,32329.37798,36304.77468,2,104,8,8,3.86
82461,47,47,21547.22476,23085.982105,1,115,4,4,1.31
82462,36,36,57174.462361,65806.417943,1,115,6,6,1.06
82463,48,59,28139.291708,29302.802863,1,105,15,15,5
82464,62,62,82990.428344,84725.884444,2,109,8,8,4.28
82465,44,51,19202.107086,19996.081079,2,115,3,3,0.48
82466,80,80,37013.041655,39051.86107,1,114,10,8,4.35
82467,22,22,22800.139286,22589.791144,2,114,6,6,1.07
82468,11,47,8446.6184,9072.388931,2,105,10,10,2.94
82469,1,35,7761.290322,8388.093203,1,117,15,15,5
82470,13,33,11641.347356,11560.599343,1,116,6,6,1.09
82471,22,48,34378.472565,0,1,111,3,3,0.35
82472,13,46,57479.06749,58452.277206,2,106,15,15,5
82473,8,31,8108.464569,0,2,110,2,2,0.36
82475,1,35,13891.728172,15017.350061,2,109,10,10,1.67
82476,10,36,38910.060844,40321.757768,1,111,15,15,4.35
82477,34,34,19125.157345,20926.825206,1,109,3,3,0.64
82478,12,42,14572.982363,14430.763252,1,107,3,3,0.36
82479,27,27,21814.112075,23129.332145,2,104,9,6,2.57
82480,12,37,55471.802968,55076.45042,2,116,14,14,2.22
82481,0,50,9965.916898,9577.243478,2,109,4,4,0.66
82482,80,80,21267.087155,21969.878197,1,114,7,7,3.76
82483,32,31,18848.932866,20890.608905,1,115,9,9,3.17
82484,14,37,12175.316028,12090.864241,1,112,6,6,0.98
82485,33,33,28605.246206,30296.526071,1,110,7,7,1.3
82486,40,40,20684.807364,21201.300071,2,106,6,6,1.52
82487,21,21,42359.459875,43879.465011,1,118,8,8,2.3
82488,63,63,101032.034038,101430.436332,2,110,15,15,5
82489,41,41,16575.424742,17473.741348,1,107,15,15,5
82490,0,32,14318.548017,0,1,104,15,15,5
82491,14,48,14101.66324,15284.202515,1,116,15,15,4.25
82492,25,25,72205.619595,73826.219373,2,112,9,9,3.5
82493,9,34,42245.692039,46129.567929,1,110,6,6,1.68
82495,51,51,20545.181159,20288.166306,2,114,6,6,1.52
82496,8,43,13186.259984,13485.782222,1,117,15,15,4.25
82497,11,44,16013.047347,16287.573021,1,111,14,14,3.82
82499,12,33,8497.989636,9363.100816,2,117,4,4,0.45
82501,38,51,36708.36787,38263.87249,1,104,15,15,5
82502,16,38,22344.702844,23732.862003,1,114,7,7,1.59
82503,16,36,18164.013426,19086.551587,2,115,6,6,1.52
82504,73,73,10452.231857,10747.160528,2,111,2,2,0.73
82505,8,42,25401.122911,28362.048598,2,115,5,5,1.01
82507,72,72,20613.412026,21578.54431,1,115,4,4,0.72
82508,5,41,5536.474371,6286.867729,2,118,6,6,0.9
82509,63,63,16151.926567,16113.723889,1,110,6,6,1.27
82510,0,29,16670.511811,17343.63151,1,110,15,15,5
82511,9,34,10610.987219,11147.892376,1,118,5,2,0.38
82512,21,51,35562.079797,35728.743588,2,107,5,5,1.21
82513,47,37,12716.903876,13291.44083,2,106,15,15,5
82514,4,39,7508.175149,8101.055822,2,118,10,10,2.73
82515,11,43,13897.409838,14697.223777,1,107,15,15,4.25
82516,11,40,9493.757784,9944.347479,2,118,1,1,0.1
82517,59,51,17824.999802,18147.638012,2,105,8,8,2.27
82518,13,55,10967.480824,11986.777416,1,117,10,10,1.64
82519,25,25,23089.077067,25746.30934,2,118,6,6,0.68
82520,16,56,12081.217311,13009.147456,1,118,10,10,2.33
82521,70,73,70841.443218,70782.893634,2,112,7,7,2.42
82522,15,37,13933.971943,14050.126922,1,114,8,8,1.34
82523,7,47,11304.436442,12109.507061,2,105,3,3,0.76
82524,21,40,24756.273566,25017.915318,1,116,6,6,0.94
82525,6,39,11212.247451,11842.948659,2,104,15,15,5
82526,2,34,11983.624369,12954.63602,1,109,6,6,1.08
82527,39,40,88747.541698,90869.300087,1,116,15,15,5
82528,15,57,23211.14723,23499.261881,2,107,15,15,4.19
82529,35,31,37168.874261,36377.18282,1,118,9,9,2.42
82530,4,51,8083.57408,8721.890947,2,118,15,15,4.04
82531,36,41,29677.668419,31185.949292,1,104,77,1,0.09
82532,16,61,12003.538323,11890.653002,2,116,4,1,0.02
82534,18,48,11047.828422,10805.521138,2,118,7,7,2.54
82535,64,73,37839.68857,37527.049011,2,115,10,10,4.45
82536,49,49,19784.767364,19750.80275,1,112,14,14,4.1
82537,25,25,61812.662234,0,2,111,3,3,0.76
82538,26,25,23089.077067,25746.30934,2,118,6,6,0.68
82539,1,31,14236.031815,16602.867266,1,113,8,8,2.1
82540,20,55,51166.900015,54191.254742,1,109,5,5,0.87
82541,78,80,57206.653095,56918.655656,2,113,7,7,2.23
82542,66,66,13023.451149,13236.039457,1,111,5,5,1.02
82543,12,31,19416.058333,19023.131822,1,113,3,3,0.55
82544,9,30,16498.046589,16665.370283,1,108,5,5,0.63
82545,8,70,18532.303143,19377.629852,1,109,7,7,2.05
82546,4,29,21505.712296,21837.225594,1,113,4,4,0.64
82547,65,65,12985.596514,13615.007924,2,118,12,10,3.28
82548,0,31,16673.174978,16394.855576,1,113,10,10,2.89
82549,8,27,16498.046589,17962.750476,1,109,6,6,1.16
82550,34,34,35986.741158,38114.45054,1,108,6,6,1.33
82551,2,32,9842.133286,10187.757496,1,114,9,9,2.56
82552,2,31,9257.774241,9666.434954,1,112,10,10,2.5
82553,0,46,10196.636021,9823.229068,2,106,15,15,4.3
82554,54,54,113946.354386,116364.049565,1,110,15,15,5
82555,1,24,14129.290822,15709.00011,1,115,1,1,0
82556,4,33,18573.185078,20078.137048,2,107,6,6,1.3
82557,40,47,89307.342969,89870.861389,1,110,15,15,5
82559,51,51,126098.761743,127006.903643,2,112,8,8,3.18
82560,48,48,66629.063009,68292.768382,1,118,15,15,5
82561,30,30,23341.054842,24550.042269,2,107,5,5,0.86
82562,36,36,45094.542403,44531.660888,2,107,8,8,2.86
82563,3,35,41737.199653,42690.290354,1,104,14,14,3.18
82564,74,74,24636.807638,25588.795534,1,112,4,4,1.46
82565,71,71,16248.394194,16514.809972,1,113,4,4,0.92
82566,70,70,83976.816824,82550.0111,2,113,14,9,5
82567,25,40,41558.654834,43049.924292,1,117,9,9,2.55
82568,3,29,11851.81987,12369.892134,1,109,15,15,5
82569,46,46,31780.596675,32271.908214,1,115,2,2,0.37
82570,80,80,8911.78846,9534.53033,1,107,3,3,1.13
82571,46,46,116424.979906,0,2,107,8,8,1.91
82572,80,49,11377.148096,12023.276274,1,105,3,3,0.87
82573,7,34,11502.058195,11760.672955,1,108,6,6,1.09
82574,36,25,22764.001768,23129.022954,2,109,7,7,1.77
82575,4,30,10873.322549,11348.622284,2,107,14,14,2.87
82576,80,80,34240.931532,35549.989874,1,114,4,4,1.37
82577,31,36,84843.358338,86871.776297,1,110,15,15,5
82578,11,47,50915.863195,54267.453012,1,107,15,15,5
82579,64,64,56156.85404,56528.397945,2,104,6,6,2.43
82580,51,51,18511.180168,20382.595601,1,116,3,3,1.23
82581,17,47,21967.584949,21612.652078,1,105,7,7,1.53
82582,71,71,14180.768061,14632.537535,1,112,3,3,0.84
82583,6,27,28754.43971,31397.991508,2,109,6,6,1.09
82584,0,32,5704.893501,0,1,104,14,14,4.86
82586,3,36,17151.66532,19223.213775,2,105,8,8,1.63
82587,37,37,37862.578051,38840.409808,2,106,5,5,0.72
82588,18,62,11596.149818,11421.929234,1,112,4,4,0.54
82589,48,48,82007.260738,82455.173384,1,108,8,8,2.9
82591,29,29,50580.191118,54027.381958,1,111,6,6,2.44
82592,13,53,10239.294743,10605.341457,2,105,4,4,0.54
82593,9,39,7401.433355,7283.821204,1,116,15,15,3.96
82594,3,31,14936.36581,15638.835561,2,112,6,6,1
82595,18,46,26169.15603,27866.221496,2,112,2,2,0.42
82596,73,42,5740.158256,5751.715759,2,104,10,10,2.19
82597,56,56,14212.692987,14431.685166,2,104,15,15,5
82598,0,34,17066.614882,18826.732876,1,116,15,15,5
82599,2,30,16619.44151,16875.63232,2,107,4,4,0.65
82600,12,39,11381.860397,12492.515665,2,105,3,3,0.42
82601,62,62,9035.513264,9360.588019,2,105,4,4,0.7
82602,6,41,10434.739893,10533.616023,1,107,15,15,5
82603,44,47,18478.219965,19371.471892,2,110,15,15,5
82605,46,50,34458.688136,36031.725253,1,111,14,14,3.4
82606,10,37,9763.188164,9862.206718,2,106,5,5,0.72
82607,3,42,17331.336198,17549.155594,1,106,14,14,2.9
82609,46,46,23202.52842,23132.2904,2,115,7,7,1.47
82610,72,68,70688.504386,71731.427149,1,110,15,15,5
82611,33,59,14743.682904,15072.295333,1,117,15,15,4.25
82612,64,68,18727.456286,18531.758495,1,109,3,2,0.49
82613,19,65,15556.396085,16568.408789,2,113,6,6,1.52
82614,14,45,8106.724614,8351.519303,1,118,9,9,2.63
82615,57,60,23383.034409,23581.614577,1,106,15,15,5
82616,63,63,15866.435364,15687.047153,1,107,3,3,0.77
82617,20,62,27994.113062,27984.114864,2,116,10,10,3.54
82618,45,45,100857.701196,102416.908937,2,113,7,7,1.92
82620,3,37,22788.100734,23139.382213,1,113,4,4,1.1
82621,41,43,20721.177206,21657.339196,2,114,15,15,5
82622,5,47,44772.21574,49476.137616,1,110,15,15,5
82623,7,47,11105.50688,0,2,104,14,14,2.87
82624,1,34,8748.420855,10219.882482,2,109,9,9,2.15
82625,79,79,38651.731915,42901.205618,2,115,2,2,0.69
82626,14,56,15930.379718,15918.703508,2,108,15,15,3.24
82627,37,37,23000.832494,24237.610467,2,112,14,14,2.66
82628,14,39,8355.407646,8874.098225,1,112,7,7,0.88
82629,41,41,25751.894772,27045.246626,2,109,4,4,0.63
82631,10,36,13355.718826,13295.374828,1,106,4,4,0.46
82633,15,46,26027.714807,26114.085127,2,115,7,7,1.47
82635,62,65,14929.446508,14959.934835,2,117,15,15,5
82636,46,47,14873.771011,15135.843545,1,114,14,14,4.84
82637,80,80,33888.033134,34636.210604,2,106,6,6,2.09
82638,29,29,28116.619731,29033.575469,2,114,10,10,3.28
82639,16,55,18184.520132,18451.344473,2,116,5,5,0.84
82640,24,23,43998.999273,45350.055311,1,108,14,6,2.96
82641,8,50,10764.62371,11846.654775,2,105,9,9,3.5
82642,66,66,17406.322197,18652.261667,1,108,1,1,0.2
82643,38,40,63895.699122,65507.522171,2,107,8,8,1.39
82644,25,25,22484.627638,22277.190323,2,106,6,6,1.52
82645,6,28,7688.405738,7596.012326,1,108,3,3,0.32
82647,10,28,10923.462408,13231.093186,1,108,14,9,2.18
82648,25,32,23089.077067,25746.30934,2,118,5,2,0.29
82649,7,44,14556.00615,14490.238998,1,113,5,5,0.86
82650,43,45,26894.281601,26557.841159,1,116,14,14,3.82
82651,78,77,10670.281269,11075.255984,2,114,5,5,0.75
82652,73,73,14476.340752,15511.425313,1,118,14,14,3.84
82653,7,67,9509.661131,9607.052771,2,106,3,3,0.35
82654,18,62,18101.092654,17567.765714,1,106,14,7,1.84
82655,75,30,21741.258516,24397.189895,2,105,8,8,2.32
82656,12,41,83497.52936,82902.43493,1,105,15,15,5
82657,66,66,72183.784616,78282.005356,1,105,6,6,2.18
82658,6,45,9238.069636,9144.956133,2,114,4,4,0.64
82660,32,32,67808.788669,71254.97243,2,116,7,7,1.43
82661,6,38,7462.042982,7522.585731,1,117,15,15,5
82662,13,50,60141.022133,0,2,106,7,7,1.77
82663,0,37,8965.463674,9757.534039,1,105,8,8,2.61
82665,53,53,22875.966968,23550.126535,2,107,5,5,1.46
82667,5,39,9960.84476,10560.869746,2,112,9,9,2.15
82668,32,32,81502.576179,83555.234326,2,116,12,9,5
82669,33,33,26477.216686,26808.919184,1,112,15,15,5
82670,18,37,10247.317984,10393.860813,2,117,4,4,0.47
82671,30,31,52644.889015,53972.900864,1,114,5,5,0.63
82672,8,42,44925.575366,45385.673301,2,114,15,15,5
82673,16,40,14838.362909,17823.499613,2,114,15,15,5
82674,45,45,28037.02863,29196.311383,1,106,15,15,5
82675,71,69,57214.803319,57086.46924,1,109,6,6,1.93
82676,6,56,16111.673988,16407.324785,1,107,3,3,0.44
82678,58,58,77698.923607,79347.526706,2,114,15,15,5
82679,7,28,18881.877722,18796.565355,2,107,4,4,0.63
82680,41,41,21099.884351,24150.665642,2,116,5,5,0.63
82681,1,43,9044.192828,9174.775283,2,114,14,14,3.14
82682,37,37,23010.878531,24248.196689,1,108,15,15,5
82683,9,24,9140.149336,0,2,110,3,3,0.52
82684,42,42,26896.633726,26644.361061,1,109,7,7,1.49
82685,47,47,98814.157778,107961.148321,2,109,7,7,3.26
82686,10,31,15587.138741,15745.223979,1,109,1,1,0.06
82689,0,38,11570.161791,12080.848166,2,114,15,15,5
82690,6,28,25765.870126,26943.795061,2,109,6,6,0.78
82691,29,48,37974.122591,37746.362292,2,108,12,1,0.26
82692,39,62,16117.096766,16530.336777,1,106,2,2,0.46
82693,6,24,19712.374348,22008.017668,2,107,5,5,0.63
82695,20,22,32261.744543,34162.136274,1,110,5,5,0.89
82696,22,25,53002.973503,54853.691458,2,109,3,3,0.92
82697,18,38,6869.57837,7851.932398,1,117,15,15,5
82698,74,74,9918.956424,10795.40244,1,114,10,10,4.51
82699,7,30,8928.672861,9008.955982,1,111,8,8,1.81
82700,4,36,9832.315578,10424.598175,1,110,14,14,3.61
82701,14,38,29503.267099,31280.865286,2,113,1,1,0
82702,64,64,13074.616801,13533.995667,1,117,8,8,2.9
82703,50,47,19024.059278,19883.547184,1,106,8,8,1.22
82704,41,41,68207.163066,69820.395305,1,116,15,15,5
82705,76,80,24204.477465,24936.635828,1,113,9,9,3.03
82706,9,44,71444.018747,72377.731031,2,113,15,15,4.19
82708,78,78,61455.600029,61960.102413,1,110,14,14,5
82709,61,61,28057.32411,28195.881683,1,115,1,1,0.1
82710,61,65,102642.021529,103758.250323,1,116,15,15,5
82711,30,43,16523.428567,0,2,117,4,4,0.73
82712,56,30,92555.393411,94598.936695,2,115,15,15,5
82713,16,43,16247.432383,16134.735128,2,115,8,8,1.61
82714,14,57,17640.493233,17211.834511,2,107,8,8,1.65
82715,8,30,12779.33623,12931.703057,2,111,15,15,4.19
82716,19,44,14636.673397,14645.042657,1,111,8,8,1.14
82717,14,44,13297.447179,13205.21194,1,116,15,15,5
82718,34,32,17889.38376,18822.011951,2,112,7,7,1.43
82719,35,38,26147.175904,26558.033936,1,113,6,6,0.9
82720,58,58,12953.296697,13655.309569,2,118,8,8,1.4
82721,49,47,102341.831273,105705.059633,1,113,8,8,3.22
82722,6,74,11149.63659,11678.817075,2,110,6,6,1.07
82723,74,74,27016.333222,28625.233018,2,109,2,2,0.85
82724,28,28,37618.486256,45058.683323,1,109,2,2,0.26
82725,17,20,11950.69424,12311.563348,2,111,2,2,0.41
82726,16,34,11652.324002,11416.513677,2,114,14,14,2.39
82727,77,30,66468.077393,67448.732898,1,105,15,15,5
82729,22,29,36428.286791,38195.768613,1,104,4,4,0.64
82730,14,47,10966.656783,11647.449606,1,106,8,8,1.22
82731,36,36,32357.444107,34642.054524,1,115,7,6,1.28
82732,9,39,17704.534004,17885.852094,2,107,7,7,1.07
82733,40,41,69134.189736,69570.418024,1,106,15,15,3.63
82734,29,58,51166.900015,0,1,109,8,8,1.58
82735,23,47,30099.494157,31440.595715,1,107,7,7,0.8
82736,26,39,25700.134854,26669.051599,2,107,8,1,0.1
82737,66,66,18888.577559,18721.499623,1,115,3,3,0.33
82738,3,28,9215.586865,10464.633588,1,106,2,2,0.4
82739,55,72,99187.873063,101247.522788,1,112,10,10,4.19
82740,65,65,17116.921607,17220.129475,2,112,7,7,3
82741,70,70,19987.366616,19926.427227,2,112,2,2,0.73
82744,0,38,4066.284363,4238.488764,2,105,3,3,0.36
82745,38,56,19608.305463,21040.065371,1,110,9,9,1.9
82746,33,32,23241.03735,27227.49074,2,115,8,8,1.29
82747,0,33,22936.646945,22042.111592,1,109,9,9,2.55
82748,43,43,24325.535991,24515.125906,1,112,4,4,0.92
82749,64,63,76045.210584,77635.431616,2,108,15,9,3.94
82750,27,31,26616.140434,28446.079144,1,113,8,8,2.1
82751,0,30,16207.455561,15575.360468,2,107,9,9,2.31
82752,34,31,28444.417914,0,1,108,6,6,1.28
82753,2,20,8821.900927,9209.811812,2,118,6,6,0.91
82754,0,26,19620.112943,21590.116597,1,111,15,15,4.35
82755,32,36,32357.444107,34642.054524,1,115,7,3,0.9
82756,55,55,56499.579372,56979.733819,2,106,15,15,5
82757,80,80,15890.161116,16792.591213,1,113,4,4,1.13
82758,52,46,25245.294007,25643.948425,1,104,12,3,0.96
82759,24,24,29990.018903,31738.417278,2,115,3,3,1.2
82760,2,36,9529.633021,9816.731171,2,114,15,15,5
82761,0,29,15240.412881,14725.734642,2,107,15,15,3.58
82762,26,26,21750.057166,22117.244582,1,112,4,4,0.64
82763,12,44,54454.526833,57790.52743,2,113,9,9,2.31
82764,6,24,9140.149336,0,2,110,3,3,0.52
82765,80,80,39256.2563,0,1,114,8,8,2.9
82766,48,48,27872.902839,29613.641633,1,108,6,6,1.33
82767,7,27,10090.118698,10685.231826,1,106,3,3,0.77
82768,9,40,8539.674839,8437.051522,1,112,7,7,1.45
82769,55,32,23464.715463,24434.940956,2,115,15,15,3.33
82770,46,46,70068.905594,70511.031826,2,104,14,14,3.48
82771,41,64,120056.767725,123054.544978,2,107,6,6,0.97
82772,60,61,53377.697617,52936.679721,1,114,14,14,3.1
82773,67,42,12167.004137,12802.895585,2,111,5,5,1.27
82774,19,19,21016.355264,22146.425979,2,108,1,1,0.26
82776,37,40,18665.694771,20581.307404,2,104,6,6,2.16
82777,2,34,11500.449093,12006.139354,1,107,2,2,0.21
82778,57,80,14841.094512,15261.782722,2,118,8,3,0.86
82779,63,63,84527.947494,84945.378152,1,110,15,15,5
82781,17,50,21149.230095,22936.812402,1,109,14,14,3.82
82782,53,53,21644.12708,22032.148373,1,111,7,7,3.11
82783,0,43,6961.607256,7268.880226,1,115,7,7,1.18
82784,32,32,44382.264772,47006.357927,1,111,9,9,2.82
82785,73,73,20384.141341,20037.805166,2,113,6,6,2.17
82786,11,41,10951.63406,11025.191936,1,105,14,14,4.16
82787,14,54,69002.013102,74774.026011,1,116,8,8,2.3
82788,43,36,23799.351911,24874.582745,1,111,15,15,5
82789,9,31,8424.955223,8291.078844,1,109,6,6,1.54
82790,72,72,70084.59231,70117.239831,1,115,5,5,1.55
82791,56,19,22904.352204,24446.259759,2,112,5,5,1.27
82792,10,45,9969.757272,10616.755627,1,107,14,14,2.11
82793,2,35,15107.762237,15459.434115,2,107,8,8,1.13
82794,55,76,22524.420719,22113.921214,1,108,6,6,1.54
82795,16,50,37392.592619,40024.141118,2,109,4,4,0.66
82796,11,45,9476.080011,9784.352719,1,118,9,9,2.63
82798,31,31,25641.155477,25620.209305,2,108,2,2,0.36
82799,9,43,47597.635278,48085.098678,2,112,14,14,3.9
82800,14,42,10627.585017,11284.143284,1,117,15,15,2.81
82801,6,53,15306.181925,15461.417691,1,106,3,3,0.45
82803,23,23,44678.023607,46451.54128,2,111,14,14,4.14
82804,11,44,11057.178383,10881.474778,1,115,6,6,1.84
82805,34,38,86385.964853,88565.123876,1,110,15,15,5
82806,0,27,5391.693678,6927.074178,2,104,14,14,3.77
82807,3,21,8994.003713,9309.844328,1,108,2,2,0.46
82808,9,45,9493.757784,9719.385525,1,118,6,6,0.56
82809,8,26,6789.301859,6707.713193,2,105,7,7,0.97
82810,41,40,16147.871044,16196.85553,1,114,14,14,3.4
82811,51,51,98227.538137,108157.997948,1,112,14,14,5
82812,62,62,10117.475546,10544.4491,2,112,4,4,1.3
82813,24,25,36093.699481,37857.053069,1,115,8,7,3.05
82814,44,51,17187.768026,17674.975445,2,117,12,4,1.57
82815,80,80,14181.79858,0,2,117,2,2,0.72
82816,66,66,8456.382628,8550.269949,1,104,14,14,5
82817,16,38,9855.087902,10509.193527,2,107,15,15,5
82818,11,40,10644.425541,10475.280766,1,115,8,8,1.15
82819,2,32,8088.206823,8244.731291,2,115,6,6,1.13
82820,78,77,12268.903935,12470.070251,2,116,8,8,2.27
82821,13,41,13623.7203,13947.916545,2,111,1,1,0.07
82822,56,53,24593.666095,24802.52754,1,114,6,6,1.64
82823,70,69,61455.600029,63120.80203,1,110,15,15,5
82824,16,42,67260.076067,66780.707433,2,107,14,14,2.24
82825,18,48,12492.491377,12311.953282,1,114,7,7,1.79
82826,64,64,12103.069921,12744.01441,2,108,15,15,5
82827,61,61,19307.21592,19375.891641,1,106,8,8,4.13
82828,4,30,15370.028896,15833.079976,2,114,14,14,3.35
82829,63,63,27641.861615,28693.392043,1,113,5,5,1.35
82830,0,23,15404.220474,16123.963542,2,115,7,7,2.02
82831,54,54,21570.847348,24056.893134,1,118,1,1,0.04
82832,49,49,89307.342969,92794.470967,1,110,14,14,4.1
82833,39,39,12812.197906,0,1,117,6,6,2.18
82834,12,45,9071.136225,9682.435193,1,112,15,15,5
82835,4,42,49505.780981,52212.869347,1,105,14,14,3.26
82836,20,48,99429.770418,100535.690933,2,112,10,10,2.51
82837,1,45,9556.216211,9976.41593,1,118,6,6,0.56
82838,26,26,26197.604584,26726.69969,1,112,7,3,1.09
82839,32,70,35934.433535,36793.546749,2,112,7,7,1.77
82840,59,59,114436.342172,120638.289231,2,114,14,14,5
82841,45,45,22786.746308,24021.689782,2,108,9,9,2.52
82843,14,42,11289.437847,11060.971319,1,114,10,10,2.63
82844,58,59,107814.757098,108639.379966,2,108,14,14,5
82845,64,64,15586.920507,16546.977169,2,118,15,15,5
82846,33,37,15638.871207,16289.880002,1,108,8,8,1.81
82847,5,40,31392.917236,34902.766638,1,114,10,10,4.19
82848,18,43,60633.74126,62943.721186,1,108,15,15,3.37
82849,80,80,22726.373953,23978.229255,1,108,8,8,4.35
82850,30,65,106819.654572,109509.928235,1,105,8,8,2.12
82851,51,57,19940.606932,20850.894483,2,107,8,8,1.65
82852,5,35,12322.2826,12755.001713,2,116,3,3,0.59
82853,1,36,9601.031658,9949.80529,1,105,9,9,2.07
82854,68,68,11140.687817,11179.994842,1,109,3,3,1.13
82855,80,80,7230.082726,7763.979625,2,118,10,10,2.15
82856,44,62,81333.538737,81847.51741,1,111,6,6,1.19
82857,47,47,30397.602914,33900.934582,1,106,8,8,4.44
82858,0,42,4856.385371,5151.185459,2,105,5,5,0.82
82859,80,80,21308.145351,25737.942568,1,118,8,8,2.56
82860,48,48,94592.264707,96954.201855,1,104,15,15,5
82861,6,26,8041.064157,8780.56455,1,112,6,6,1.28
82862,39,37,22463.310808,23189.830097,1,112,15,15,5
82863,69,69,11603.054466,0,2,110,8,8,2.53
82865,14,53,11580.119332,11722.015293,2,118,4,4,0.8
82866,5,39,52414.418297,0,2,115,14,14,3.3
82867,41,41,22260.988864,22983.167959,2,111,15,15,5
82868,78,78,14404.1694,14787.734068,1,116,3,3,1.21
82869,0,24,5416.688143,5383.384878,2,118,5,5,0.79
82870,3,32,33030.220739,34583.659591,1,110,14,14,3.26
82871,0,28,9045.467018,8989.853037,1,109,7,7,1.7
82872,0,32,6513.712644,6420.84181,2,112,7,7,1.43
82873,1,19,8835.403638,9258.645575,1,112,1,1,0
82874,59,34,89336.959604,91232.496654,1,109,7,7,2.05
82875,10,38,9948.96011,9932.810981,1,107,9,9,2.68
82876,80,41,8070.393258,8500.592304,2,118,7,7,1.14
82877,2,22,9916.333842,10264.563738,2,114,6,6,1.91
82878,6,27,25809.456102,28898.645473,2,107,3,3,0.66
82879,76,76,18537.900482,19179.453734,2,114,7,5,1.37
82880,6,37,14335.896428,19089.138813,2,110,6,6,1.43
82881,70,70,56876.063759,57715.200788,1,104,15,15,5
82883,1,39,8825.652574,9522.567434,1,107,8,8,1.42
82884,18,58,51790.93998,55578.965046,2,114,15,15,5
82885,10,34,7699.63433,7577.28363,2,114,5,5,0.72
82887,7,49,12754.485277,12875.419065,2,110,15,15,4.19
82888,21,62,25515.332514,25846.70219,2,114,6,4,0.76
82889,66,66,35362.182783,35501.627414,2,115,4,4,0.97
82890,2,38,11627.957885,12141.244279,1,110,8,8,1.91
82891,11,32,9495.273829,9888.409765,2,106,3,3,0.2
82892,0,21,10017.723004,10154.265803,1,111,6,6,1.28
82893,15,41,86616.324581,88719.600951,1,105,15,15,5
82895,57,57,14422.284143,14476.893046,2,104,15,15,4.16
82896,22,51,31047.648989,31036.560209,2,114,15,10,3.44
82897,46,46,26834.038898,27211.304378,1,110,4,4,0.77
82898,66,66,10264.078237,10553.697812,1,107,6,6,0.7
82900,80,80,22729.702215,23580.054297,2,104,9,9,3.81
82901,68,68,16004.568709,15927.158752,1,109,3,2,0.54
82902,41,41,62742.058789,64714.283186,2,118,15,15,5
82903,57,41,13182.967793,12942.712924,2,106,8,8,1.25
82904,68,69,92228.668248,93012.583285,2,109,14,14,5
82905,7,29,11708.741282,11951.922451,2,109,14,14,3.14
82906,72,72,66938.724573,68036.28118,1,113,6,6,1.74
82907,21,51,25515.332514,25279.934707,2,114,15,10,3.44
82908,6,39,10160.134012,9998.684851,1,106,2,2,0.25
82909,55,55,30927.651343,31430.676006,2,115,8,8,2.27
82910,7,69,20139.000193,20345.250471,2,115,6,6,1.38
82911,5,45,12863.294369,15001.903043,2,111,1,1,0.13
82912,10,40,38228.25587,38727.866512,1,116,15,15,3.17
82913,28,28,22993.294873,23490.83592,2,114,9,9,4.88
82914,5,32,44329.012977,44230.580657,2,107,14,14,3.27
82915,70,70,20613.412026,22179.899285,1,115,5,5,1.02
82916,53,53,97916.733926,98257.627383,1,113,3,2,0.65
82917,42,42,13409.592359,14010.322467,1,118,15,15,5
82918,80,80,41907.243982,43402.593223,2,112,5,5,1.71
82919,6,30,39849.768852,43938.606937,1,110,15,15,5
82920,45,45,27774.337533,29232.77824,1,113,6,6,1.28
82921,9,48,16353.913198,17776.586085,2,115,6,6,1.26
82922,1,20,9364.324516,9704.499362,2,113,3,3,0.38
82923,6,30,25618.390336,25880.756892,2,109,5,5,0.72
82924,21,25,36093.699481,37202.011293,1,115,3,2,0.7
82925,38,40,20034.213258,22204.27633,2,104,15,15,5
82926,57,58,13617.881247,14339.776171,1,118,7,7,2.05
82928,7,42,11511.452736,11634.381287,1,107,15,15,5
82929,51,51,26128.790074,28770.319168,2,109,6,6,2.4
82930,14,50,7639.710849,8051.20309,2,106,15,15,5
82931,70,66,14875.52155,16030.725456,1,108,1,1,0.2
82932,23,27,87700.723123,88912.029367,2,109,7,7,2.02
82933,29,29,37120.543044,36778.078588,2,116,15,15,5
82935,0,38,7085.511791,6972.995372,2,111,7,7,1.16
82936,6,54,7952.703234,8290.378048,2,108,1,1,0.07
82937,4,44,6723.479995,9338.694534,2,117,15,15,5
82938,52,52,34700.469555,38699.707727,2,108,6,6,2.74
82939,23,45,25009.310065,25049.404682,1,108,9,9,1.99
82940,21,27,45880.396886,46095.41808,1,110,5,2,0.52
82941,3,24,15892.130767,16137.10999,2,112,7,7,1.13
82942,12,45,73452.075199,80604.126798,2,113,7,7,1.92
82943,45,49,12474.498937,13038.08428,1,117,15,15,5
82944,1,21,13270.42957,13894.548949,2,112,2,2,0.25
82945,80,76,20502.69263,21370.708035,1,116,5,5,1.02
82946,45,48,81583.632326,81992.868042,2,112,10,10,2.51
82947,0,29,14744.76204,15302.232093,1,112,8,8,2.55
82949,67,67,96081.098846,96459.977987,1,116,7,7,2.26
82950,2,28,7557.445471,0,2,117,8,8,3.18
82951,65,74,14361.229012,14294.395888,1,114,6,6,1.93
82952,66,67,87740.235691,89825.286015,1,112,15,15,5
82953,68,68,135170.924202,135703.947286,2,113,15,15,5
82954,4,24,9509.374968,0,2,110,3,3,0.52
82955,45,45,90007.443843,0,1,104,15,15,5
82956,72,72,93511.50057,93301.75219,1,112,10,10,4.19
82957,38,60,36579.125446,38741.859438,1,108,4,4,0.92
82958,11,39,14803.384761,15478.621748,1,115,9,7,1.45
82960,4,38,9626.2174,10189.129722,1,110,15,15,4.43
82961,61,61,13968.17501,14743.32977,2,105,5,5,1.01
82962,47,47,26157.808936,26094.744496,1,114,4,1,0
82963,60,60,73752.997325,73143.634368,1,105,5,5,1.83
82964,60,60,10548.622457,10665.738954,2,114,6,6,1.05
82965,38,38,44058.272543,43119.837952,1,111,8,8,0.94
82966,1,24,5688.53395,5798.619507,2,114,4,4,0.54
82967,80,80,35867.435969,39224.356533,2,112,3,3,1.2
82968,79,79,93002.65855,92534.45204,1,113,4,4,1.31
82969,54,76,25457.283015,25694.221703,1,108,4,4,0.77
82970,60,60,12031.533115,12965.878442,1,106,1,1,0
82971,34,28,64157.728337,65165.857018,1,106,10,10,2.22
82972,1,58,8083.57408,8721.890947,2,118,8,8,1.4
82973,1,43,32924.036149,35284.537435,2,112,10,10,2.03
82975,44,44,110329.841536,114637.821895,1,115,9,9,2.82
82976,22,60,81879.6765,82790.393819,1,108,14,14,4.61
82977,10,32,10573.813889,10794.76285,1,107,14,14,3.45
82978,41,73,17258.46935,18173.3548,1,118,14,14,3.84
82979,12,50,14876.622424,15061.282529,2,114,2,2,0.38
82980,12,47,14672.466465,15124.16178,1,108,15,15,5
82981,0,28,8215.900448,7895.478137,2,107,6,6,1.15
82982,74,47,13972.452054,13942.663077,1,117,9,9,1.6
82983,10,41,14985.803399,15306.284307,2,111,15,15,5
82984,12,64,9830.200555,9669.239951,2,118,6,6,0.68
82985,6,30,5842.009484,6210.918842,2,118,7,7,1.87
82986,15,40,10721.20925,10868.446982,2,111,2,2,0.16
82987,60,60,150013.475091,154109.629018,2,115,7,7,2.54
82988,6,41,15512.564525,15999.9918,1,110,14,14,3.45
82989,80,80,9993.736156,10219.697038,2,114,3,3,0.76
82990,66,63,16830.596219,17409.473197,1,109,4,4,1.1
82991,16,48,8306.433436,10885.883987,2,104,8,8,2.53
82992,17,50,26540.641758,27185.119631,1,113,5,5,1.04
82993,8,36,11338.023805,11201.772058,1,115,5,5,1.02
82994,6,30,22680.084228,0,2,109,8,8,2.53
82995,72,72,55495.612786,54552.716152,1,115,8,8,3.03
82996,37,32,38724.749332,38420.137777,1,115,6,6,1.27
82997,53,53,21545.609413,21152.948393,1,111,15,15,5
82998,61,61,9380.75052,9462.613752,2,114,6,6,1.36
82999,35,39,30856.168797,31224.462835,2,106,10,10,1.94
83000,7,44,16498.046589,16665.370283,1,109,8,1,0
83001,43,51,16399.577342,16449.325377,2,104,15,15,5
83002,50,50,25643.026959,26961.106056,1,111,14,14,3.4
83003,32,32,55991.617117,59271.47741,1,110,14,14,3.26
83004,34,34,84069.422541,96368.944614,1,106,6,6,2.19
83005,72,72,44404.535459,44269.150679,2,104,9,9,5
83006,71,71,24158.001003,24070.108665,2,115,4,4,1.67
83007,66,21,12352.53595,12777.393072,1,109,5,5,1.02
83008,10,37,7828.382304,8192.897248,1,114,5,5,0.63
83009,24,32,32400.341318,36321.015598,1,104,12,6,2.79
83010,80,80,33902.052987,35433.291345,2,109,5,5,1.71
83011,21,59,22652.578364,23341.489308,1,117,14,14,2.69
83012,12,50,7337.171838,7603.362748,1,116,8,8,2.9
83013,63,63,26885.867201,0,1,106,3,3,0.87
83014,29,29,32322.174729,33482.007072,1,118,14,14,2.27
83015,8,29,26686.079774,28118.194063,2,108,6,6,1.22
83016,80,55,13122.798162,13556.453459,1,104,15,15,5
83017,17,64,11361.197325,12321.47225,1,117,4,4,0.72
83018,20,80,23089.077067,23791.262824,2,118,10,10,2.15
83019,57,28,22063.138176,21787.134077,1,116,8,8,2.04
83020,62,62,9689.404375,10038.004467,1,116,3,3,1.22
83021,15,34,10362.68286,10786.452957,2,118,6,6,1.22
83022,10,39,17704.534004,17885.852094,2,107,7,7,1.07
83023,19,19,33701.160631,0,2,111,4,1,0.26
83024,13,50,11802.62678,11718.019195,2,104,15,15,5
83025,15,45,16347.70089,17177.989744,2,116,9,9,2.15
83026,76,76,15625.228954,16170.621748,2,106,15,15,5
83027,50,50,24134.415956,26915.913693,1,114,7,7,3.48
83028,7,53,6510.024598,6681.955554,2,105,4,4,0.54
83029,8,42,42374.763123,44311.988213,2,115,9,9,2.52
83030,7,40,10808.325823,11756.049826,2,108,10,10,4.58
83031,49,49,25132.678489,25330.190466,1,108,14,14,5
83032,8,30,8920.465198,9702.652849,2,108,10,10,3.54
83033,60,66,18888.577559,20492.389014,1,115,3,3,0.33
83034,10,32,14794.01056,0,2,113,4,4,0.82
83035,9,30,11914.065128,12361.344386,2,105,3,3,0.36
83036,17,66,12814.893523,12898.067012,1,107,6,6,0.7
83037,66,67,17833.992838,19348.260491,1,115,7,7,2.58
83038,12,37,42444.184622,42404.92703,1,110,15,15,3.17
83039,19,40,17983.332876,17855.164039,2,107,7,7,1.09
83040,11,32,13114.842316,14320.955196,2,111,1,1,0.03
83041,32,28,23323.522188,23690.011343,2,107,6,6,1.15
83042,26,26,31887.24056,32927.166003,1,108,8,8,2.56
83043,4,34,18582.462712,19483.900162,2,109,6,6,0.84
83044,14,44,12443.701173,12357.387783,2,114,14,14,4.55
83045,51,51,21426.882313,24058.380956,2,106,5,5,0.96
83046,79,79,19721.999749,20664.695268,1,112,3,3,0.81
83047,31,21,13186.606179,14614.951118,2,117,4,4,0.5
83048,48,49,100857.701196,103288.969707,2,113,15,8,4.5
83049,4,57,16770.509595,17584.048986,2,107,6,6,0.83
83050,46,46,26967.888925,28652.107132,2,107,8,8,1.65
83051,13,44,9433.300489,11484.889311,2,106,5,5,1.53
83052,76,76,12970.950454,13351.019826,2,105,7,7,3.6
83053,11,40,50042.734688,50696.750474,2,107,8,8,1.39
83054,12,47,54114.052475,58071.991591,2,112,15,15,5
83055,10,53,7887.401045,8254.664094,2,114,5,5,0.75
83057,6,30,11914.065128,12361.344386,2,105,3,3,0.36
83058,27,27,25809.272396,26563.44298,1,110,9,9,5
83059,19,58,82734.971148,82630.376632,2,112,15,15,5
83060,15,46,67151.085746,69147.672398,1,113,15,15,3.63
83061,55,57,24818.815361,24366.501335,1,111,8,8,2.3
83062,14,36,23211.14723,25091.403179,2,107,6,6,1.43
83063,53,53,34471.699605,38444.57198,2,111,9,9,4.93
83064,41,41,27007.706732,27781.899871,2,111,6,6,2.14
83065,44,70,24558.693596,24795.180423,2,116,9,2,0.67
83066,9,35,5973.764955,5915.562381,1,104,6,6,0.95
83067,34,41,114952.436612,115707.779116,2,109,14,14,5
83068,59,61,17944.644152,17617.609435,1,117,9,9,3.87
83069,25,29,34682.69144,37651.761126,2,108,9,9,3.5
83070,71,42,16068.417711,17967.675731,1,118,15,15,3.05
83071,10,41,39461.425414,39977.152528,1,116,15,15,4.72
83072,7,30,10773.427169,10858.235692,1,108,6,6,1.23
83073,53,53,90669.123698,92592.926389,2,107,9,9,4.04
83074,27,27,65525.806091,67537.875398,1,105,10,9,5
83075,77,77,21308.145351,23513.748531,2,118,15,15,5
83076,13,31,16461.027048,15976.02267,1,109,4,3,0.42
83077,8,40,8132.074965,8304.21188,2,112,7,7,1.68
83078,32,32,72407.9788,74327.143917,2,110,15,15,4.61
83079,40,40,19474.498093,0,2,104,15,15,5
83080,7,41,7318.206333,8084.783304,2,104,5,5,0.86
83081,41,41,35584.711524,38087.66483,1,113,3,3,0.47
83082,27,23,28734.577221,28469.4795,1,115,9,6,2.18
83083,23,30,36696.711646,40272.840406,1,108,14,14,4.25
83084,50,50,25643.026959,28792.322768,1,111,8,8,1.63
83085,18,18,8098.694589,8335.812244,1,117,1,1,0
83086,1,36,9779.06514,10058.753392,1,110,6,6,1.09
83087,39,70,67322.825303,69018.363681,2,104,15,15,5
83088,78,78,22595.117081,23377.081082,2,118,9,9,3.07
83089,0,31,5965.278111,7663.996963,2,104,8,8,2.32
83090,4,30,17692.435734,19076.555603,2,116,6,6,0.93
83091,6,42,9890.800245,10665.375238,1,116,14,14,4.03
83092,57,53,17661.943628,17435.432293,1,117,15,15,5
83093,16,37,14758.81031,14804.026777,1,116,5,5,0.63
83094,43,76,20298.359278,20611.120692,2,113,15,15,5
83095,0,33,15423.4702,14858.653433,2,107,9,9,2.15
83097,51,43,124595.931367,129742.498832,2,108,15,15,4.3
83098,80,80,38908.626538,40125.428468,2,107,4,4,1.11
83099,32,39,18764.829137,18934.348527,1,115,12,6,1.7
83100,57,57,24336.919943,24295.140624,2,115,5,5,0.57
83101,21,43,50249.850948,53093.790952,1,108,15,15,3.37
83102,11,51,17072.353248,17779.205488,2,107,7,7,1.05
83103,32,32,27927.439481,28336.290612,2,111,8,8,2.53
83104,59,59,12093.772926,12280.116337,1,117,15,15,4.25
83105,4,28,15338.084483,15530.852788,1,106,5,5,1.29
83106,44,44,40152.928174,44080.090943,1,115,15,15,5
83107,1,26,10830.242912,11184.595599,1,116,4,4,0.87
83108,49,49,25701.696795,25902.01232,2,106,12,7,3
83109,80,80,67500.65594,68990.930391,1,113,5,5,1.74
83110,34,31,56366.470183,57553.145857,1,111,14,14,2.11
83111,64,38,13318.864423,13334.832588,2,118,9,9,1.72
83112,0,40,4873.411645,4796.022905,2,114,5,5,0.63
83113,8,42,64947.503322,65796.3117,1,105,14,14,3.26
83114,69,69,69960.270343,70236.146529,2,104,6,6,2.83
83115,30,45,14433.378178,0,2,106,15,10,5
83116,65,65,14469.499359,14977.887658,2,114,6,6,1.72
83117,16,42,19510.591954,18935.735811,1,109,7,7,1.49
83118,71,75,26559.797942,29631.520113,1,114,7,7,2.58
83119,9,40,10808.325823,10925.093595,2,108,3,3,0.45
83120,2,28,8242.113031,8531.549653,1,108,6,6,2
83121,14,43,9426.605819,10467.266596,2,107,8,8,2.73
83122,48,53,91273.98974,94112.97786,1,113,5,5,0.98
83123,50,50,20755.235591,20705.196335,1,114,10,10,3.33
83124,64,64,77115.405603,77746.914548,2,107,6,6,0.97
83125,45,45,17885.512772,18854.830505,1,112,15,15,5
83126,7,34,7199.254342,7112.739179,1,112,7,7,0.98
83127,38,38,55442.565625,63813.046851,1,111,7,7,1.79
83129,74,46,14973.362347,16842.095856,1,107,15,15,3.93
83130,38,38,18601.423567,19566.424874,2,108,15,15,4.19
83131,30,32,21207.335741,21586.793207,1,110,15,15,5
83132,0,30,6933.221096,7108.670247,2,115,5,5,0.51
83133,10,31,10923.462408,11256.080602,1,108,6,6,1.28
83134,13,31,25124.796688,25734.894051,1,115,1,1,0.11
83136,31,31,68324.90003,70931.621545,1,111,8,8,3.92
83137,80,80,13581.860855,0,1,109,3,3,1.09
83138,54,54,36130.800143,37166.512575,2,111,8,8,4.28
83139,16,42,46670.410826,51411.666962,1,117,15,15,5
83140,44,44,17436.234967,19634.221035,1,111,1,1,0.02
83142,79,79,58195.593747,59869.22059,1,113,6,6,1.93
83144,34,41,23779.954014,24980.510048,2,113,6,4,0.59
83145,16,61,61838.809006,61781.612885,1,114,14,14,3.1
83146,67,67,17605.116865,17523.500902,2,108,6,6,1.72
83147,73,73,12678.80586,12703.888142,1,112,4,4,0.97
83148,54,54,25895.958339,26638.282502,2,105,1,1,0.04
83149,5,35,16107.87122,16634.901638,1,108,14,14,2.85
83150,43,32,22020.047933,21813.514423,1,104,12,3,0.84
83151,23,27,23092.76413,27064.501289,2,106,4,4,0.64
83152,27,51,24511.409395,24784.598492,2,114,7,7,2.02
83153,20,20,27049.192108,28680.046493,1,107,1,1,0
83154,26,26,78766.187267,80649.598961,1,112,14,8,3.92
83155,7,52,7912.51526,7876.764822,1,118,3,3,0.31
83157,31,30,20648.03403,22061.710069,2,110,15,15,5
83158,38,35,45778.305482,48520.350448,2,106,15,15,5
83159,47,47,28616.352845,29436.658852,2,108,2,2,0.73
83160,80,80,30930.093041,32788.771209,2,105,15,15,5
83162,19,49,44029.557521,48744.671769,1,110,15,15,3.96
83164,8,43,60696.039605,63531.386011,2,108,15,15,4.3
83165,47,47,22544.538196,23275.916046,1,106,8,8,1.22
83166,6,49,8557.526052,8716.339063,1,112,14,1,0
83168,8,43,14353.735316,14913.266504,2,112,7,7,1.25
83169,5,65,12208.920593,12816.498481,1,105,7,7,1.53
83170,68,68,22015.721371,21858.56134,2,112,2,2,0.62
83171,52,52,85376.267459,87187.76719,2,107,4,4,0.99
83172,23,45,27116.336989,28342.436782,1,118,5,5,0.63
83173,16,40,8176.743707,9412.981717,2,118,14,14,4.35
83174,44,46,20571.491486,20633.895002,1,104,15,15,5
83175,0,23,6006.287362,6144.937591,1,118,4,4,0.79
83176,9,30,8137.713931,8336.955577,1,109,5,5,0.76
83177,36,37,86385.964853,88565.123876,1,110,15,15,5
83178,5,38,10787.353134,12601.757866,2,108,15,15,4.19
83179,64,64,13281.237386,13174.470176,1,112,7,7,3.83
83180,30,47,23192.489164,24404.548555,1,106,8,8,1.22
83181,18,50,10092.017,9778.171346,2,104,9,9,3.03
83182,45,42,30996.519399,30608.761033,1,105,14,14,4.1
83184,59,59,22864.557535,25176.084159,2,113,3,3,1.28
83185,17,41,60190.365687,61651.94899,1,116,15,15,4.88
83186,64,45,21675.060393,21859.291674,2,108,6,6,0.88
83187,65,65,19870.190882,20032.910681,2,112,6,6,1.22
83188,18,41,71588.329274,71522.115599,2,108,15,15,3.13
83190,66,50,11261.272061,11087.061779,2,108,15,15,5
83191,62,40,12639.842646,12497.292873,1,107,10,10,2.36
83192,57,57,32410.383206,34076.311674,2,107,6,6,0.83
83194,3,28,9236.463731,9984.877868,2,118,4,4,0.47
83195,7,33,14021.706205,16001.614025,1,115,6,6,1.32
83196,61,61,18497.855373,18532.246838,2,116,2,2,0.73
83197,25,49,36550.650062,38001.547363,1,109,5,5,0.74
83198,1,34,30721.746324,30487.618941,2,107,14,14,2.35
83199,9,42,52317.404447,53001.148223,2,107,14,14,2.24
83200,12,62,14572.982363,15814.069249,1,107,15,15,3.79
83202,73,73,74432.157767,75530.313575,1,105,15,15,5
83203,61,61,63081.943565,68411.223799,2,117,14,14,5
83204,11,25,13688.122226,13828.306891,2,113,5,5,0.67
83205,4,39,10790.403379,10999.221253,1,116,15,15,3.72
83206,36,36,66210.051331,67877.564282,2,104,15,15,5
83207,60,60,12197.704197,12835.20014,1,111,5,5,1.78
83208,30,30,17991.438774,18050.856411,2,105,8,8,2.32
83209,4,35,16198.000356,16401.576041,1,109,14,14,2.9
83211,13,42,89806.791394,93179.302685,2,108,10,10,3.1
83212,45,38,34445.114122,34003.361564,1,111,8,8,0.94
83213,10,48,14135.727061,14720.993204,1,111,3,3,0.35
83214,42,46,35256.93257,34614.387595,1,111,15,15,5
83215,42,51,26835.143115,27212.42412,2,115,4,4,0.95
83216,4,24,16419.515173,17141.503406,1,109,5,5,1.02
83217,5,38,11969.324521,12351.667949,2,112,4,4,0.71
83218,52,52,124048.332698,124941.707755,1,113,4,4,1.16
83219,8,36,13350.260732,13773.043591,1,105,15,15,5
83220,23,32,32400.341318,33865.364112,1,104,12,3,1.12
83221,4,39,52673.612516,53876.441902,1,105,15,15,4.9
83222,51,51,12980.055728,12743.498859,2,104,7,7,2.42
83223,6,36,10801.905474,11878.745479,1,108,5,5,0.85
83224,1,26,11703.476309,11803.866467,1,115,1,1,0.13
83225,7,58,8222.206169,8978.365375,1,110,7,7,1.49
83226,8,41,4983.820657,6560.455783,2,104,10,10,4.7
83227,15,38,9920.470786,10119.955161,2,118,14,14,2.69
83228,8,44,17723.018335,20005.383881,1,111,3,3,0.69
83229,10,53,10588.885902,10786.549251,1,115,3,3,0.61
83230,0,22,8052.027303,8578.305347,2,114,6,6,1.07
83231,2,42,11718.796829,12668.349978,2,106,7,7,1.68
83232,11,32,10197.621579,13778.739734,2,104,4,4,0.76
83233,51,51,25458.454321,27368.093424,1,109,3,3,0.87
83234,19,19,6113.246209,6773.564253,1,117,13,1,0
83236,52,52,139870.360101,147609.19527,1,105,8,8,1.81
83237,52,52,21936.904288,24154.648422,1,117,2,2,0.7
83238,79,79,25648.501714,28303.374581,1,112,7,7,3.22
83239,80,80,8033.878669,7909.595705,2,117,14,14,4.06
83240,6,47,13671.787895,13533.985506,2,108,15,15,5
83242,10,28,15008.926543,16060.097923,2,113,4,4,0.5
83244,80,80,42071.929453,43473.978311,2,112,7,7,3.43
83245,6,28,39561.621783,40078.658379,2,112,6,4,0.76
83247,5,26,11838.418251,12458.204587,2,113,2,2,0.35
83249,28,59,59135.422881,59412.564538,1,118,7,7,1.77
83250,66,66,9431.473883,10209.102642,1,114,6,6,1.06
83252,41,41,37741.167167,38498.224487,1,106,1,1,0.03
83253,55,55,14962.542363,14775.364864,1,104,15,15,5
83254,47,47,88868.842951,0,1,112,9,9,5
83255,80,80,56314.228133,58075.361011,2,109,8,8,3.86
83256,19,41,81834.324719,83821.481323,1,106,15,15,3.63
83257,9,27,15733.231169,17501.610035,1,106,15,10,3.33
83259,15,67,14376.08747,14276.370446,2,116,4,4,0.56
83260,24,24,23672.086299,25308.825321,2,107,6,6,1.26
83261,63,40,9038.850741,8944.396742,1,117,9,9,2.55
83262,80,80,26870.699123,27760.564399,1,108,15,15,5
83263,41,38,21796.018208,23994.336812,2,108,6,6,1.22
83264,7,30,11149.63659,11679.951556,2,110,4,4,0.57
83265,26,60,31440.077664,0,2,107,15,15,5
83266,5,32,12785.046353,12945.728198,2,106,3,3,0.2
83267,13,42,20991.912038,21029.01131,1,105,15,15,4.88
83269,13,44,11318.766216,0,1,118,15,15,5
83270,18,18,8098.694589,8335.812244,1,117,13,1,0.35
83271,21,55,61661.50647,62347.344572,1,105,14,14,2.27
83272,65,65,10113.37557,10340.090569,2,110,3,3,0.86
83273,10,49,22557.785765,22852.596752,2,113,6,6,1.15
83274,10,37,9956.997928,10192.49775,1,114,14,14,2.37
83275,17,31,19785.021761,19840.355011,1,111,14,14,2.11
83276,35,67,11774.580879,12479.858846,2,106,3,3,0.35
83277,51,29,25895.958339,26710.142589,2,105,99,3,1.07
83278,38,39,98443.782836,100797.35701,2,112,7,7,2.54
83279,75,79,24921.695423,25236.563212,1,116,5,5,1.4
83280,39,39,85021.348597,89425.165914,2,116,15,15,5
83281,5,45,7784.505493,8839.588714,1,118,5,5,0.56
83282,71,70,45735.042359,45504.796849,1,112,9,9,3.87
83283,1,43,6625.224361,6972.080119,2,105,7,7,1.4
83285,29,29,35804.597846,35589.849871,1,111,4,4,1.16
83286,24,19,46353.52177,47763.226569,1,106,6,6,1.27
83287,63,63,15711.025251,16263.034772,2,108,1,1,0.13
83288,9,40,10643.505451,11422.992455,2,115,14,14,3.92
83289,23,25,22313.885217,24968.3258,1,117,8,8,3.22
83290,4,43,14774.759379,15219.876843,1,116,8,8,2.21
83291,38,38,22107.281895,22978.206834,2,109,6,6,1.09
83292,64,64,13036.074129,13008.28149,1,109,3,3,0.51
83293,10,47,8987.222531,8946.616335,1,118,4,4,0.63
83294,80,80,12912.675098,13901.788387,2,106,5,5,1.53
83295,14,43,17640.493233,17558.288399,2,107,7,7,1.19
83296,25,25,106637.949613,112673.229821,2,107,15,15,5
83297,75,80,43193.115646,43738.829756,1,115,7,7,2.05
83298,6,29,14322.881933,14622.561101,1,111,6,6,1.02
83299,66,66,109775.719519,110208.60102,2,109,8,8,3.37
83300,80,80,42368.436094,44914.477163,2,111,7,7,3
83301,30,30,28291.516598,29729.350351,2,109,5,5,0.72
83302,1,25,6864.076991,7113.426138,2,105,4,4,0.47
83303,10,33,12238.010379,12362.128655,1,110,7,7,1.3
83304,0,38,8770.601824,9026.085448,1,109,7,7,1.31
83305,53,53,17549.282575,17229.453181,1,117,15,15,5
83306,9,49,11074.720485,11083.343424,1,104,15,15,5
83307,10,43,57179.851161,60943.774521,1,109,9,9,2.55
83308,0,23,8461.004757,9057.677146,2,115,7,7,1.68
83309,42,42,17766.208787,18342.57063,2,104,10,10,2.51
83311,63,63,34002.622995,34620.851794,2,112,3,3,0.98
83312,0,53,18779.746779,18047.331641,2,109,14,14,2.87
83313,24,55,30571.921215,30561.002343,2,116,7,7,1.52
83314,54,54,25119.09761,25058.537422,2,108,8,7,2.67
83315,0,53,7664.169761,7405.345973,1,107,7,7,0.93
83316,31,31,22910.824581,23246.233651,2,114,6,6,1.17
83317,5,47,7490.041639,7862.784147,2,104,15,15,4.19
83318,15,33,20717.221166,24841.987673,2,108,7,7,2.23
83319,15,44,18524.242488,17914.025005,1,111,1,1,0.02
83320,63,54,12117.623992,12061.447622,2,107,4,4,0.61
83321,80,80,21885.681618,23742.733264,1,108,2,2,0.7
83322,0,22,6583.777726,6717.650306,2,114,6,6,1.07
83324,0,34,4343.353019,4453.136388,2,114,14,14,2.39
83325,13,66,26001.173776,26632.551922,1,113,7,7,1.01
83326,65,65,77360.542867,76721.373601,2,109,8,8,1.56
83327,3,23,9905.206776,10096.894162,2,116,15,15,5
83328,48,48,20294.919152,20450.606959,2,118,7,7,2.54
83329,21,21,39586.91991,41350.739584,1,115,3,3,0.55
83330,8,41,53672.348266,55622.880645,1,116,15,15,5
83331,18,63,19069.312089,19324.428715,1,110,6,6,1.27
83332,14,40,17007.32113,17702.816131,1,106,3,3,0.78
83333,47,41,19688.556744,21674.319473,2,104,14,14,3.05
83334,27,27,23262.918867,23048.301241,1,116,7,7,1.27
83335,12,53,11245.346243,11829.490748,2,114,5,5,0.75
83336,32,32,28687.444194,28329.36024,1,114,7,7,1.27
83337,0,25,5783.684278,5929.873718,2,116,2,2,0.48
83338,52,53,15211.008638,16659.197245,2,106,15,15,5
83339,12,37,13933.971943,14050.126922,1,114,8,8,1.34
83340,6,30,23992.626601,24238.343164,1,109,5,5,0.93
83341,68,54,16452.001711,17831.404777,1,110,6,4,1.57
83342,6,26,26155.241628,26423.106258,1,113,3,3,0.35
83343,11,41,19124.963494,0,2,109,6,6,1.04
83344,15,46,12895.765659,12653.155536,1,107,15,15,3.93
83345,54,54,133440.622565,140531.326641,2,107,14,14,4.77
83346,4,31,39555.220305,40164.969071,2,112,9,9,2.56
83347,80,44,42548.951921,44350.33218,1,111,15,15,5
83348,15,37,10867.143036,10628.798647,2,117,7,7,1.59
83349,18,43,15178.413585,19891.864619,1,108,7,7,2.2
83350,15,36,22621.399581,22125.254124,1,111,3,3,0.61
83351,63,63,108382.755385,112505.76876,1,113,7,7,2.71
83352,20,60,25789.86622,25831.212215,1,106,15,15,5
83353,0,36,8719.057227,9594.514705,2,116,4,4,0.64
83355,15,45,14101.66324,14509.427678,1,116,14,14,3.82
83356,21,33,54113.687892,54861.096188,1,113,4,4,0.96
83357,10,49,9901.746684,10811.393033,1,108,6,6,1.16
83358,37,22,22404.751661,24388.154257,1,112,14,14,3.84
83360,25,26,69766.055661,69347.614452,2,110,14,5,1.89
83361,31,31,77833.293308,0,1,114,15,15,5
83362,31,31,17924.534701,19497.131672,2,104,8,8,2.32
83363,28,71,45052.854805,45553.961025,1,113,4,4,0.92
83364,46,46,32064.082231,31652.865991,1,107,6,6,1.27
83365,48,41,17828.785872,17503.862632,2,106,8,8,1.25
83366,0,50,6086.229092,6240.065709,2,114,6,6,1.06
83367,31,30,63856.639681,0,2,111,14,14,5
83368,43,65,27893.890908,28552.846223,1,105,7,7,1.53
83369,63,63,18493.150525,18683.26897,1,104,10,10,3.46
83370,9,29,15142.747277,15232.91811,2,115,7,7,1.43
83371,15,57,92304.019766,91646.160684,2,115,7,7,1.68
83372,25,29,37668.149554,38813.714533,1,115,8,8,2.12
83373,15,36,16165.020983,16052.895359,1,115,5,5,1.02
83374,61,61,88531.364913,89858.528672,2,107,15,15,5
83375,70,70,10831.218727,11008.022129,1,118,15,15,5
83376,43,50,25864.507365,25540.94913,1,114,10,10,3.33
83377,11,34,25546.50493,25880.375923,2,115,6,6,0.9
83378,1,37,8925.853059,9358.84724,2,106,5,5,0.72
83379,48,53,30019.128056,32638.351394,1,113,2,2,0.58
83380,46,46,16599.843229,17248.006932,1,110,6,6,1.09
83381,59,59,20045.764159,21549.397279,1,114,4,4,1.31
83382,44,44,102114.981288,104664.758147,1,110,15,15,5
83383,12,43,68416.439865,70077.774284,1,116,8,8,1.81
83384,9,54,14794.01056,15327.48055,2,113,6,1,0
83385,50,50,18913.813377,19315.123587,2,109,2,2,0.35
83386,34,34,74416.486124,0,1,116,14,14,4.61
83387,48,48,71381.334219,0,2,114,4,4,1.37
83388,50,50,143815.076784,145037.270814,1,105,15,15,5
83389,30,62,84998.393872,87139.094864,2,114,10,10,3.54
83390,71,71,24443.209581,24529.4511,2,115,5,5,1.29
83391,56,56,25417.952442,24954.719357,1,111,7,7,2.42
83392,35,35,85973.086861,88251.7936,1,113,14,14,3.61
83393,23,23,90601.316062,92593.728625,2,109,14,14,4.77
83394,80,80,24613.809078,25263.624319,2,112,4,4,1.21
83395,75,78,12147.200745,12275.8531,2,104,7,7,2.38
83396,21,39,20650.669401,24036.500224,1,112,7,7,0.88
83397,19,54,77129.879802,79423.163473,1,105,6,6,1.44
83398,56,25,13180.86296,14004.043797,2,118,6,6,0.68
83399,23,23,30226.348713,30045.057829,2,107,12,2,0.69
83401,3,29,16584.123313,18028.011145,1,104,15,15,5
83402,1,26,13819.213585,13937.752129,2,111,2,2,0.4
83403,80,80,39490.273952,41162.160019,1,115,6,6,2.61
83404,1,19,10800.308412,11277.060342,1,110,3,3,0.55
83405,11,65,33498.961645,33936.764452,1,114,5,5,0.65
83406,80,80,39446.992933,41117.046627,1,117,8,8,3.09
83407,15,62,11596.149818,11421.929234,1,112,4,4,0.54
83408,36,36,17422.87721,18087.592254,2,112,3,3,1.11
83409,43,43,17825.939273,18001.063902,1,118,12,4,0.54
83410,33,70,23424.106902,0,1,106,8,8,1.36
83412,33,33,24446.516683,24274.89136,1,116,6,6,1.54
83413,10,40,8222.206169,8123.397949,1,110,15,15,4.72
83414,47,53,31767.705205,31360.289948,1,111,15,15,5
83415,26,54,39624.618195,41157.647286,1,105,15,15,5
83416,6,24,7149.660449,7036.049085,2,114,4,4,0.54
83417,33,33,40218.445362,46290.45408,1,107,5,5,0.76
83418,10,38,7462.042982,8243.686741,1,117,15,15,5
83419,2,45,9041.772394,9216.750439,1,114,7,7,1.79
83420,80,80,51548.544433,54646.244592,1,114,10,5,1.74
83421,2,31,15880.127972,16338.207964,2,109,6,4,0.57
83422,1,21,6355.543653,6558.562658,1,112,1,1,0.1
83423,66,66,13672.244221,13639.90651,2,106,15,15,5
83424,57,57,25119.311742,24805.07571,1,115,6,6,2
83425,34,36,19631.712963,19696.547689,2,110,15,15,5
83426,56,56,111297.457444,113658.94876,2,114,14,14,3.14
83427,27,36,33910.129682,37214.703432,1,106,8,8,1.81
83428,63,63,90489.627279,93647.427534,2,113,6,6,1.59
83429,61,64,11044.80962,10965.965843,1,108,6,6,1.54
83430,23,46,28306.859769,28296.749872,1,116,14,14,3.57
83431,64,66,94037.983978,94837.277637,1,110,14,14,5
83433,29,29,41912.448698,44284.525177,2,109,6,6,0.88
83434,1,28,12109.170962,12641.627545,1,109,3,3,0.38
83435,8,76,7997.896408,8103.728005,2,105,2,2,0.34
83436,76,30,8772.080101,9073.789865,1,114,9,9,1.54
83437,49,24,29161.979602,29111.917079,1,111,8,8,1.42
83438,57,56,22962.317252,23157.324484,2,108,15,15,3.24
83439,30,30,26140.130779,27169.931363,2,111,12,7,3.43
83440,13,40,8022.162473,11054.514805,1,117,9,9,3.07
83441,62,62,10478.605164,10360.13254,1,111,9,9,3.07
83442,0,29,8108.218189,8787.230777,1,110,6,6,1.27
83443,0,20,7197.68514,7379.615119,2,111,5,5,1.25
83444,5,36,12554.564298,13010.629973,1,105,9,9,2.07
83445,80,80,21781.282407,22613.998346,2,118,2,2,0.43
83446,68,68,9636.966766,9983.680287,1,104,1,1,0.21
83448,43,43,25124.237685,25939.304766,2,108,8,8,2.1
83449,13,42,10072.285024,0,2,109,8,8,1.89
83450,68,68,7037.582072,7584.106929,1,118,2,2,0.58
83451,16,32,11757.451087,14098.341309,2,104,5,5,0.72
83452,48,48,24622.645144,25237.464341,1,114,6,6,1.2
83453,19,19,22931.802904,23627.348123,1,112,2,2,0.61
83454,15,40,49146.845584,48796.571578,1,116,15,15,3.17
83455,44,44,90931.112841,91427.766369,1,110,15,15,5
83456,65,65,21325.13764,20965.111879,2,112,3,3,0.83
83457,13,43,12279.526899,12729.348242,2,112,7,7,1.25
83458,11,41,19667.958632,19925.002047,2,107,3,3,0.5
83459,31,31,29118.060185,30823.729254,2,109,1,1,0
83460,79,79,6870.97804,7114.998156,2,118,7,7,2.29
83461,42,42,16274.721396,16122.075256,2,117,5,5,0.82
83462,2,25,18335.543778,20835.389367,1,116,5,5,1.02
83463,10,42,42374.763123,44311.988213,2,115,9,9,2.52
83465,24,27,72592.668922,79406.068495,2,111,5,5,1.14
83466,32,32,28430.112566,30111.037686,1,104,12,4,0.97
83468,15,46,66076.248699,67032.915706,2,107,8,8,1.91
83469,0,23,8167.811224,8497.610015,2,112,2,2,0.4
83470,4,36,53818.494351,58028.83873,1,111,15,15,4.35
83471,0,34,17200.0298,18927.039306,2,116,15,15,5
83472,63,63,78588.295739,80455.860263,1,104,15,15,5
83473,3,30,15920.574299,17210.589962,1,108,5,5,0.63
83474,11,30,9872.274383,10190.752111,1,118,6,6,0.84
83475,13,32,16369.019368,16317.653112,2,115,6,6,1.17
83476,22,57,31852.782377,33687.108783,2,118,2,2,0.3
83477,20,46,23262.918867,23048.301241,1,116,14,14,3.57
83478,33,33,71723.122032,73529.482734,2,110,15,14,5
83479,8,30,7887.401045,7792.616259,2,114,1,1,0.02
83480,24,54,47416.855283,49733.400361,1,117,10,10,2.36
83482,11,46,14380.56591,14684.58599,1,108,4,4,0.58
83483,54,54,21574.291967,21304.403206,2,106,15,15,5
83485,18,47,11995.035993,11911.834685,2,114,6,6,1.04
83486,25,25,49125.624802,51525.651621,1,113,1,1,0.18
83487,33,33,88161.950783,90498.673108,1,107,7,7,1.78
83488,4,36,16169.558344,17479.748738,1,106,8,8,1.81
83489,13,37,11358.352949,12514.654444,1,104,3,3,0.47
83490,8,37,16194.865972,16949.724395,1,110,15,15,5
83491,39,39,22133.565021,21740.558504,2,105,2,2,0.51
83492,22,55,27613.679439,27358.92283,2,116,7,7,1.52
83493,6,38,18355.812133,20418.963046,2,111,2,2,0.48
83494,19,50,39140.349977,40090.782515,2,110,9,9,2.52
83495,3,29,16204.139645,17471.826694,2,108,12,5,1.01
83496,18,45,10382.16215,10172.056335,1,112,9,9,1.37
83497,29,34,76728.276142,78516.548963,2,116,15,15,5
83498,7,40,10263.294216,0,2,104,15,15,5
83499,30,55,29733.569733,31332.373781,1,116,8,8,2.56
83500,6,70,29192.067148,30321.316103,2,109,15,15,5
83501,10,48,31142.230386,32223.514698,1,118,15,15,5
83502,8,27,15733.231169,17501.610035,1,106,15,10,3.33
83503,24,26,22963.931714,23502.470425,2,105,6,6,1.52
83504,2,58,8083.57408,8721.890947,2,118,8,8,1.4
83505,70,68,20905.315139,23415.313867,1,117,6,6,1.61
83506,46,46,103259.075034,105701.353253,2,113,14,14,3.79
83507,50,30,19843.332488,19765.33087,1,108,6,6,1.23
83508,0,32,4337.410821,4953.910971,2,106,8,8,2.53
83509,5,26,13794.832347,14246.182881,1,114,8,8,1.46
83510,54,77,27119.679434,27660.844056,1,115,4,4,0.97
83511,68,68,13275.100444,14062.894755,1,109,4,4,1.36
83512,9,48,19401.013315,20047.981223,1,111,14,14,3.48
83515,3,44,7536.17002,8144.792154,2,106,15,15,4.69
83516,66,66,15478.5921,15902.782125,1,118,2,2,0.71
83517,17,40,6869.57837,7851.932398,1,117,15,15,5
83518,33,60,25054.682743,24878.787826,1,106,15,15,5
83519,19,41,29128.39011,29225.049705,2,109,4,4,0.63
83520,49,49,24191.170187,23964.272984,2,118,5,5,0.98
83521,6,31,15619.878402,15908.214397,2,112,6,6,1
83522,35,28,21268.275623,21648.82347,1,114,9,9,3.87
83523,17,52,70561.370405,74137.723614,2,113,15,15,3.58
83524,55,58,15563.292854,15837.514609,2,118,15,15,5
83525,33,33,56159.890864,57574.288579,1,117,10,10,4.51
83526,58,58,25877.858263,27208.007941,1,109,8,8,1.58
83527,18,47,20955.366347,20495.761283,2,111,2,2,0.36
83528,69,72,8047.572832,8069.095436,1,108,4,4,1.26
83529,59,51,14309.982874,14901.675973,2,118,15,15,4.04
83530,80,80,30930.093041,34660.559958,2,105,7,7,3
83531,15,44,12881.901954,13102.529666,1,116,15,15,5
83532,17,49,13290.910202,12979.887472,1,107,7,7,1.27
83533,63,63,10238.123311,10336.166781,2,116,9,9,4.07
83534,2,37,12254.739004,12849.217833,1,106,5,5,0.63
83535,69,69,9294.477003,9434.304357,2,105,2,2,0.69
83536,20,51,34930.202341,35992.500781,2,107,7,7,1.05
83537,0,26,19100.779444,19872.028164,1,113,15,15,3.62
83538,0,45,3869.905721,4016.732962,1,112,9,9,1.37
83539,73,43,30930.970565,34586.955553,2,112,7,7,1.25
83540,30,36,18218.321637,18845.209289,1,112,3,3,0.77
83541,44,44,30279.228231,29890.902431,2,115,5,5,0.89
83542,71,76,18537.900482,19179.453734,2,114,7,5,1.37
83543,71,71,12241.181354,12686.598291,1,114,3,3,1.29
83544,68,68,5904.102946,6107.170575,2,118,4,4,1.29
83546,59,57,97841.634569,106301.58925,1,112,15,15,5
83547,7,37,39849.768852,43938.606937,1,110,15,15,5
83548,10,41,39849.768852,43938.606937,1,110,15,15,5
83549,28,28,25217.286169,0,1,104,15,15,5
83550,8,38,43164.746157,43606.810848,2,107,8,8,2.05
83551,28,26,21738.999991,0,2,108,12,14,5
83552,60,52,10650.488378,10951.011216,1,116,5,5,1.02
83553,71,71,46988.470276,46190.114005,1,116,9,9,3.87
83554,49,43,59322.209252,62781.476381,1,108,15,15,3.37
83555,9,30,9814.781995,10113.640996,2,112,3,3,0.43
83557,61,61,14975.454019,15106.140691,2,114,15,15,3.58
83558,43,43,26805.908564,27343.613431,2,111,7,7,1.47
83560,2,56,11952.852045,12137.106784,1,112,4,4,0.48
83561,14,41,18954.190064,18819.10184,2,113,6,4,0.59
83562,21,21,29340.049115,30240.979844,1,112,3,2,0.61
83563,59,63,38441.864976,41029.748777,1,113,5,5,1.35
83564,15,43,14734.662826,14669.12987,2,110,7,7,1.5
83565,34,57,27280.243296,29338.193864,1,107,8,8,2.12
83566,14,43,93416.626065,99139.528062,2,108,15,15,4.3
83567,68,68,10309.618463,10680.532279,2,116,6,6,2.78
83568,32,65,26620.847065,26148.163772,1,109,7,7,1.7
83569,53,53,35337.37471,35591.868491,1,113,5,5,1.02
83570,0,22,8575.409856,8825.207627,2,118,3,3,0.59
83571,5,44,10682.011298,10836.241011,2,114,4,4,0.54
83572,0,37,14340.706086,15780.618459,1,114,14,14,2.9
83573,5,30,19727.853335,20296.925254,2,109,5,5,0.72
83574,19,56,11132.783219,10716.878512,1,112,14,14,2.9
83575,20,37,31171.468535,31416.495205,2,115,3,3,0.31
83576,65,65,52546.283377,54751.494296,1,114,5,5,0.65
83577,10,39,19758.073494,20635.747461,2,107,8,6,1.52
83578,63,63,72183.784616,73899.152969,1,105,9,9,4.79
83579,6,30,14641.923417,17735.09588,2,111,7,7,1.82
83580,28,28,81284.280828,82927.900929,1,114,8,1,0.35
83581,41,41,36482.560021,36766.900125,2,108,5,5,1.16
83582,9,33,10714.314566,10665.904998,2,106,4,4,0.63
83583,20,43,19573.396704,20461.23859,1,108,6,6,1.2
83584,56,56,16759.786893,16955.112357,2,105,2,2,0.77
83585,43,43,24622.645144,25003.298465,1,113,5,5,0.87
83586,50,51,21386.762206,21176.055794,2,107,5,5,1.21
83587,11,60,9800.175372,9682.404318,1,106,15,15,5
83588,10,44,8190.16355,8255.323152,1,116,15,15,5
83589,59,59,109715.406887,119202.036726,1,110,14,14,4.84
83590,77,71,9587.724357,10078.498008,1,112,9,9,3.87
83591,16,47,9127.916066,9631.407704,1,107,15,15,5
83592,58,58,87459.565791,88089.434753,2,104,15,15,5
83593,44,44,26503.647584,0,2,113,4,4,1.14
83594,6,29,26686.079774,28118.194063,2,108,6,6,1.22
83595,63,63,15082.008446,14960.764927,2,115,5,5,2.06
83597,42,42,69222.480028,68948.773731,2,107,5,5,2.06
83598,5,36,63432.6552,72080.985747,2,116,15,15,4.61
83599,19,38,17398.150969,17408.099243,1,111,8,8,0.94
83600,80,80,22300.087958,24387.207425,1,110,3,3,1.04
83601,2,21,14383.524137,14816.854902,2,116,2,2,0.35
83603,0,28,10823.105339,10720.211294,2,113,6,6,1.02
83604,60,37,6378.809847,6858.045662,2,104,15,15,5
83605,68,68,97888.63333,103252.024141,1,106,7,7,2.58
83606,7,43,9603.082308,10431.848517,2,104,15,15,4.19
83607,4,23,11553.408741,12106.851151,1,112,2,2,0.21
83608,0,35,5045.027209,4964.91325,1,116,4,4,0.54
83609,10,36,49542.862249,52448.949802,2,109,15,15,5
83610,18,74,19294.591735,19597.155832,2,104,5,5,1.01
83611,2,30,17168.293263,17923.206279,2,109,6,6,1.05
83612,72,72,59624.562972,59490.823748,2,105,14,14,5
83613,23,55,61661.50647,62347.344572,1,105,14,14,2.27
83614,62,62,10870.717372,10783.328213,1,106,9,9,2.94
83615,80,80,35984.901609,37268.927715,1,114,14,14,5
83618,40,40,36931.463433,38829.780276,2,113,15,15,4.19
83619,31,31,82191.184611,84369.652468,1,104,15,15,5
83620,29,29,19530.358703,20186.026322,1,112,14,14,5
83621,4,29,56138.347121,65778.397745,2,108,8,8,1.99
83622,3,36,15920.574299,17210.589962,1,109,4,4,0.47
83623,80,80,27937.28961,28868.300987,2,107,6,6,1.67
83624,50,50,16952.587482,17029.212729,1,112,8,8,1.91
83625,58,24,17182.90023,17351.707549,1,107,4,4,0.65
83626,8,30,11772.046138,14203.044325,2,111,6,6,1.62
83627,49,49,32218.058471,33276.830691,2,115,8,8,2.65
83628,13,55,28725.980251,30741.594403,1,109,3,3,0.61
83629,7,28,10114.164966,10012.221014,2,116,5,5,1.39
83630,80,80,22907.983845,23778.976021,1,108,8,8,2.9
83631,9,31,9794.027172,10168.856812,1,117,6,6,0.91
83632,47,47,20186.070435,20690.109848,1,114,6,2,0.7
83633,45,45,98994.797869,100525.206091,1,114,15,15,5
83634,51,51,26428.236273,26858.079926,2,115,4,4,0.95
83635,17,55,26001.173776,0,1,113,1,1,0.02
83636,25,25,43879.873791,44929.104054,2,111,7,5,1.89
83637,40,40,34480.709333,36253.054786,1,106,14,14,2.25
83638,80,80,22208.518877,24769.485665,2,105,15,15,5
83639,80,80,45463.926182,47517.374323,1,112,8,8,3.92
83640,79,79,22015.721371,23568.442103,2,112,7,7,3.43
83641,15,28,14263.684411,14603.914618,1,116,8,8,2.04
83643,29,41,36668.682115,41902.417685,2,116,5,5,0.63
83644,8,49,12836.02318,13047.20237,1,107,7,7,1.27
83645,5,37,20265.287067,21073.00984,1,116,14,14,3.4
83646,56,56,20056.054063,20630.973645,2,105,2,2,0.77
83647,20,20,27812.906081,29767.802689,1,113,1,1,0
83648,18,47,56135.31765,62146.834707,2,112,15,15,5
83649,6,49,18949.801993,20632.17381,1,106,15,15,3.17
83650,67,70,15483.72418,15222.317212,2,107,14,10,2.19
83651,10,44,16498.046589,16665.370283,1,109,8,8,2.3
83652,39,45,15030.182711,0,2,106,15,8,4.28
83653,7,37,12938.441517,13069.663587,1,116,14,14,3.4
83654,8,31,10277.532473,10114.217796,1,115,7,7,2.45
83655,41,41,133741.606556,134586.772457,2,109,14,14,5
83656,3,36,12554.564298,13010.629973,1,105,9,9,2.07
83657,30,28,28108.103985,0,2,115,3,3,0.64
83658,50,50,14422.284143,14287.01264,2,104,15,15,5
83659,19,29,11178.8162,10933.636017,1,118,14,14,2.27
83660,69,69,16830.596219,17409.473197,1,107,15,15,5
83661,1,39,16140.134528,16017.132163,2,107,7,7,1.07
83662,80,80,20785.065302,21653.892861,1,104,7,7,2.39
83663,72,72,19907.84107,21681.245015,2,118,99,3,1.13
83664,37,54,25490.816289,27689.661028,2,108,8,3,0.86
83665,31,32,17049.514842,17759.245357,1,118,5,5,1.02
83666,13,33,14682.770036,14580.925767,2,115,6,6,0.78
83667,30,27,16838.278674,17382.870446,1,104,14,14,3.97
83668,21,48,30540.528583,32933.854734,1,110,15,15,4.25
83669,41,70,102341.831273,104808.876117,1,113,7,7,2.26
83670,2,46,7615.118046,8278.124229,2,117,1,1,0.11
83671,19,41,13780.250142,13919.209439,2,111,1,1,0.07
83672,36,29,36757.987895,40012.024793,1,111,3,3,0.51
83673,17,41,8246.939853,8111.903705,2,118,14,14,2.1
83674,40,40,75408.881366,79806.213627,2,104,15,15,4.19
83675,12,41,29128.39011,29225.049705,2,109,4,4,0.63
83676,51,39,13182.967793,12942.712924,2,106,10,10,1.94
83677,18,51,11581.968545,11240.719762,2,106,5,5,0.96
83678,42,45,89563.970157,89292.844711,1,114,15,15,5
83679,14,42,13179.636273,12912.917436,1,105,14,14,4.1
83680,12,39,18614.702504,19025.737955,2,115,3,3,0.42
83681,1,32,8949.606622,9656.309474,1,118,5,5,1.02
83682,12,42,14030.557187,14436.265518,2,108,7,7,1.47
83683,33,34,42234.695086,47014.541586,2,109,6,6,0.84
83684,80,80,19302.542605,19728.702702,2,105,10,10,5
83685,0,25,12594.408146,12961.277501,1,106,9,9,2.82
83687,70,77,21227.318185,21837.787247,2,116,8,8,2.27
83688,29,29,70114.830004,75000.066411,2,104,8,8,2.68
83689,30,30,30189.397448,30631.363109,2,116,5,5,1.27
83690,49,43,105662.163723,106328.879063,2,112,14,14,3.9
83691,12,36,16417.941086,16057.853424,1,106,4,4,0.46
83692,68,68,9359.80207,9696.543911,2,114,4,4,1.08
83693,13,56,71087.677637,72813.876864,1,115,9,9,2.34
83694,36,37,16638.887202,17331.52427,2,104,14,14,3.22
83695,2,42,8796.520839,9077.513465,2,112,14,14,3.4
83696,16,49,9679.74745,10182.56623,2,105,6,6,0.83
83697,19,44,12081.217311,13102.350006,1,118,5,5,0.72
83699,37,35,85368.287194,87521.774438,1,104,14,14,3.18
83700,29,28,101653.105092,104022.290147,2,112,14,14,4.3
83701,45,46,29231.64735,29755.945994,1,108,8,5,1.29
83702,80,80,31569.274135,33466.362531,1,112,7,7,3.57
83704,15,41,22410.160297,22250.441062,1,104,1,1,0
83705,35,46,34093.594033,33825.411466,1,108,4,4,0.58
83706,6,28,8662.610109,8648.548981,1,114,6,6,1.36
83707,18,18,18081.800286,18481.068602,2,108,12,3,0.86
83708,64,64,100202.16841,102106.493777,1,112,5,5,2.09
83709,24,46,84539.996864,86433.720386,1,113,15,15,3.63
83710,2,22,7371.22294,7630.07669,2,114,1,1,0.11
83711,38,66,28291.516598,28736.069266,2,109,7,7,1.08
83712,61,61,38081.29066,38231.457622,2,115,9,9,2.04
83713,34,29,14919.218779,16535.236604,2,118,6,6,1.27
83714,19,48,26001.173776,26632.551922,1,114,6,6,1.2
83715,58,58,25819.771131,27756.512614,2,116,3,3,0.94
83716,17,50,49146.845584,50054.337936,1,116,15,15,3.63
83717,80,36,12010.325301,12031.439724,1,107,6,6,0.7
83719,3,24,23018.846097,24135.493026,1,106,8,8,2.32
83720,36,36,20917.413262,22721.755013,1,112,8,8,2.9
83721,52,47,67937.153461,68456.771849,1,112,15,15,5
83722,0,26,4732.381343,4932.794501,2,105,7,7,0.97
83723,61,61,11140.687817,11179.994842,1,109,10,10,3.53
83724,80,80,28323.849076,29383.486541,1,117,8,8,3.09
83725,7,25,20425.791465,20632.950468,1,106,6,6,1.07
83726,40,43,45268.572702,49177.291,2,115,9,9,3.81
83728,2,40,15274.47536,16512.138781,1,107,8,8,1.95
83729,42,42,24122.2489,26902.344381,1,104,7,7,3.66
83730,7,30,25521.878546,26686.025573,2,109,6,6,1.05
83731,11,43,8930.180154,9700.873491,2,106,15,15,5
