"RIAGENDR","RIDAGEYR","RIDRETH3","DMQMILIZ","DMDBORN4","DMDCITZN","DMDEDUC2","SIALANG","SIAINTRP","DMDFMSIZ","DMDHHSZA","DMDHHSZB","DMDHHSZE","DMDHRGND","DMDHRAGE","DMDHRBR4","DMDHREDU","DMDHRMAR","WTINT2YR","INDFMPIR"
"1",69,"4",1,"1","1","3","1","2",3,0,0,2,"1",69,"1","3","4",13281.237386,0.84
"1",54,"3",0,"1","1","3","1","2",4,0,2,0,"1",54,"1","3","1",23682.057386,1.78
"1",72,"3",1,"1","1","4","1","2",2,0,0,2,"1",72,"1","4","1",57214.803319,4.51
"2",73,"3",0,"1","1","5","1","2",2,0,0,2,"1",78,"1","5","1",63709.667069,5
"1",56,"1",1,"1","1","4","1","2",1,0,0,0,"1",56,"1","4","3",24978.144602,4.79
"2",61,"3",0,"1","1","5","1","2",1,0,0,1,"2",61,"1","5","2",60325.095254,5
"1",42,"2",0,"1","1","3","1","2",4,1,1,0,"1",42,"1","3","1",23307.675629,5
"2",56,"3",0,"1","1","3","1","2",7,3,0,0,"2",56,"1","3","3",16351.78314,0.48
"1",65,"3",0,"1","1","2","1","2",1,0,0,1,"1",65,"1","2","2",34002.622995,1.2
"2",26,"3",0,"1","1","5","1","2",3,0,0,0,"2",26,"1","5","5",89514.433218,5
"1",76,"3",0,"1","1","5","1","2",2,0,0,2,"1",76,"1","5","1",46988.470276,5
"2",33,"6",0,"2","1","5","1","2",4,1,1,0,"2",33,"2","5","1",14155.313,2.1
"1",32,"1",0,"2","2","1","2","1",5,3,2,0,"2",32,"2","3","6",36284.650273,0.29
"1",50,"6",0,"2","2","5","1","2",3,0,1,0,"1",50,"2","5","1",15902.418122,5
"2",23,"4",0,"1","1","4","1","2",3,1,0,0,"2",23,"1","4","6",30197.081366,0.69
"1",28,"6",1,"2","1","4","1","2",2,0,0,0,"1",28,"2","4","1",18063.143861,2.26
"1",35,"3",0,"1","1","3","1","2",1,0,0,0,"1",35,"1","3","3",57197.640964,1.74
"1",23,"2",0,"2","2","1","2","2",7,3,2,0,"1",40,"2","1","1",38818.867179,0.45
"1",58,"2",1,"1","1","4","1","2",2,0,0,0,"1",58,"1","4","1",25352.868636,3.09
"2",57,"6",0,"2","1","5","1","2",3,0,0,0,"1",59,"2","5","1",16103.986881,5
"2",50,"4",1,"2","1","4","1","2",1,0,0,0,"2",51,"1","5","3",37889.887895,2.18
"1",37,"4",0,"1","1","3","1","2",6,0,3,0,"1",37,"1","3","3",19725.408052,0.63
"1",35,"6",0,"2","2","5","1","2",4,2,0,0,"2",27,"2","5","1",16870.916427,3.77
"2",69,"3",0,"1","1","4","1","2",1,0,0,2,"1",68,"2","4","6",74230.336609,2.44
"1",75,"3",1,"1","1","3","1","2",2,0,0,2,"2",70,"1","3","1",17787.940939,1.08
"1",43,"3",1,"1","1","5","1","2",6,2,2,0,"1",43,"1","5","1",73295.590253,2.03
"2",60,"4",0,"1","1","2","1","2",6,0,1,1,"2",60,"1","2","1",14374.912602,5
"2",55,"3",0,"2","1","3","1","2",2,0,0,0,"2",55,"2","3","2",27773.629038,1.29
"2",65,"2",0,"2","1","1","2","2",1,0,0,1,"2",65,"2","1","2",10950.248806,1.22
"2",62,"3",0,"1","1","4","1","2",2,0,0,1,"2",62,"1","4","1",70119.671677,5
"2",36,"1",0,"2","2","3","2","2",2,0,0,0,"2",36,"2","3","3",49443.10405,0.84
"1",80,"3",1,"1","1","5","1","2",2,0,0,2,"2",78,"1","5","1",36117.581178,5
"1",72,"3",1,"1","1","5","1","2",2,0,0,2,"1",72,"1","5","1",57479.762312,5
"1",32,"3",0,"1","1","4","1","2",4,2,0,0,"2",32,"1","3","1",69244.437969,3.27
"2",31,"3",0,"1","1","1","1","2",6,3,0,0,"2",52,"1","4","3",28291.516598,0.47
"2",72,"4",0,"1","1","3","1","2",4,0,1,2,"1",76,"1","1","1",13922.95387,0.78
"1",80,"3",1,"1","1","4","1","2",1,0,0,1,"1",80,"1","4","2",32868.046411,3
"2",26,"4",0,"1","1","4","1","2",5,0,1,0,"1",53,"1","4","1",27497.219866,3.45
"2",56,"4",0,"1","1","2","1","2",1,0,0,0,"2",56,"1","2","3",26678.260372,0.71
"2",43,"3",0,"1","1","5","1","2",4,0,1,0,"2",43,"1","5","1",69483.16115,3.56
"1",65,"4",0,"1","1","3","1","2",3,0,0,1,"1",65,"1","3","2",14047.62396,1.52
"2",63,"7",0,"1","1","4","1","2",1,0,0,1,"2",63,"1","4","2",37647.755368,2.18
"1",71,"3",0,"1","1","2","1","2",5,1,0,2,"1",71,"1","2","1",43379.068525,1.45
"2",67,"4",0,"1","1","4","1","2",1,0,0,1,"2",67,"1","4","3",15937.838923,2.23
"2",64,"3",0,"1","1","4","1","2",1,0,0,1,"2",64,"1","4","3",101153.817481,0.77
"2",57,"3",0,"1","1","3","1","2",3,0,0,0,"1",55,"1","1","1",33644.734694,2.27
"2",54,"3",0,"1","1","4","1","2",6,0,1,0,"1",55,"1","4","1",56722.423045,5
"2",61,"2",0,"1","1","3","1","2",3,0,1,2,"1",61,"1","2","1",13036.074129,3.53
"2",54,"4",0,"1","1","3","1","2",2,0,0,0,"2",54,"1","3","1",20545.181159,3.81
"1",46,"3",0,"1","1","1","1","2",3,0,0,0,"2",57,"1","4","1",20907.521769,1
"1",44,"4",1,"1","1","3","1","2",5,1,2,0,"1",44,"1","3","1",17166.56477,1.79
"1",54,"3",0,"1","1","5","1","2",4,0,1,0,"1",54,"1","5","1",77809.996236,4.25
"1",35,"6",0,"1","1","5","1","2",3,1,0,0,"1",35,"1","5","1",14743.682904,5
"2",70,"3",0,"1","1","4","1","2",2,0,0,2,"2",70,"1","4","2",48194.233481,1.93
"1",59,"6",0,"2","2","5","1","1",3,0,1,0,"2",44,"2","5","1",16433.426266,1.82
"1",25,"4",0,"2","1","4","1","2",3,0,0,0,"2",51,"1","5","4",24511.409395,2.02
"1",39,"3",0,"1","1","4","1","2",3,0,0,1,"1",53,"1","3","3",16701.797849,0.61
"1",25,"3",0,"1","1","5","1","2",1,0,0,0,"1",25,"1","5","5",69362.260229,5
"1",59,"1",0,"2","2","1","2","2",2,0,0,0,"1",59,"2","1","4",17889.499441,0.03
"1",70,"6",0,"1","1","5","1","2",2,0,0,2,"1",70,"1","5","1",15855.011733,3.81
"1",24,"3",1,"1","1","4","1","2",5,2,1,0,"2",30,"1","2","6",31174.074739,0.65
"2",30,"3",0,"1","1","4","1","2",7,2,4,0,"2",30,"1","4","5",28884.38512,1.43
"2",71,"1",0,"2","2","1","2","2",1,0,0,1,"2",71,"2","1","2",15174.746412,0.87
"1",49,"4",0,"1","1","2","1","2",1,0,0,0,"1",49,"1","2","5",26355.014554,0.86
"1",73,"3",1,"1","1","4","1","2",2,0,0,2,"1",73,"1","4","1",59598.753457,5
"1",45,"3",0,"1","1","5","1","2",4,0,2,0,"1",45,"1","5","1",122492.425862,5
"1",29,"6",0,"2","2","3","1","1",3,1,0,0,"2",28,"2","3","1",17562.57913,0.87
"1",44,"3",0,"1","1","4","1","2",4,0,2,0,"2",38,"1","5","1",100857.701196,2.73
"2",61,"4",0,"1","1","4","1","2",2,0,0,2,"1",71,"1","5","1",13072.88574,5
"1",51,"3",1,"1","1","2","1","2",5,2,1,0,"1",51,"1","2","1",22004.084169,1.02
"1",64,"6",0,"2","1","5","1","2",2,0,0,1,"1",64,"2","5","1",21780.043291,5
"1",58,"3",0,"1","1","3","1","2",2,0,0,1,"2",68,"1","5","1",111416.034907,4.45
"1",54,"3",1,"1","1","5","1","2",3,0,0,0,"1",54,"1","5","1",90641.606893,5
"2",77,"3",0,"1","1","4","1","2",2,0,0,2,"1",78,"1","2","1",64291.332105,3.09
"1",65,"2",0,"2","2","3","2","2",2,0,0,2,"2",64,"2","4","1",19223.252968,1.61
"2",78,"3",0,"1","1","2","1","2",1,0,0,1,"2",78,"1","2","3",19802.214967,0.78
"2",66,"3",0,"1","1","3","1","2",2,0,0,2,"1",72,"1","4","1",76613.875616,4.51
"2",79,"3",0,"1","1","4","1","2",2,0,0,2,"1",80,"1","4","1",68573.686426,3.61
"2",57,"3",0,"1","1","5","1","2",2,0,0,1,"1",80,"2","3","1",84145.999065,3.18
"1",23,"3",0,"1","1","4","1","2",1,0,0,0,"1",23,"1","4","6",75477.903922,2.74
"1",47,"6",0,"2","2","5","1","2",4,1,0,0,"1",47,"2","5","1",15836.447816,4.19
"2",48,"3",0,"1","1","2","1","2",2,0,0,0,"1",52,"1","4","1",82152.110665,3.81
"1",54,"3",0,"1","1","4","1","2",4,0,1,1,"2",62,"2","4","1",25346.245212,1.44
"1",69,"1",0,"1","1","5","1","2",3,0,0,2,"1",46,"1","5","6",18961.371824,5
"1",64,"4",1,"1","1","3","1","2",2,0,0,1,"2",57,"1","4","1",14122.831429,2
"2",29,"3",0,"1","1","5","1","2",3,1,0,0,"2",29,"1","5","1",91379.032547,5
"2",38,"3",0,"1","1","4","1","2",3,0,1,0,"2",38,"1","4","1",107737.369017,3.07
"1",25,"3",1,"1","1","5","1","2",1,0,0,0,"1",25,"1","5","5",92929.67535,4.35
"1",53,"4",0,"1","1","4","1","2",3,0,1,0,"1",53,"1","4","1",21581.588345,1.02
"1",48,"4",1,"1","1","3","1","2",3,0,1,0,"2",46,"1","5","1",38313.250912,3.03
"2",80,"3",0,"1","1","3","1","2",1,0,0,1,"2",80,"1","3","3",38359.427853,2.18
"2",80,"4",0,"1","1","4","1","2",1,0,0,1,"2",80,"1","4","2",21300.728746,3.31
"1",77,"3",0,"1","1","4","1","2",2,0,0,2,"1",77,"1","4","1",65915.732311,5
"2",80,"3",0,"1","1","4","1","2",2,0,0,1,"2",80,"1","4","2",73783.534447,3.05
"2",67,"1",0,"1","1","3","1","2",7,0,4,1,"2",33,"1","3","1",13530.848271,1.34
"1",46,"3",0,"1","1","4","1","2",4,0,1,0,"2",47,"1","4","1",85445.096077,2.59
"1",48,"1",0,"1","1","3","1","2",3,0,0,0,"2",50,"1","2","5",35862.473154,1.28
"1",80,"3",0,"2","1","3","1","2",2,0,0,1,"1",80,"2","3","1",22729.702215,3.18
"2",30,"7",0,"1","1","5","1","2",6,1,2,0,"2",50,"1","5","3",17065.637254,2.19
"1",29,"4",0,"1","1","5","1","2",4,0,0,0,"1",57,"1","5","1",23650.246155,5
"2",46,"3",0,"1","1","4","1","2",3,0,0,0,"1",46,"1","4","3",19120.526421,1.47
"2",64,"3",0,"1","1","4","1","2",1,0,0,1,"2",64,"1","4","2",26421.037692,1.22
"2",80,"2",0,"1","1","5","1","2",2,0,0,2,"1",80,"1","2","1",12038.542864,5
"2",61,"3",0,"1","1","3","1","2",2,0,0,1,"2",61,"1","3","4",24606.886411,0.64
"2",29,"1",0,"1","1","5","1","2",2,0,0,0,"1",27,"1","5","5",45666.599712,5
"1",64,"3",1,"1","1","3","1","2",2,0,0,2,"1",64,"1","3","3",38259.331054,1.27
"2",31,"2",0,"1","1","4","1","2",6,2,2,0,"2",31,"1","4","1",36433.531882,0.06
"1",54,"1",0,"1","1","4","1","2",3,0,1,0,"1",54,"1","4","1",26556.369566,0.64
"2",75,"3",0,"1","1","4","1","2",1,0,0,1,"2",75,"1","4","3",22543.836025,1.75
"2",35,"6",0,"2","2","5","1","2",4,1,1,0,"2",35,"2","5","1",21017.541729,4.61
"2",50,"3",0,"1","1","4","1","2",2,0,0,1,"1",60,"2","5","1",130319.531266,4.77
"2",21,"1",0,"1","1","4","1","2",4,0,0,0,"1",41,"2","3","1",30964.988757,4.71
"2",39,"1",0,"1","1","4","1","2",5,1,2,0,"1",57,"1","5","1",39822.611662,4.17
"1",62,"1",0,"2","2","4","1","2",1,0,0,1,"1",62,"2","4","1",7949.392699,2.08
"1",62,"3",0,"1","1","3","1","2",1,0,0,1,"1",62,"1","3","3",34002.622995,0.04
"1",68,"3",1,"1","1","3","1","2",1,0,0,1,"1",68,"1","3","5",67426.086907,1.08
"1",26,"3",0,"1","1","5","1","2",4,1,0,2,"1",65,"1","5","1",117256.631099,4.67
"1",46,"6",0,"2","1","5","1","2",3,0,0,0,"1",46,"2","5","1",19037.393786,5
"1",71,"4",0,"1","1","1","1","2",3,0,0,3,"1",71,"1","1","1",10590.439181,3.07
"1",59,"3",1,"1","1","5","1","2",1,0,0,0,"1",59,"1","5","5",115051.288923,3.08
"2",68,"3",0,"1","1","5","1","2",2,0,0,2,"2",68,"1","5","1",94655.927633,5
"1",59,"3",0,"1","1","3","1","2",2,0,0,0,"2",45,"1","3","1",139320.855635,5
"2",57,"3",1,"1","1","4","1","2",3,0,0,0,"2",57,"1","4","1",20911.517791,1
"2",54,"3",0,"1","1","3","1","2",1,0,0,0,"2",54,"1","3","2",26128.790074,1.29
"2",46,"2",0,"1","1","3","1","2",4,0,1,0,"2",46,"1","3","1",26600.785497,4.67
"1",55,"1",0,"2","2","1","2","2",5,0,0,0,"1",55,"2","1","1",25877.858263,0.87
"2",30,"3",0,"1","1","4","1","2",2,0,0,0,"2",48,"1","2","5",34555.05702,0.55
"1",63,"4",1,"1","1","3","1","2",2,0,0,1,"1",63,"1","3","1",12192.846617,5
"2",50,"3",0,"1","1","3","1","2",2,0,0,0,"2",50,"1","3","1",113387.793825,5
"2",53,"3",0,"1","1","4","1","2",2,0,0,0,"2",56,"1","3","5",70343.140253,2.58
"2",52,"3",0,"1","1","4","1","2",3,0,0,0,"2",52,"1","4","4",110081.056257,1.33
"1",48,"2",0,"1","1","4","1","2",7,0,4,0,"2",45,"1","4","1",35100.900844,2.25
"1",64,"3",0,"1","1","5","1","2",2,0,0,2,"1",64,"1","5","1",87281.736911,1.32
"2",34,"3",0,"1","1","3","1","2",7,0,4,0,"1",37,"1","4","1",67808.788669,2.22
"1",64,"2",0,"2","1","3","2","2",3,0,0,2,"1",64,"2","3","1",9438.944176,1.54
"1",56,"3",0,"1","1","3","1","2",3,0,1,0,"2",52,"1","4","1",156804.433873,3.2
"2",56,"3",0,"1","1","5","1","2",2,0,0,0,"1",59,"1","3","1",112543.401742,5
"1",35,"4",0,"2","2","4","1","2",2,0,0,0,"2",33,"1","5","1",33441.912531,2.03
"2",64,"6",0,"2","1","5","1","2",2,0,0,2,"2",64,"2","5","1",17027.302711,5
"1",64,"6",0,"2","1","3","1","1",3,0,0,1,"1",64,"2","3","1",16791.752141,5
"2",48,"7",0,"1","1","3","1","2",4,1,0,0,"2",48,"1","3","3",52818.067398,1.4
"1",77,"4",1,"1","1","4","1","2",2,0,0,2,"1",77,"1","4","1",19001.381414,4.45
"2",34,"6",0,"2","2","5","1","2",3,1,0,0,"2",34,"2","5","1",12096.430859,5
"1",29,"3",0,"1","1","3","1","2",3,1,0,0,"2",21,"1","3","1",86371.452291,3.03
"1",68,"3",1,"1","1","4","1","2",3,0,0,2,"1",68,"1","4","1",71246.333506,2.53
"2",77,"3",0,"1","1","5","1","2",1,0,0,1,"2",77,"1","5","3",38086.990026,1.89
"1",53,"1",0,"2","2","1","2","2",1,0,0,0,"1",53,"2","1","1",21158.033745,1.2
"1",42,"6",0,"2","1","4","1","1",6,1,2,1,"2",43,"2","3","1",18336.457379,1.25
"2",70,"3",0,"1","1","3","1","2",1,0,0,1,"2",70,"1","3","2",55545.401828,1.65
"2",24,"4",0,"1","1","4","1","2",5,0,3,0,"2",29,"1","4","3",28762.603706,1.43
"1",34,"3",0,"1","1","2","1","2",6,1,3,0,"2",38,"1","3","6",14114.42476,1.13
"2",65,"3",0,"1","1","5","1","2",1,0,0,1,"2",65,"1","5","2",27253.87272,1.03
"1",30,"3",0,"1","1","3","1","2",7,2,2,0,"2",25,"1","3","1",19608.433405,0.67
"2",48,"1",0,"2","1","5","1","2",3,0,1,0,"1",55,"1","5","1",31765.692798,5
"2",40,"1",0,"2","1","2","2","2",5,1,2,1,"1",66,"2","1","1",29877.191163,1.63
"2",38,"3",0,"1","1","4","1","2",3,0,2,0,"2",38,"1","4","4",33160.516091,0.28
"1",23,"1",0,"1","1","2","2","2",6,1,1,0,"1",42,"2","1","1",51166.900015,1.33
"1",52,"4",1,"1","1","3","1","2",2,0,0,0,"1",52,"1","3","3",32501.193163,1.14
"1",38,"4",0,"1","1","4","1","2",2,0,0,0,"2",54,"1","3","1",21527.63823,3.81
"1",53,"4",0,"1","1","2","1","2",1,0,0,0,"1",53,"1","2","4",21502.300171,2.18
"1",77,"3",1,"1","1","5","1","2",2,0,0,2,"1",77,"1","5","1",53266.137366,5
"2",61,"3",0,"1","1","3","1","2",3,0,0,2,"1",64,"1","5","1",68603.550028,1.28
"1",26,"6",0,"2","1","5","1","2",1,0,0,0,"1",26,"2","5","5",22028.257672,4.26
"2",62,"3",0,"1","1","4","1","2",3,0,0,2,"1",70,"1","5","1",63776.020341,1.21
"1",48,"3",1,"1","1","3","1","2",5,0,3,0,"1",48,"1","3","3",23010.64255,1.04
"2",47,"2",0,"1","1","4","1","2",4,0,1,0,"1",47,"1","4","1",35787.271261,4.67
"2",80,"3",0,"1","1","4","1","2",2,0,0,2,"1",80,"1","5","1",32988.970301,5
"1",32,"7",0,"1","1","4","1","2",3,0,0,2,"1",70,"1","5","1",69244.437969,1.21
"1",38,"3",0,"1","1","5","1","2",1,0,0,0,"1",38,"1","5","6",84120.656677,5
"2",28,"3",0,"1","1","3","1","2",4,1,0,1,"2",61,"1","4","3",59843.172257,2.31
"1",80,"6",0,"1","1","3","1","2",2,0,0,1,"1",80,"1","3","2",15526.297551,2.26
"1",43,"2",0,"2","2","3","1","2",5,1,1,0,"2",46,"2","5","1",33544.72675,1.65
"2",45,"4",0,"1","1","2","1","2",2,0,0,0,"2",45,"1","2","5",25337.609307,2.58
"2",50,"3",0,"1","1","3","1","2",6,0,0,2,"2",52,"1","4","6",29166.123226,2.13
"2",25,"3",0,"1","1","5","1","2",1,0,0,0,"2",25,"1","5","5",36093.699481,0.21
"1",67,"1",0,"2","1","1","2","2",6,0,2,2,"1",67,"2","1","1",13846.32795,0.19
"1",43,"1",0,"1","1","4","1","2",4,0,2,0,"2",43,"1","5","1",34787.691722,3.82
"1",56,"3",0,"1","1","5","1","2",4,0,0,0,"1",56,"1","5","1",131436.10287,5
"1",57,"4",0,"1","1","5","1","2",4,0,0,0,"1",57,"1","5","1",21443.093768,5
"1",66,"3",0,"1","1","5","1","2",2,0,0,2,"1",66,"1","5","1",114033.698335,5
"1",54,"3",0,"1","1","4","1","2",1,0,0,0,"1",54,"1","4","5",77079.557851,5
"2",28,"6",0,"2","1","5","1","2",2,0,0,0,"1",33,"2","5","1",41366.977293,5
"2",34,"1",0,"2","2","1","2","2",5,1,2,1,"2",34,"2","1","4",28687.444194,0.44
"1",67,"3",0,"1","1","3","1","2",2,0,0,2,"1",67,"1","3","1",118939.339605,3.22
"1",51,"6",0,"1","1","5","1","2",2,0,0,0,"1",51,"1","5","1",13838.67475,5
"1",26,"4",0,"1","1","3","1","2",1,0,0,0,"1",51,"1","5","5",17358.576537,0.34
"1",27,"3",0,"1","1","4","1","2",2,0,0,0,"2",38,"1","4","5",28531.662525,0.97
"1",32,"4",0,"1","1","2","1","2",2,0,0,0,"2",29,"1","2","5",21527.63823,0.76
"2",80,"3",0,"1","1","5","1","2",1,0,0,1,"2",80,"1","5","5",58594.123256,1.06
"2",75,"3",0,"1","1","4","1","2",2,0,0,2,"1",75,"1","3","1",30776.203331,1.37
"1",60,"2",0,"2","1","2","2","2",2,0,0,2,"2",63,"2","2","1",6363.706266,0.83
"1",64,"1",0,"2","1","3","2","2",3,0,0,2,"2",68,"2","1","1",12910.61342,3.33
"1",23,"4",0,"1","1","4","1","2",2,0,0,0,"2",47,"1","5","3",28112.467707,5
"2",70,"4",0,"1","1","4","1","2",2,0,0,2,"2",70,"1","4","1",22739.090016,5
"2",37,"1",0,"2","2","2","2","2",7,1,3,1,"2",37,"2","2","1",33190.678689,0.56
"1",30,"3",0,"1","1","3","1","2",3,1,0,0,"1",30,"1","3","1",74416.486124,0.51
"1",31,"4",0,"1","1","3","1","2",6,1,1,0,"2",24,"1","4","5",23747.624207,1.42
"2",41,"1",0,"2","2","1","2","2",5,0,2,0,"1",44,"2","2","1",29229.985568,0.89
"2",53,"3",0,"1","1","4","1","2",2,0,0,0,"2",53,"1","4","1",117939.178644,5
"1",28,"4",0,"2","1","3","1","2",3,1,0,0,"1",28,"2","3","6",24419.805262,2.3
"1",66,"3",1,"1","1","4","1","2",1,0,0,1,"1",66,"1","4","3",89854.825647,1.74
"1",48,"1",0,"1","1","3","1","2",5,1,1,0,"1",48,"1","3","3",27494.677312,0.73
"1",42,"1",0,"1","1","4","1","2",1,0,0,0,"1",42,"1","4","5",24378.670606,0.17
"2",31,"4",0,"1","1","5","1","2",3,1,0,0,"1",46,"1","4","1",31872.195672,5
"1",49,"4",0,"1","1","3","1","2",7,3,1,0,"2",45,"1","3","1",19056.23214,1.37
"1",45,"4",1,"1","1","5","1","2",1,0,0,0,"1",45,"1","5","5",28939.276469,5
"2",75,"4",0,"2","1","4","1","2",1,0,0,1,"2",75,"2","4","2",13558.096482,4.11
"1",34,"1",0,"1","1","5","1","2",5,1,2,0,"2",36,"1","3","1",56366.470183,3.45
"2",64,"3",0,"1","1","4","1","2",2,0,0,1,"2",64,"1","4","2",46841.966041,1.02
"1",30,"6",0,"1","1","5","1","2",3,0,0,0,"1",59,"2","5","1",17771.282846,5
"2",61,"3",0,"1","1","3","1","2",2,0,0,2,"2",61,"1","3","1",79840.680841,5
"2",36,"6",0,"2","1","3","1","2",5,0,2,2,"1",75,"2","5","1",12722.095895,1.43
"2",43,"2",0,"2","1","2","1","2",3,0,1,0,"2",43,"2","2","1",30161.780581,2.78
"1",56,"1",0,"1","1","4","1","2",2,0,0,1,"2",80,"1","4","2",23344.023727,1.03
"2",50,"6",0,"2","1","5","1","2",3,0,1,0,"1",54,"2","5","1",17567.985688,5
"1",20,"3",0,"1","1","4","1","2",1,0,0,0,"1",20,"1","4","5",34134.506164,1.04
"1",57,"3",0,"1","1","4","1","2",2,0,0,1,"2",80,"2","4","2",24480.285098,0.64
"1",36,"7",0,"1","1","3","1","2",6,0,4,0,"1",36,"1","3","1",83613.322042,2.15
"2",40,"6",0,"2","2","5","1","2",3,0,2,0,"2",40,"2","5","2",14331.774395,3.07
"2",32,"4",0,"1","1","4","1","2",4,0,2,0,"2",58,"1","3","2",20821.773551,1.68
"1",66,"3",1,"1","1","5","1","2",2,0,0,2,"2",63,"2","5","1",95025.814862,5
"1",48,"4",1,"1","1","4","1","2",5,0,0,1,"1",48,"1","4","1",18058.792867,0.86
"1",63,"4",0,"1","1","2","1","2",3,0,0,2,"2",63,"1","5","1",10245.07186,4.04
"2",68,"4",0,"1","1","3","1","2",3,0,0,1,"2",68,"1","3","4",18888.577559,0.77
"2",31,"4",0,"1","1","5","1","2",5,2,1,0,"2",31,"1","5","1",22614.55986,2.15
"1",23,"3",0,"1","1","4","1","2",1,0,0,0,"1",23,"1","4","5",33348.223813,1.2
"2",34,"4",0,"1","1","2","1","2",2,0,0,0,"2",29,"1","2","5",32321.865924,1.61
"2",71,"3",0,"1","1","4","1","2",2,0,0,2,"2",71,"1","4","1",63863.900338,2.58
"2",49,"3",0,"1","1","4","1","2",2,0,0,0,"1",51,"1","4","1",102643.24476,3.18
"1",40,"3",0,"1","1","3","1","2",5,0,2,0,"1",40,"1","3","1",97260.778364,1.61
"1",55,"4",0,"2","1","5","1","2",2,0,0,0,"1",55,"2","5","1",22021.375122,5
"2",68,"1",0,"2","2","1","2","2",5,1,1,1,"2",32,"2","3","1",12757.3366,1.27
"2",56,"3",0,"1","1","4","1","2",2,0,0,0,"1",56,"1","3","1",117280.086734,5
"1",49,"6",0,"2","1","5","1","2",4,2,0,0,"1",49,"2","5","1",25524.499816,3.4
"1",22,"4",0,"1","1","4","1","2",3,1,0,0,"1",22,"1","4","6",33348.260545,0.26
"2",66,"1",0,"2","1","1","2","2",7,1,2,1,"2",66,"2","1","2",14454.09628,0.35
"1",45,"3",1,"1","1","4","1","2",2,0,0,0,"2",44,"1","5","5",22855.386414,1.63
"1",42,"4",0,"1","1","2","1","2",6,3,0,0,"1",42,"1","2","1",34060.314982,2.19
"2",57,"4",0,"1","1","2","1","2",4,0,0,1,"1",60,"1","3","1",31251.388818,1.05
"1",22,"4",0,"1","1","4","1","2",1,0,0,0,"1",22,"1","4","5",17271.753972,3
"2",47,"3",0,"1","1","5","1","2",4,0,1,0,"1",54,"1","5","1",63336.628988,4.25
"1",80,"3",1,"1","1","5","1","2",1,0,0,1,"1",80,"1","5","2",41235.436372,5
"1",20,"1",0,"2","2","4","1","2",5,0,2,0,"1",44,"2","2","1",44138.304322,0.89
"2",54,"4",0,"1","1","4","1","2",1,0,0,0,"2",43,"1","2","5",21574.291967,0.13
"2",41,"6",0,"2","2","5","1","2",4,1,1,0,"2",41,"2","5","1",17162.348381,0.86
"1",73,"3",1,"1","1","3","1","2",1,0,0,1,"1",73,"1","3","5",11017.775124,0.86
"1",38,"1",0,"2","2","1","2","2",2,0,0,0,"2",49,"2","1","3",48613.388071,2.86
"2",41,"3",0,"2","1","4","1","2",4,0,2,0,"1",45,"2","5","1",54512.962485,5
"1",80,"3",1,"1","1","3","1","2",2,0,0,2,"1",80,"1","3","1",31819.329646,1.78
"2",62,"4",0,"2","1","5","1","2",2,0,0,1,"2",62,"2","5","3",14721.038531,2.29
"2",44,"3",0,"1","1","4","1","2",4,1,0,1,"2",44,"1","4","3",32939.067721,1.27
"2",20,"6",0,"1","1","4","1","2",4,0,0,0,"1",56,"2","4","1",23961.539365,5
"2",40,"3",0,"1","1","3","1","2",3,1,0,0,"2",43,"1","3","3",73461.791386,3.28
"1",57,"1",0,"2","1","1","2","2",3,0,0,0,"1",32,"1","4","5",22251.652505,2.69
"1",38,"2",0,"2","2","2","2","2",7,1,3,1,"2",37,"2","2","1",43577.792379,0.56
"2",63,"4",0,"1","1","5","1","2",2,0,0,2,"1",63,"1","2","1",15890.836481,2.19
"2",60,"4",0,"1","1","2","1","2",5,0,0,3,"2",60,"1","2","3",11603.054466,1.15
"1",57,"3",0,"1","1","5","1","2",2,0,0,1,"1",57,"1","5","1",74056.830092,5
"2",67,"6",0,"2","2","2","1","1",3,0,0,1,"1",59,"2","4","3",13318.864423,0.81
"1",49,"6",0,"2","2","5","1","2",5,0,0,0,"2",43,"1","5","1",19729.662651,5
"2",71,"3",0,"1","1","5","1","2",1,0,0,1,"2",71,"1","5","2",36060.136518,3.92
"1",56,"2",0,"2","2","3","2","2",6,0,1,0,"1",56,"2","3","1",13833.683829,0.49
"2",59,"3",0,"1","1","5","1","2",3,0,0,1,"2",59,"1","5","1",107581.87821,5
"1",63,"4",1,"1","1","4","1","2",1,0,0,1,"1",63,"1","4","4",16445.226661,1.29
"1",59,"4",0,"1","1","2","1","2",1,0,0,0,"1",59,"1","2","5",25895.958339,0.43
"1",26,"3",0,"1","1","2","1","2",3,0,0,1,"1",26,"1","2","5",46076.435619,2.02
"1",63,"3",1,"1","1","4","1","2",2,0,0,1,"1",63,"1","4","1",88531.364913,5
"1",80,"3",1,"1","1","4","1","2",2,0,0,2,"2",80,"1","3","1",27609.529867,1.39
"2",67,"4",0,"1","1","4","1","2",1,0,0,1,"2",67,"1","4","3",17120.265197,2.57
"2",80,"3",0,"1","1","4","1","2",2,0,0,2,"2",80,"1","4","2",18933.351504,1.18
"2",59,"1",0,"2","2","1","2","1",7,1,2,1,"1",62,"2","1","1",22091.804326,3.79
"2",80,"3",0,"1","1","5","1","2",1,0,0,1,"2",80,"1","5","3",26882.902098,2.14
"1",53,"3",0,"1","1","2","1","2",2,0,0,0,"1",53,"1","2","1",29563.941789,0.58
"2",40,"3",0,"1","1","4","1","2",6,0,4,0,"2",40,"1","4","1",59781.505548,3.17
"1",44,"1",0,"2","1","3","2","1",5,0,2,0,"1",44,"2","3","1",23963.869016,0.82
"1",69,"4",0,"1","1","1","1","2",1,0,0,1,"1",69,"1","1","3",9289.765852,1.67
"2",34,"7",0,"1","1","3","1","2",4,0,3,1,"2",34,"1","3","5",15416.990604,0.38
"2",59,"3",0,"2","2","3","1","2",3,0,0,0,"2",59,"2","3","3",74348.922462,1.77
"1",60,"2",0,"2","2","3","2","2",4,0,0,1,"1",60,"2","3","1",11563.524033,1.12
"2",61,"6",0,"2","1","4","1","1",5,0,1,1,"2",40,"2","5","1",15083.024569,5
"2",28,"2",0,"1","1","4","1","2",6,2,3,0,"2",28,"1","4","6",35194.786613,0.5
"1",27,"1",0,"2","2","1","2","2",5,2,1,0,"1",27,"2","1","6",32327.336211,0.64
"1",25,"2",0,"1","1","4","1","2",6,2,0,0,"1",21,"1","4","5",51166.900015,1.52
"2",35,"1",0,"2","1","3","2","2",5,1,2,0,"2",35,"2","3","1",36433.531882,2.9
"2",32,"1",0,"2","1","1","2","2",5,0,2,0,"1",34,"2","1","1",36777.348028,1.38
"1",80,"3",0,"1","1","4","1","2",2,0,0,2,"1",80,"1","4","1",40434.912267,1.27
"2",71,"3",0,"2","2","4","1","2",1,0,0,1,"2",71,"2","4","3",45433.369114,2.26
"2",21,"2",0,"1","1","4","1","2",2,0,0,0,"2",46,"2","4","1",26455.65152,0.76
"2",28,"2",0,"2","1","4","1","2",2,1,0,0,"2",28,"2","4","4",34900.822426,1.29
"2",53,"4",0,"1","1","4","1","2",1,0,0,0,"2",53,"1","4","5",20391.44855,3.92
"2",33,"4",0,"1","1","3","1","2",7,0,1,0,"2",57,"1","1","5",27973.203758,0.57
"2",71,"4",0,"2","1","3","1","2",5,0,0,2,"2",47,"2","3","3",17132.76175,1.5
"1",56,"6",0,"2","2","1","1","1",7,2,1,0,"2",47,"2","1","4",19024.059278,1.22
"2",24,"1",0,"1","1","4","1","2",3,0,0,0,"1",27,"1","5","1",31561.661561,3.58
"2",62,"4",0,"1","1","2","1","2",3,0,0,1,"2",62,"1","2","1",15827.313182,3.54
"2",51,"6",0,"2","2","4","1","2",3,0,0,0,"1",55,"2","5","1",23687.672227,3.03
"1",69,"1",0,"2","1","3","2","2",3,0,0,2,"2",65,"2","4","1",13846.32795,1.64
"2",71,"3",0,"1","1","5","1","2",1,0,0,1,"2",71,"1","5","3",45433.369114,5
"1",61,"4",0,"1","1","2","1","2",3,0,1,1,"1",61,"1","2","1",12290.824112,1.92
"1",30,"3",0,"1","1","5","1","2",4,0,0,2,"1",30,"1","5","1",106819.654572,5
"1",51,"1",0,"2","2","1","2","2",3,0,0,0,"1",51,"2","1","1",37198.808742,3.79
"1",50,"4",0,"2","1","1","1","2",2,0,0,0,"1",50,"2","1","1",15738.592398,0.57
"2",79,"3",0,"1","1","4","1","2",2,0,0,2,"1",80,"1","3","1",26555.322013,0.97
"2",42,"3",0,"1","1","5","1","2",2,0,0,0,"1",43,"1","4","1",93308.459231,1.42
"2",54,"1",0,"1","1","2","1","2",1,0,0,0,"2",54,"1","2","5",21822.544612,0.77
"2",20,"3",0,"1","1","2","1","2",7,0,0,0,"1",55,"1","3","1",58373.274406,2.27
"2",74,"4",0,"1","1","2","1","2",1,0,0,1,"2",74,"1","2","2",21674.748387,0.85
"2",52,"4",0,"1","1","4","1","2",3,0,1,0,"2",27,"1","4","5",27252.596772,2.43
"2",20,"2",0,"1","1","2","1","2",3,0,1,0,"2",20,"1","2","5",27971.682978,0.76
"1",32,"4",0,"1","1","5","1","2",1,0,0,0,"1",34,"1","5","3",26438.468888,5
"2",66,"2",0,"1","1","3","1","2",4,0,0,1,"2",66,"1","3","1",14241.691039,3.4
"2",38,"1",0,"1","1","4","1","2",3,0,0,1,"1",65,"2","1","1",54588.641315,1.43
"2",28,"3",0,"1","1","5","1","2",5,3,0,0,"2",28,"1","5","1",69277.671298,0.3
"1",22,"4",0,"1","1","2","1","2",3,0,0,1,"1",68,"1","2","4",21735.865487,2.53
"1",56,"4",0,"1","1","5","1","2",1,0,0,0,"1",56,"1","5","1",26359.494855,5
"2",33,"3",0,"1","1","5","1","2",3,0,2,0,"2",33,"1","5","3",23303.904692,1.54
"2",43,"2",0,"2","1","5","1","2",3,0,2,0,"2",43,"2","5","2",25833.628249,1.23
"2",80,"3",0,"1","1","4","1","2",1,0,0,1,"2",80,"1","4","2",29157.830021,0.85
"2",51,"6",0,"2","2","1","1","2",6,1,0,0,"2",21,"2","4","5",11949.443084,0.5
"2",53,"4",0,"1","1","5","1","2",2,0,0,0,"2",53,"1","5","4",31377.193396,5
"2",63,"3",0,"1","1","4","1","2",2,0,0,2,"1",63,"1","5","1",104219.084678,3.81
"1",38,"3",0,"1","1","2","1","2",3,0,0,2,"1",68,"1","4","1",17423.987582,1.48
"2",29,"3",0,"1","1","2","1","2",5,2,1,0,"2",29,"1","2","1",36123.845347,1.27
"2",56,"3",0,"1","1","4","1","2",2,0,0,1,"1",68,"1","4","1",110148.142573,3.22
"2",39,"4",0,"1","1","4","1","2",3,0,1,0,"2",39,"1","4","3",27927.439481,0.07
"2",66,"3",0,"1","1","3","1","2",1,0,0,1,"2",66,"1","3","5",20706.239343,1.04
"2",26,"3",0,"1","1","4","1","2",5,3,0,0,"1",36,"2","3","1",32371.566653,0.79
"2",36,"3",0,"1","1","4","1","2",3,0,1,0,"1",36,"1","4","1",77030.969896,5
"1",26,"4",0,"1","1","3","1","2",3,0,0,0,"1",26,"1","3","5",29299.729457,0.86
"2",66,"2",0,"2","1","3","1","2",1,0,0,1,"2",66,"2","3","3",11044.80962,3.48
"2",22,"4",0,"1","1","4","1","2",3,2,0,0,"2",22,"1","4","5",33399.668475,0.03
"2",25,"4",0,"1","1","4","1","2",2,1,1,0,"2",25,"1","4","5",34505.769229,0.89
"1",59,"4",0,"1","1","4","1","2",2,0,0,0,"2",56,"1","4","1",34256.573307,5
"2",51,"4",0,"1","1","2","1","2",2,0,0,1,"2",60,"1","4","1",34700.469555,1.53
"1",65,"6",0,"2","2","5","1","1",7,1,0,3,"2",37,"2","5","1",6378.809847,5
"2",32,"3",0,"1","1","5","1","2",3,1,0,0,"1",34,"1","4","1",84843.358338,2.82
"2",74,"2",0,"1","1","3","1","2",3,0,0,2,"1",76,"1","1","1",16202.02994,0.77
"2",47,"2",0,"2","1","5","1","2",5,0,3,0,"1",49,"2","5","1",29877.191163,5
"1",74,"6",0,"2","1","5","1","1",3,0,0,2,"1",74,"2","5","1",13248.838522,5
"1",45,"3",0,"1","1","2","1","2",1,0,0,0,"1",45,"1","2","6",26555.155349,1.63
"1",66,"3",0,"1","1","3","1","2",3,0,1,1,"1",66,"1","3","3",23856.698444,1.16
"2",67,"2",0,"2","1","3","1","2",1,0,0,1,"2",67,"2","3","3",11044.80962,1.74
"2",78,"4",0,"2","1","3","1","2",1,0,0,1,"2",78,"2","3","4",14501.268411,0.86
"1",44,"1",0,"2","2","1","2","2",3,0,0,0,"1",44,"2","1","1",42677.84167,3.07
"2",67,"4",0,"1","1","2","1","2",1,0,0,1,"2",67,"1","2","3",22314.839374,2.44
"2",29,"3",0,"1","1","5","1","2",5,3,0,0,"2",29,"1","5","1",68242.194535,1.13
"2",27,"1",0,"1","1","4","1","2",1,0,0,0,"2",35,"1","4","6",37256.82438,1.61
"2",51,"3",0,"1","1","5","1","2",1,0,0,0,"2",51,"1","5","3",32977.447451,5
"2",35,"3",0,"1","1","5","1","2",3,0,1,0,"1",44,"1","5","1",87768.991384,5
"2",74,"4",0,"1","1","5","1","2",1,0,0,1,"2",74,"1","5","3",17876.654828,4.53
"1",72,"3",0,"1","1","4","1","2",2,0,0,2,"1",72,"1","4","1",15838.41928,3.22
"2",33,"1",0,"1","1","4","2","2",4,1,0,1,"2",33,"1","4","1",35269.471836,1.91
"2",71,"6",0,"2","1","5","1","1",1,0,0,1,"2",71,"2","5","3",20087.482733,1.04
"1",74,"3",0,"2","1","3","1","2",2,0,0,2,"1",74,"2","3","1",45688.379444,4.77
"1",20,"3",0,"1","1","3","1","2",4,0,1,0,"1",53,"1","2","1",90270.034456,0.98
"1",77,"4",0,"1","1","3","1","2",2,0,0,2,"1",77,"1","3","1",9918.956424,1.93
"1",71,"3",1,"1","1","5","1","2",6,0,2,2,"1",71,"1","5","1",44731.686889,3.17
"2",39,"2",0,"2","1","4","2","2",4,1,0,1,"1",42,"1","4","1",37174.809707,1.68
"2",70,"3",0,"1","1","3","1","2",1,0,0,1,"2",70,"1","3","2",18920.010397,0.74
"2",46,"1",0,"2","2","2","1","2",4,1,0,0,"2",46,"2","2","3",35928.777397,0.84
"2",36,"2",0,"2","2","4","2","2",4,0,2,0,"2",36,"2","4","1",30859.356053,0.61
"2",62,"3",0,"1","1","4","1","2",2,0,0,1,"2",62,"1","4","3",43353.309188,0.46
"2",51,"3",0,"1","1","3","1","2",3,0,0,0,"1",54,"1","5","1",90999.112361,5
"2",62,"1",0,"1","1","2","1","2",2,0,0,1,"1",54,"1","3","1",15174.746412,1.03
"2",42,"6",0,"2","2","5","1","2",7,0,3,2,"1",46,"2","5","1",17911.128634,3.93
"2",21,"3",0,"1","1","4","1","2",1,0,0,0,"1",21,"1","4","5",103699.241849,1.03
"1",27,"3",0,"1","1","5","1","2",2,0,0,0,"1",27,"1","5","5",78135.833105,4.19
"2",23,"2",0,"1","1","4","1","2",3,1,0,0,"2",23,"1","4","6",29412.800159,1.54
"2",49,"1",0,"2","2","1","2","2",2,0,0,0,"2",49,"2","1","3",27248.60011,2.86
"1",58,"4",0,"1","1","4","1","2",7,0,1,1,"2",68,"1","2","4",22927.190587,1.31
"2",30,"7",0,"2","1","3","1","2",6,0,2,2,"1",71,"1","5","1",19934.390257,3.17
"1",60,"4",0,"1","1","3","1","2",2,0,0,1,"1",60,"1","3","3",16580.002221,3.74
"1",48,"3",0,"1","1","5","1","2",5,0,1,0,"1",48,"1","5","1",111121.705858,2.51
"2",63,"3",0,"1","1","3","1","2",1,0,0,1,"2",63,"1","3","3",29021.255882,1.13
"2",27,"3",0,"1","1","5","1","2",1,0,0,0,"2",27,"1","5","5",78873.938363,5
"2",44,"1",0,"1","1","3","1","2",4,2,0,0,"2",44,"1","3","5",35928.777397,0.81
"1",26,"6",0,"2","2","5","1","2",1,0,0,0,"1",26,"2","5","5",20633.652522,3
"1",26,"3",0,"1","1","4","1","2",2,0,0,0,"1",26,"1","4","5",84378.552022,5
"2",80,"3",0,"1","1","3","1","2",2,0,0,2,"2",80,"1","3","1",42563.731175,1.72
"1",46,"4",1,"2","1","5","1","2",1,0,0,0,"1",46,"2","5","1",38313.250912,5
"2",50,"3",0,"1","1","5","1","2",2,0,1,0,"2",50,"1","5","5",99165.475477,5
"1",62,"2",0,"2","1","4","1","2",3,0,0,1,"1",62,"2","4","6",11563.524033,1.84
"1",80,"3",0,"1","1","4","1","2",2,0,0,2,"1",80,"1","4","1",8967.998411,0.83
"1",71,"3",1,"1","1","4","1","2",4,0,1,2,"1",71,"1","4","1",12268.903935,1.05
"1",62,"1",0,"1","1","5","1","2",5,1,0,2,"2",20,"1","5","5",7873.490903,0.91
"2",60,"6",0,"2","1","2","1","2",2,0,0,2,"1",72,"1","3","1",23927.80253,4.83
"1",22,"3",0,"1","1","5","1","2",1,0,0,0,"1",22,"1","5","5",27280.366961,0.87
"2",80,"3",0,"1","1","3","1","2",2,0,0,2,"2",80,"1","3","1",45165.386055,1.21
"1",50,"6",0,"2","1","5","1","2",5,0,3,0,"2",49,"2","5","1",14595.174007,3.63
"1",33,"3",0,"1","1","5","1","2",4,2,0,0,"1",33,"1","5","1",69244.437969,2.73
"2",52,"3",0,"1","1","4","1","2",3,0,1,0,"2",52,"1","4","1",157422.896459,3.2
"2",68,"6",0,"2","1","5","1","2",1,0,0,1,"2",68,"2","5","3",24535.144165,0.73
"2",27,"3",0,"1","1","3","1","2",3,1,0,0,"2",27,"1","3","1",91645.729247,4.04
"2",79,"3",0,"1","1","3","1","2",2,0,0,2,"2",70,"1","4","2",48194.233481,1.93
"1",44,"2",0,"2","1","1","2","2",4,0,0,0,"1",44,"2","1","1",25391.531572,2.52
"1",33,"4",0,"1","1","3","1","2",5,0,3,0,"1",33,"1","3","1",20735.36065,1.09
"1",43,"3",0,"1","1","5","1","2",1,0,0,0,"1",43,"1","5","3",101896.39767,5
"1",41,"3",0,"1","1","5","1","2",2,0,0,0,"1",41,"1","5","1",104276.606321,5
"1",60,"2",0,"2","1","4","1","2",1,0,0,1,"1",60,"2","4","4",12578.732092,5
"1",56,"3",0,"1","1","5","1","2",4,0,0,0,"2",56,"1","4","1",110860.206479,3.14
"1",70,"3",0,"1","1","5","1","2",2,0,0,2,"1",70,"1","5","1",52606.137453,3.87
"2",45,"4",0,"1","1","4","1","2",4,0,1,0,"1",50,"1","5","1",31042.727571,2.97
"2",57,"2",0,"2","1","3","1","2",2,0,0,1,"1",60,"1","4","1",14061.727039,5
"1",65,"6",0,"2","1","3","1","1",2,0,0,2,"1",65,"2","3","1",13666.527217,5
"2",20,"3",0,"1","1","2","1","2",5,1,1,0,"1",50,"1","2","1",41912.448698,0.66
"1",77,"2",1,"2","1","3","2","2",1,0,0,1,"1",77,"2","3","3",8592.757185,0.86
"1",63,"4",0,"2","1","5","1","2",2,0,0,1,"1",63,"2","5","1",12167.006734,4.13
"2",61,"3",0,"1","1","4","1","2",4,1,0,1,"2",61,"1","4","3",90489.627279,2.31
"2",53,"3",0,"1","1","3","1","2",4,0,0,1,"2",53,"1","3","1",16759.786893,2.52
"2",70,"6",0,"2","1","4","1","2",2,0,0,2,"1",72,"2","5","1",24551.101103,2.9
"1",21,"4",0,"1","1","4","1","2",2,0,0,0,"2",47,"1","3","5",26205.318997,0.77
"1",24,"2",0,"1","1","4","2","2",2,0,0,0,"2",28,"2","1","1",46402.440841,1.61
"1",43,"4",0,"2","1","5","1","2",3,0,1,0,"1",43,"2","5","6",22993.150417,2.53
"1",28,"3",0,"1","1","3","1","2",5,3,0,0,"1",28,"1","3","1",69695.390742,1.86
"2",25,"3",0,"1","1","4","1","2",3,1,0,0,"1",27,"1","2","1",92769.503517,3.28
"1",64,"2",1,"1","1","4","1","2",4,0,0,1,"2",44,"1","2","6",18440.651852,4.19
"2",25,"7",0,"1","1","3","1","2",7,1,1,0,"2",49,"1","2","1",20094.060881,0.83
"1",73,"3",1,"2","1","5","1","2",2,0,0,2,"1",73,"2","5","1",10068.104389,3.87
"1",24,"7",0,"1","1","5","1","2",2,0,0,0,"1",24,"1","5","1",33348.260545,2.58
"1",57,"6",0,"2","1","4","1","2",3,0,0,0,"2",55,"2","4","1",19000.187408,3.58
"1",26,"4",0,"2","1","4","1","2",1,0,0,0,"1",26,"1","5","5",28639.765549,1.09
"2",51,"4",0,"1","1","3","1","2",3,0,0,0,"2",51,"1","3","6",19256.385669,2.27
"1",77,"3",0,"1","1","4","1","2",1,0,0,1,"1",77,"1","4","3",12685.140633,1.74
"2",29,"3",0,"1","1","5","1","2",1,0,0,0,"1",25,"1","5","5",68800.199978,5
"2",24,"3",0,"1","1","3","1","2",5,2,1,0,"1",23,"1","2","6",53002.973503,0.86
"1",27,"7",0,"1","1","3","1","2",4,1,1,0,"1",27,"1","3","5",62428.821924,0.64
"2",31,"3",0,"1","1","3","1","2",5,1,1,0,"2",43,"1","4","4",17763.352407,1.2
"1",23,"6",0,"1","1","4","1","2",3,0,0,2,"1",64,"2","5","1",28048.368788,5
"2",49,"3",0,"1","1","4","1","2",1,0,0,1,"1",26,"1","2","5",44464.740545,1.75
"2",31,"4",0,"1","1","4","1","2",2,1,2,0,"2",31,"1","4","5",29950.99294,1.61
"1",29,"2",0,"1","1","2","1","2",7,2,1,0,"2",48,"1","3","3",40079.239311,0.35
"1",28,"3",0,"1","1","4","1","2",1,0,0,0,"1",28,"1","4","6",108524.09729,5
"1",37,"6",0,"2","1","4","1","2",5,1,2,0,"1",37,"2","4","1",16285.52157,1.81
"2",80,"3",0,"1","1","3","1","2",2,0,0,2,"1",80,"1","3","1",47196.304429,2.09
"2",56,"4",0,"1","1","4","1","2",2,0,0,0,"2",56,"1","4","3",26265.026886,2.16
"2",23,"3",0,"1","1","4","1","2",3,0,0,0,"2",59,"2","3","3",59135.422881,1.77
"1",47,"3",0,"1","1","4","1","2",1,0,0,0,"1",47,"1","4","5",23804.112983,0.86
"1",29,"4",0,"1","1","4","1","2",1,0,0,0,"1",29,"1","4","5",27276.103778,0.45
"2",35,"3",0,"1","1","5","1","2",3,2,0,0,"2",35,"1","5","5",84843.358338,3.84
"2",62,"3",0,"1","1","3","1","2",2,0,0,1,"1",52,"1","3","1",68634.784512,3.05
"1",22,"3",0,"1","1","2","1","2",5,0,1,0,"2",50,"1","5","1",65583.619827,4.48
"2",36,"4",0,"1","1","2","1","2",5,1,0,0,"2",36,"1","2","1",21264.008962,0.54
"1",55,"6",0,"2","1","3","1","2",4,0,2,0,"1",55,"2","3","1",21200.92161,3.14
"1",35,"1",0,"2","2","2","2","2",1,0,0,0,"1",35,"2","2","5",47512.225894,3.31
"2",31,"3",0,"1","1","5","1","2",4,2,0,0,"2",31,"1","5","1",109007.659711,3.82
"2",38,"4",0,"1","1","4","1","2",4,1,1,0,"2",38,"1","4","5",42181.624664,0.71
"1",63,"4",1,"1","1","4","1","2",3,0,0,1,"1",63,"1","4","1",7605.014062,3.69
"1",47,"3",0,"1","1","4","1","2",4,0,0,0,"1",47,"1","4","1",77446.959241,3.56
"2",64,"3",0,"1","1","5","1","2",1,0,0,1,"2",64,"1","5","3",34729.942384,1.1
"1",37,"4",0,"1","1","5","1","2",3,1,0,0,"1",37,"1","5","1",25096.538417,5
"2",77,"2",0,"1","1","2","1","2",3,0,0,1,"1",51,"1","3","5",15297.440213,0.78
"1",45,"6",0,"2","1","5","1","2",5,0,1,1,"2",40,"2","5","1",12994.269726,5
"2",38,"3",0,"1","1","4","1","2",5,1,3,0,"2",38,"1","4","3",25463.653951,1.12
"2",20,"3",0,"1","1","3","1","2",3,0,0,0,"1",24,"1","4","5",121187.390688,5
"2",58,"4",0,"1","1","5","1","2",1,0,0,0,"2",58,"1","5","3",26265.026886,3.77
"1",45,"3",0,"1","1","4","1","2",3,0,1,0,"2",47,"1","4","3",101795.871971,4.61
"1",45,"7",0,"2","1","3","1","1",6,2,2,0,"1",45,"2","3","1",22605.231812,0.13
"1",80,"1",1,"1","1","1","1","2",2,0,0,2,"1",80,"1","1","1",15866.435364,1.42
"1",34,"3",0,"1","1","2","1","2",7,0,3,2,"2",66,"1","2","1",18368.704295,1.01
"1",80,"3",1,"1","1","5","1","2",2,0,0,2,"2",80,"1","4","1",27937.28961,1.11
"2",68,"2",0,"2","2","1","2","2",4,0,0,2,"1",45,"2","3","5",12229.219722,1.89
"2",50,"1",0,"1","1","2","1","2",3,0,0,1,"1",50,"1","2","1",30946.877696,3.33
"2",69,"4",0,"1","1","2","1","2",7,0,4,1,"2",38,"1","2","1",13072.88574,1.29
"1",78,"3",0,"1","1","2","1","2",2,0,0,2,"1",78,"1","2","1",73950.268313,3.09
"2",36,"3",0,"1","1","4","1","2",3,1,0,0,"1",37,"1","3","1",88747.541698,5
"2",80,"3",0,"1","1","4","1","2",2,0,0,2,"2",80,"1","4","1",44990.322145,5
"1",40,"1",0,"2","2","3","2","2",3,0,1,0,"2",30,"2","2","1",22921.482522,2.3
"1",29,"1",0,"2","2","3","1","2",4,1,1,0,"1",29,"2","3","1",43914.422827,2.12
"1",59,"4",1,"1","1","3","1","2",1,0,0,0,"1",59,"1","3","3",37242.723626,1.22
"1",27,"4",0,"2","2","1","1","2",1,0,0,0,"1",27,"2","1","1",33726.063847,0.51
"2",47,"1",0,"1","1","2","1","2",5,1,0,1,"1",45,"1","2","4",26475.12291,1.07
"2",43,"3",0,"1","1","5","1","2",4,0,3,0,"2",43,"1","5","3",21098.925724,0.84
"2",21,"3",0,"1","1","4","1","2",6,0,1,0,"1",55,"1","4","1",45115.710659,5
"1",80,"3",1,"1","1","5","1","2",2,0,0,2,"1",80,"1","5","1",22208.518877,5
"2",48,"2",0,"1","1","2","1","2",4,0,2,0,"1",51,"2","1","1",42280.680232,1.27
"1",64,"3",1,"1","1","4","1","2",2,0,0,2,"2",66,"1","5","1",92638.425247,5
"1",46,"3",0,"1","1","5","1","2",5,0,3,0,"2",45,"1","5","1",68207.820019,5
"1",80,"3",1,"1","1","1","1","2",2,0,0,2,"2",76,"1","2","1",16350.000948,2.23
"2",60,"3",0,"1","1","4","1","2",1,0,0,1,"2",60,"1","4","2",17589.196916,0.67
"2",21,"4",0,"1","1","4","1","2",4,0,2,0,"2",41,"1","4","1",40645.689138,0.03
"2",61,"1",0,"1","1","4","1","2",2,0,0,1,"1",50,"1","4","1",14454.09628,5
"1",47,"1",0,"2","2","2","2","1",5,0,3,0,"2",41,"2","2","1",22173.26924,0.54
"2",58,"4",0,"1","1","3","1","2",2,0,0,1,"1",61,"1","3","1",26379.313053,3.95
"1",51,"1",0,"2","2","1","2","1",4,0,2,0,"1",51,"2","1","1",31463.897254,1.27
"2",45,"1",0,"2","2","3","2","1",6,1,1,0,"2",45,"2","3","1",14954.877898,0.63
"1",72,"4",0,"1","1","2","1","2",1,0,0,1,"1",72,"1","2","3",8346.825082,1.29
"1",25,"1",0,"2","2","1","2","2",5,1,1,0,"2",24,"2","2","1",42135.989522,0.65
"1",65,"3",1,"1","1","4","1","2",4,0,2,1,"1",42,"1","3","3",125871.876863,1.15
"1",65,"2",1,"2","1","4","1","2",2,0,0,2,"1",65,"2","4","1",13116.082602,1.93
"2",23,"4",0,"1","1","3","1","2",2,0,0,0,"2",50,"1","3","5",34964.900688,0.77
"2",75,"3",0,"1","1","3","1","2",2,0,0,2,"1",77,"1","2","1",58195.593747,5
"1",55,"4",0,"1","1","3","1","2",4,0,0,0,"2",57,"1","3","1",21213.712416,2.94
"1",46,"3",0,"1","1","2","1","2",3,0,0,1,"2",68,"1","3","5",15022.200366,0.08
"1",40,"7",0,"1","1","4","1","2",1,0,0,0,"1",40,"1","4","3",30335.485695,4.88
"2",27,"1",0,"2","1","2","2","2",7,3,3,0,"2",45,"2","1","4",23089.077067,0.56
"1",43,"3",0,"1","1","4","1","2",2,0,0,0,"1",42,"1","4","3",19350.630995,1.61
"2",63,"2",0,"2","2","4","2","2",5,1,0,1,"2",28,"1","4","5",7729.165302,0.54
"2",55,"6",0,"2","1","4","1","2",3,0,0,0,"2",55,"2","4","1",20990.205256,3.58
"2",35,"4",0,"1","1","4","1","2",6,0,3,0,"2",35,"1","4","6",22568.629344,0.95
"2",23,"3",0,"1","1","4","1","2",1,0,0,0,"2",23,"1","4","5",43136.931152,0.56
"2",28,"3",0,"1","1","5","1","2",5,1,2,0,"2",28,"1","5","6",23576.442176,1.2
"1",36,"3",0,"1","1","3","1","2",5,0,3,0,"2",34,"1","3","1",12423.099991,0.54
"1",62,"3",0,"1","1","4","1","2",3,0,0,2,"1",62,"1","4","1",103274.266784,3.54
"2",40,"3",0,"1","1","4","1","2",4,2,0,0,"2",40,"1","4","1",27133.215826,1.23
"2",26,"6",0,"1","1","2","1","2",3,0,2,0,"2",26,"1","2","5",25657.727337,1.52
"2",55,"3",0,"1","1","4","1","2",1,0,0,0,"2",55,"1","4","4",27527.703471,0.96
"2",53,"3",0,"1","1","3","1","2",3,0,0,0,"2",53,"1","3","1",117939.178644,3.84
"2",63,"1",0,"1","1","4","1","2",2,0,0,2,"2",63,"1","4","1",15651.460774,2.86
"1",53,"3",0,"1","1","5","1","2",2,0,0,1,"2",62,"1","4","1",127895.611753,5
"2",80,"3",0,"1","1","3","1","2",2,0,0,2,"2",80,"1","3","1",38452.151282,1.39
"2",73,"3",0,"1","1","2","1","2",4,0,2,2,"1",69,"1","1","1",37623.141328,1.38
"1",51,"6",0,"2","1","3","1","2",5,2,0,0,"1",51,"2","3","6",16203.570918,0.48
"1",75,"1",0,"1","1","2","1","2",2,0,0,1,"1",75,"1","2","2",12031.533115,1.01
"2",30,"3",0,"1","1","4","1","2",5,2,1,0,"2",30,"1","4","6",24751.89737,0.93
"2",60,"1",0,"1","1","4","1","2",3,0,0,1,"2",60,"1","4","3",22437.127526,0.99
"1",24,"7",0,"1","1","2","1","2",7,1,1,0,"2",49,"1","2","1",21793.669882,0.83
"1",66,"1",1,"1","1","5","1","2",6,1,1,2,"1",66,"1","5","1",11763.750951,2.82
"2",74,"3",0,"1","1","3","1","2",1,0,0,1,"2",74,"1","3","2",37788.739135,3.43
"1",67,"3",1,"1","1","5","1","2",2,0,0,2,"1",63,"1","2","5",20324.469673,1.27
"1",73,"4",0,"2","1","4","1","2",2,0,0,2,"1",73,"2","4","1",8346.825082,1.53
"2",53,"4",0,"1","1","5","1","2",2,0,0,0,"2",53,"1","5","3",24358.411644,3.22
"2",45,"4",0,"1","1","3","1","2",3,0,0,0,"2",45,"1","3","5",21206.127142,1.06
"1",58,"3",0,"1","1","2","1","2",2,0,0,0,"1",58,"1","2","1",24751.170127,5
"2",66,"4",0,"1","1","4","1","2",2,0,0,2,"1",68,"1","3","1",13072.88574,5
"2",20,"4",0,"1","1","3","1","2",4,1,0,0,"1",40,"1","4","6",41405.043714,0.84
"2",62,"3",0,"1","1","5","1","2",2,0,0,1,"2",62,"1","5","1",74311.781717,5
"2",46,"2",0,"2","2","4","1","2",2,0,0,0,"1",49,"2","4","1",24898.792932,5
"1",64,"1",1,"1","1","4","1","2",2,0,0,2,"2",61,"1","4","1",20685.132899,3.87
"2",47,"1",0,"1","1","4","1","2",4,0,0,0,"2",47,"1","4","1",26896.633726,3.5
"2",35,"3",0,"1","1","3","1","2",2,0,1,0,"1",47,"1","4","6",66575.343226,0.97
"1",80,"3",1,"1","1","3","1","2",2,0,0,2,"1",80,"1","3","1",42071.929453,3.18
"2",46,"3",0,"1","1","3","1","2",4,0,3,0,"2",46,"1","3","3",27223.519705,1.26
"2",37,"4",0,"1","1","3","1","2",7,1,2,0,"2",37,"1","3","5",30917.751522,0.31
"2",29,"3",0,"1","1","5","1","2",2,0,0,0,"2",29,"1","5","1",93806.110061,5
"2",63,"3",0,"1","1","5","1","2",3,0,0,1,"2",63,"1","5","3",52546.283377,1
"1",30,"2",0,"2","2","1","2","2",3,1,0,0,"2",27,"2","2","1",40345.275932,1.01
"1",46,"4",1,"1","1","5","1","2",6,0,3,1,"2",44,"1","5","1",18311.002421,4.38
"2",56,"2",0,"2","1","5","1","2",2,0,0,0,"1",43,"1","4","1",17073.788816,3.81
"2",60,"6",0,"2","1","5","1","2",3,0,1,1,"2",60,"2","5","3",14668.427944,5
"1",34,"2",0,"2","1","4","1","2",2,0,0,0,"2",28,"2","2","6",40255.82647,4.77
"1",51,"1",0,"1","1","4","1","2",1,0,0,0,"1",51,"1","4","5",26675.753316,1.11
"1",33,"6",0,"1","1","3","1","2",2,0,0,0,"1",33,"1","3","5",15030.182711,4.77
"2",45,"4",0,"1","1","3","1","2",4,0,2,0,"2",45,"1","3","3",32040.003069,1.26
"2",68,"3",0,"1","1","5","1","2",2,0,0,2,"1",72,"1","4","1",112371.434272,3.81
"1",49,"1",0,"1","1","4","1","2",1,0,0,1,"2",80,"1","2","2",31663.990653,0.7
"1",56,"1",0,"2","1","4","2","2",3,0,0,0,"1",56,"2","4","1",18424.936671,1.52
"2",40,"1",0,"2","2","3","2","1",7,1,4,0,"2",40,"2","3","1",17825.939273,0.95
"2",29,"2",0,"1","1","2","1","2",5,1,0,1,"2",28,"1","4","5",19370.330115,0.54
"2",62,"4",0,"1","1","4","1","2",6,0,2,1,"2",62,"1","4","5",16435.839651,0.54
"2",36,"6",0,"2","2","5","1","2",1,0,0,0,"1",30,"2","5","5",18254.497497,5
"1",62,"3",0,"1","1","5","1","2",3,0,0,3,"1",62,"1","5","1",84055.070769,5
"2",38,"3",0,"1","1","4","1","2",2,0,0,0,"2",38,"1","4","5",25118.537542,0.97
"1",65,"4",0,"1","1","3","1","2",1,0,0,1,"1",65,"1","3","3",10279.214263,1.29
"1",52,"6",0,"2","2","5","1","2",2,0,0,0,"1",52,"2","5","1",14911.469668,1.59
"2",80,"3",0,"1","1","2","1","2",1,0,0,1,"2",80,"1","2","2",29740.166287,1.71
"2",80,"3",0,"1","1","2","1","2",4,0,1,2,"2",80,"1","2","2",38908.626538,4.61
"2",80,"3",0,"1","1","5","1","2",1,0,0,1,"2",80,"1","5","2",28825.151837,1.57
"2",21,"3",0,"1","1","3","1","2",2,0,0,1,"1",64,"1","3","3",38913.595284,1.29
"2",67,"1",0,"2","2","1","2","2",2,0,0,1,"2",67,"2","1","2",15380.189601,0.97
"1",75,"6",0,"2","1","3","1","2",7,0,3,2,"1",46,"2","5","1",10520.765036,3.93
"2",28,"6",0,"2","2","3","1","1",3,1,0,0,"2",28,"2","3","1",20782.083341,0.87
"1",20,"1",0,"1","1","3","1","2",4,0,0,1,"1",63,"1","2","1",42221.475894,1.27
"2",56,"2",0,"2","1","5","1","2",3,0,1,0,"2",56,"2","5","5",14422.284143,2.27
"1",75,"6",0,"2","2","1","1","1",2,0,0,2,"1",75,"2","1","1",8506.354691,0.85
"2",32,"1",0,"1","1","2","1","2",5,0,2,0,"2",32,"1","2","1",36284.097844,2.36
"1",24,"4",0,"1","1","2","1","2",1,0,0,0,"1",23,"1","3","5",28734.577221,0.7
"1",53,"4",0,"1","1","2","1","2",3,0,1,0,"1",53,"1","2","4",26052.931107,0.61
"1",62,"3",1,"1","1","4","1","2",3,0,0,1,"1",62,"1","4","1",19444.719947,1.92
"1",44,"1",0,"2","2","3","2","2",5,1,2,0,"1",44,"2","3","1",37933.577474,0.86
"1",34,"3",0,"1","1","5","1","2",4,2,0,0,"2",31,"1","4","1",101872.772394,2.89
"1",68,"3",0,"1","1","5","1","2",2,0,0,2,"1",68,"1","5","1",89854.825647,5
"1",32,"4",0,"1","1","4","1","2",6,2,1,0,"2",24,"1","2","5",25407.13925,0.78
"2",54,"3",0,"1","1","3","1","2",2,0,0,0,"2",54,"1","3","3",18511.180168,0.97
"1",74,"6",0,"2","1","5","1","2",2,0,0,2,"1",74,"2","5","1",12348.936753,5
"1",51,"1",0,"2","1","4","2","2",7,0,4,0,"1",51,"2","4","1",21027.325599,1.05
"1",76,"6",0,"2","1","1","1","2",3,0,0,1,"1",76,"2","1","1",17906.144104,5
"2",47,"3",0,"1","1","3","1","2",4,0,1,0,"2",47,"1","3","1",17718.509639,0.8
"2",72,"2",0,"2","1","2","1","2",1,0,0,1,"2",72,"2","2","2",7669.947436,1.03
"1",52,"4",0,"1","1","4","1","2",3,0,0,0,"1",52,"1","4","1",21519.950735,5
"2",36,"3",0,"1","1","5","1","2",5,2,1,0,"2",36,"1","5","1",43691.348323,2.58
"2",53,"1",0,"2","1","2","1","1",3,0,0,0,"1",27,"1","5","1",18017.607832,3.58
"1",66,"3",1,"1","1","3","1","2",2,0,0,2,"1",66,"1","3","1",100833.284956,4.05
"2",37,"1",0,"1","1","4","1","2",6,2,2,0,"2",37,"1","4","1",30003.047227,1.14
"1",46,"1",0,"2","1","3","1","2",4,1,1,0,"2",38,"2","2","1",30349.413796,1.91
"2",27,"1",0,"2","2","4","1","2",6,2,2,0,"1",36,"1","4","6",36550.650062,0.28
"2",64,"3",0,"1","1","4","1","2",2,0,0,2,"1",68,"1","5","1",78375.382743,4.13
"1",53,"3",0,"1","1","5","1","2",3,0,0,0,"1",53,"1","5","1",143815.076784,5
"2",57,"3",0,"1","1","3","1","2",4,0,1,1,"2",57,"1","3","1",101812.197772,1.68
"2",63,"3",0,"1","1","3","1","2",2,0,0,2,"1",66,"1","4","1",90786.76908,3.37
"1",61,"3",0,"1","1","4","1","2",3,0,0,2,"1",61,"1","4","1",70427.80792,5
"2",73,"3",0,"1","1","3","1","2",1,0,0,1,"2",73,"1","3","2",73008.27357,3.6
"1",41,"2",0,"2","2","4","2","2",6,0,3,0,"1",41,"2","4","6",22226.892143,1.58
"1",22,"4",0,"1","1","4","1","2",4,0,2,0,"2",46,"1","4","3",27474.610903,2.25
"2",33,"1",0,"1","1","2","1","2",2,0,1,0,"2",33,"1","2","3",40744.696768,2.23
"1",55,"3",1,"1","1","3","1","2",4,0,2,0,"1",55,"1","3","1",26108.80047,0.72
"2",64,"6",0,"2","1","2","1","2",3,0,0,3,"2",64,"2","2","1",15875.841315,0.87
"2",53,"4",0,"1","1","4","1","2",3,0,1,0,"2",53,"1","4","1",20391.44855,1.64
"2",50,"6",0,"2","2","1","1","1",3,1,0,0,"1",29,"2","4","3",16914.48537,1.06
"1",53,"1",0,"2","2","1","2","2",5,0,3,0,"1",53,"2","1","1",20413.261022,0.45
"1",33,"4",0,"1","1","3","1","2",5,1,0,2,"1",74,"1","4","1",29649.023827,1.27
"1",31,"3",0,"1","1","2","1","2",7,3,3,2,"1",60,"1","2","1",20075.300868,0.43
"2",45,"3",0,"1","1","2","1","2",2,0,0,0,"2",45,"1","2","1",93150.141339,3.05
"2",21,"3",0,"1","1","5","1","2",1,0,0,0,"2",21,"1","5","5",29340.049115,0.26
"1",50,"3",0,"1","1","5","1","2",2,0,0,0,"1",50,"1","5","1",135541.860875,5
"2",62,"3",0,"1","1","5","1","2",2,0,0,2,"2",62,"1","5","2",29591.58649,1.81
"1",64,"4",0,"1","1","2","1","2",2,0,0,1,"1",64,"1","2","3",9359.80207,1.27
"2",51,"4",0,"1","1","4","1","2",4,0,0,0,"2",51,"1","4","4",20545.181159,2.94
"2",59,"3",0,"1","1","3","1","2",2,0,0,0,"2",59,"1","3","1",108239.996308,5
"2",39,"1",0,"2","2","1","2","2",7,0,0,0,"2",39,"2","1","1",23018.76866,1.94
"2",45,"3",0,"1","1","4","1","2",3,0,1,1,"1",66,"1","3","3",35144.965287,1.16
"2",80,"3",0,"1","1","5","1","2",1,0,0,1,"2",80,"1","5","2",30930.093041,5
"1",38,"3",0,"1","1","5","1","2",4,1,1,0,"2",38,"1","5","1",84120.656677,4.67
"2",59,"7",0,"1","1","4","1","2",1,0,0,2,"2",63,"1","3","1",123565.522599,4.28
"1",28,"4",0,"1","1","2","1","2",7,0,3,0,"2",52,"1","2","5",27613.679439,0.69
"1",36,"3",0,"1","1","5","1","2",5,1,2,0,"1",36,"1","5","1",78068.036339,1
"2",24,"2",0,"2","1","4","1","2",2,1,0,0,"2",24,"2","4","4",38160.398988,0.47
"2",50,"3",0,"1","1","4","1","2",1,0,0,0,"2",50,"1","4","4",22539.859807,0.73
"2",25,"3",0,"1","1","3","1","2",3,1,0,0,"1",30,"1","3","1",77502.678334,0.51
"2",62,"4",0,"1","1","3","1","2",5,2,1,1,"2",30,"1","3","4",14173.783799,0.76
"2",45,"3",0,"1","1","5","1","2",5,0,3,0,"2",45,"1","5","1",83293.274414,3.14
"1",26,"3",0,"1","1","5","1","2",2,0,0,0,"2",23,"1","5","1",112158.516703,5
"2",45,"3",0,"1","1","2","1","2",1,0,0,0,"2",45,"1","2","6",72238.221557,5
"1",67,"3",0,"1","1","2","1","2",3,0,0,2,"1",67,"1","2","1",25957.952753,1.25
"1",47,"3",0,"1","1","5","1","2",3,0,1,0,"1",47,"1","5","1",88295.532566,5
"2",66,"3",0,"1","1","5","1","2",2,0,0,2,"2",66,"1","5","1",76613.875616,5
"1",21,"3",0,"1","1","3","1","2",1,0,0,0,"1",21,"1","3","5",112158.516703,5
"2",51,"3",0,"1","1","2","1","2",2,0,0,1,"2",66,"1","4","3",16405.444524,0.84
"1",47,"3",0,"2","1","5","1","2",5,0,2,0,"1",47,"2","5","1",73295.590253,5
"2",38,"1",0,"1","1","1","2","2",3,0,1,0,"2",38,"1","1","1",46387.691292,0.48
"1",20,"4",0,"1","1","3","1","2",3,0,0,0,"2",41,"1","5","3",32289.177522,1.16
"2",31,"3",0,"1","1","5","1","2",5,1,2,0,"1",33,"1","5","1",54294.901447,2.36
"1",80,"3",1,"1","1","4","1","2",1,0,0,2,"1",80,"1","4","3",17775.764083,1.65
"2",80,"6",0,"1","1","4","1","2",2,0,0,2,"1",80,"1","5","1",21308.145351,5
"2",55,"4",0,"1","1","3","1","2",2,0,0,0,"2",55,"1","3","5",19256.385669,1.59
"1",40,"6",0,"2","1","4","1","2",5,0,2,1,"1",40,"2","4","1",16575.424742,2.36
"1",60,"6",0,"2","2","1","1","1",4,0,1,1,"2",20,"2","3","5",13037.413328,0.41
"2",48,"3",0,"1","1","4","1","2",6,2,1,0,"2",25,"1","2","6",16497.761359,1.2
"1",40,"3",0,"1","1","4","1","2",6,1,2,0,"1",40,"1","4","1",20038.213485,1.09
"2",53,"1",0,"1","1","3","1","2",2,0,0,1,"1",69,"1","3","1",26329.131738,5
"2",66,"4",0,"1","1","5","1","2",2,0,0,2,"2",80,"1","2","1",16034.968793,1.7
"1",50,"1",0,"1","1","4","1","2",1,0,0,0,"1",50,"1","4","6",18133.275391,5
"1",36,"3",0,"1","1","5","1","2",4,2,0,0,"1",36,"1","5","1",85949.927417,4.19
"2",69,"2",0,"2","1","5","1","2",2,0,0,2,"1",67,"1","5","1",20230.689256,5
"2",43,"6",0,"2","2","5","1","2",4,0,2,0,"2",43,"2","5","1",22390.95988,5
"1",39,"3",0,"1","1","4","1","2",2,0,0,0,"2",54,"1","3","3",13806.860164,0.97
"2",24,"1",0,"1","1","4","1","2",2,0,0,0,"1",56,"1","4","5",26478.312737,5
"2",57,"1",0,"1","1","4","1","2",2,0,0,1,"2",57,"1","4","1",20199.008824,0.64
"1",21,"1",0,"1","1","3","1","2",6,0,1,0,"1",52,"2","1","5",23055.828673,0.31
"1",50,"3",0,"1","1","2","1","2",3,0,1,0,"1",50,"1","2","1",28503.507603,2.12
"1",30,"3",0,"1","1","3","1","2",1,0,0,0,"1",30,"1","3","5",20433.705885,0.69
"2",22,"4",0,"1","1","4","1","2",2,0,0,0,"1",21,"1","3","6",32526.108465,4.45
"2",70,"3",0,"1","1","5","1","2",2,0,0,2,"1",72,"1","5","1",49790.981474,5
"2",46,"1",0,"2","2","3","2","2",5,0,0,0,"1",55,"2","1","1",28218.956804,0.87
"2",69,"3",0,"1","1","4","1","2",2,0,0,1,"2",69,"1","4","2",39349.192951,1.91
"1",55,"3",1,"1","1","3","1","2",2,0,0,0,"1",55,"1","3","1",135541.860875,1.74
"2",22,"3",0,"1","1","4","1","2",2,1,2,0,"2",39,"1","4","3",34552.616639,0.95
"2",48,"3",0,"1","1","3","1","2",4,0,2,0,"1",55,"1","3","1",26510.789064,0.72
"1",44,"3",0,"1","1","5","1","2",5,0,3,0,"2",41,"1","5","1",69686.115557,5
"2",48,"3",0,"1","1","5","1","2",5,0,3,0,"1",53,"2","5","1",25344.596056,1.11
"1",64,"2",0,"2","1","3","2","2",7,0,1,1,"1",41,"2","2","1",8748.134024,1.25
"2",50,"3",0,"1","1","4","1","2",1,0,0,0,"2",50,"1","4","5",21305.084054,1.04
"2",49,"1",0,"2","2","4","2","2",6,0,3,0,"2",49,"2","4","1",29877.191163,1.27
"2",66,"3",0,"1","1","4","1","2",1,0,0,1,"2",66,"1","4","3",55762.755269,4.35
"1",24,"4",0,"1","1","4","1","2",2,0,0,0,"2",57,"2","1","5",22462.070921,1.42
"2",62,"4",0,"1","1","4","1","2",1,0,0,1,"2",62,"1","4","4",26461.380739,2.14
"1",50,"1",0,"1","1","2","1","2",4,0,1,0,"1",50,"1","2","1",17790.466055,2.59
"2",66,"6",0,"1","1","4","1","2",2,0,0,2,"2",66,"1","4","1",16703.028206,3.38
"2",57,"4",1,"1","1","3","1","2",4,0,0,0,"2",57,"1","3","1",19026.580317,2.94
"2",48,"3",0,"1","1","4","1","2",4,0,0,0,"1",52,"1","4","1",77376.722737,4.86
"1",74,"3",1,"1","1","3","1","2",3,0,0,2,"2",74,"1","4","1",43466.005552,4.3
"2",52,"1",0,"1","1","4","1","2",3,0,1,0,"2",52,"1","4","1",27710.804227,5
"1",80,"4",0,"2","2","3","1","2",5,0,0,2,"2",47,"2","3","3",9861.493591,1.5
"2",59,"4",0,"1","1","3","1","2",1,0,0,0,"2",59,"1","3","5",28044.667493,2.14
"2",44,"3",0,"1","1","5","1","2",5,0,3,0,"1",42,"1","4","1",45113.496372,3.23
"2",36,"3",0,"1","1","4","1","2",6,0,3,0,"2",36,"1","4","1",66087.698679,2.66
"1",62,"4",0,"1","1","3","1","2",1,0,0,1,"1",62,"1","3","5",8630.256341,0.16
"2",33,"7",0,"1","1","4","1","2",4,2,0,0,"2",33,"1","4","1",25024.090953,4.25
"1",80,"3",1,"1","1","4","1","2",1,0,0,1,"1",80,"1","4","2",38030.363265,2.18
"2",48,"2",0,"2","1","3","1","2",4,0,0,0,"1",23,"1","3","5",24151.801873,3.02
"2",76,"2",0,"2","1","4","2","2",4,0,0,2,"2",76,"2","4","1",17406.322197,0.51
"2",63,"4",0,"1","1","4","1","2",1,0,0,2,"2",63,"1","4","6",17751.514378,0.87
"1",61,"3",0,"1","1","5","1","2",1,0,0,1,"1",61,"1","5","3",130672.284813,5
"1",39,"3",0,"1","1","4","1","2",5,0,2,0,"2",37,"1","4","1",19790.829583,1.02
"1",22,"1",0,"2","1","5","1","2",5,0,2,0,"1",44,"2","3","1",34932.348186,0.82
"2",47,"6",0,"2","1","5","1","2",7,1,2,0,"1",54,"2","5","1",17076.673597,3.53
"1",36,"3",0,"1","1","5","1","2",5,1,2,0,"1",36,"1","5","1",46336.969091,5
"1",48,"3",0,"2","1","5","1","2",7,1,3,0,"2",50,"1","4","1",76889.844665,5
"2",20,"6",0,"2","1","4","1","2",4,0,0,2,"1",67,"1","5","1",37144.711607,4.61
"2",80,"3",0,"1","1","4","1","2",3,0,0,1,"2",51,"1","4","5",33356.107406,2.15
"2",80,"3",0,"1","1","2","1","2",1,0,0,1,"2",80,"1","2","2",35463.687542,0.73
"2",63,"1",0,"2","1","2","1","2",3,0,0,2,"2",63,"2","2","1",24204.333724,1.28
"2",66,"1",0,"2","1","1","2","2",1,0,0,1,"2",66,"2","1","2",14272.922707,1.15
"2",80,"3",0,"1","1","5","1","2",1,0,0,2,"2",80,"1","5","2",24756.537796,2.4
"1",56,"3",0,"1","1","5","1","2",3,0,0,0,"1",56,"1","5","1",109715.406887,5
"2",43,"3",0,"1","1","3","1","2",5,0,2,0,"1",40,"1","3","1",83983.150924,1.61
"2",38,"6",0,"2","1","4","1","2",7,2,3,0,"1",47,"1","4","1",19768.824217,0.7
"2",45,"1",0,"2","2","1","2","2",7,3,3,0,"2",45,"2","1","4",17825.939273,0.56
"2",46,"6",0,"2","2","1","1","1",5,1,0,1,"1",61,"2","1","1",16198.408098,0.72
"2",51,"4",0,"1","1","4","1","2",5,1,0,2,"1",74,"1","4","1",27806.924289,1.27
"2",52,"6",0,"2","1","4","1","2",2,0,1,0,"2",52,"2","4","4",13360.435378,3.09
"2",69,"3",0,"2","1","4","1","2",2,0,0,2,"1",71,"1","4","1",62920.23407,3.87
"1",60,"3",0,"1","1","5","1","2",2,0,0,2,"1",60,"1","5","1",90352.414131,5
"1",63,"4",0,"1","1","2","1","2",1,0,0,1,"1",63,"1","2","2",11213.688287,1.03
"1",47,"6",0,"2","2","1","1","2",2,0,0,0,"2",43,"2","3","5",23784.282032,4.77
"1",53,"4",0,"1","1","2","1","2",1,0,0,3,"1",80,"1","1","2",14841.094512,0.88
"1",54,"4",0,"2","2","2","1","2",3,0,0,1,"1",79,"2","3","4",21104.517415,1.77
"2",52,"3",0,"1","1","4","1","2",3,0,1,0,"1",53,"2","3","1",38441.864976,1.02
"2",54,"3",0,"1","1","4","1","2",3,0,0,1,"1",71,"1","2","1",38441.864976,0.92
"1",27,"2",0,"1","1","4","1","2",6,1,0,1,"1",27,"1","4","6",38854.720708,3.09
"2",42,"3",0,"1","1","3","1","2",5,0,2,0,"1",44,"1","2","1",72726.904355,4.3
"2",56,"4",0,"1","1","2","1","2",1,0,0,0,"2",56,"1","2","3",26316.267764,0.62
"2",80,"3",0,"1","1","4","1","2",2,0,0,2,"1",80,"1","5","1",54672.698641,2.9
"2",54,"4",0,"1","1","3","1","2",7,0,2,2,"2",54,"1","3","5",20238.646751,0.07
"2",60,"2",0,"2","1","3","2","2",5,1,0,2,"1",34,"2","4","1",12164.973942,3.22
"2",38,"3",0,"1","1","4","1","2",3,0,1,0,"2",38,"1","4","5",20685.138916,1.07
"2",53,"3",0,"1","1","2","1","2",7,2,3,0,"2",53,"1","2","4",18034.70703,0.93
"2",55,"2",0,"2","1","4","1","2",2,0,0,0,"1",51,"2","5","1",19669.163172,2.63
"2",66,"3",0,"1","1","5","1","2",2,0,0,2,"1",68,"1","5","1",74311.781717,5
"1",32,"4",0,"1","1","3","1","2",6,0,1,1,"2",60,"1","2","1",23729.062392,5
"2",60,"3",0,"1","1","4","1","2",2,0,0,1,"1",57,"1","5","1",63474.722459,5
"1",34,"7",0,"1","1","5","1","2",1,0,0,0,"1",34,"1","5","5",27134.687281,3.05
"1",76,"3",0,"1","1","5","1","2",2,0,0,2,"1",76,"1","5","1",63224.820874,5
"2",44,"4",0,"1","1","5","1","2",4,0,2,0,"2",44,"1","5","1",26894.281601,5
"1",72,"7",1,"1","1","4","1","2",1,0,0,1,"1",72,"1","4","2",75541.091292,1.46
"2",74,"1",0,"2","2","1","2","1",2,0,0,2,"2",74,"2","1","1",15107.120526,0.93
"1",33,"6",0,"2","2","4","1","2",4,2,0,0,"1",33,"2","4","1",18074.665033,1.27
"2",38,"6",0,"2","1","5","1","2",4,0,2,0,"1",48,"2","5","1",14158.254438,5
"1",72,"3",0,"1","1","5","1","2",3,0,0,2,"1",72,"1","5","1",57479.762312,3.58
"2",50,"4",0,"1","1","3","1","2",3,1,0,0,"2",50,"1","3","5",29649.053505,0.51
"1",63,"3",0,"1","1","5","1","2",3,0,0,1,"2",59,"1","5","1",82776.927167,5
"1",26,"1",0,"2","2","3","2","2",1,3,0,0,"1",22,"2","3","5",34995.394675,1.31
"2",39,"3",0,"1","1","4","1","2",3,0,0,0,"1",44,"1","3","1",77030.969896,2.82
"2",62,"3",0,"1","1","2","1","2",2,0,0,2,"2",62,"1","2","1",55691.245648,3.09
"2",76,"3",0,"1","1","3","1","2",4,0,1,1,"2",76,"1","3","2",59355.474988,0.87
"1",47,"3",1,"1","1","4","1","2",7,2,3,0,"1",47,"1","4","1",20572.398009,0.7
"2",48,"4",0,"1","1","4","1","2",2,0,0,0,"2",48,"1","4","3",32031.078786,1.29
"2",44,"4",0,"1","1","5","1","2",3,0,2,0,"2",44,"1","5","3",25979.424831,4.55
"1",25,"2",0,"1","1","5","1","2",3,1,0,0,"1",25,"1","5","1",62211.875054,2.3
"1",46,"6",0,"2","2","5","1","2",3,0,1,0,"1",46,"2","5","1",16862.884248,5
"2",55,"7",0,"1","1","3","1","2",6,2,1,0,"2",55,"1","3","3",15769.756025,0.42
"2",26,"3",0,"1","1","5","1","2",1,0,0,0,"2",31,"1","5","5",50899.230407,3.86
"1",55,"3",0,"1","1","5","1","2",2,0,0,0,"1",55,"1","5","1",107904.124798,5
"1",80,"3",1,"1","1","4","1","2",2,0,0,2,"2",78,"1","4","1",30464.571461,4.45
"1",20,"3",0,"1","1","4","1","2",1,0,0,0,"2",20,"1","4","5",63966.408313,1.74
"1",32,"6",0,"2","2","5","1","2",2,0,0,0,"1",32,"2","5","1",18276.82613,2.23
"1",80,"3",1,"1","1","5","1","2",3,0,0,2,"1",80,"1","5","1",25384.681948,2.05
"1",36,"6",0,"2","2","4","1","2",4,1,1,0,"1",36,"2","4","1",15129.331579,0.84
"2",47,"6",0,"2","1","5","1","2",4,0,1,0,"1",48,"2","5","1",21467.247442,4.25
"1",80,"3",1,"1","1","3","1","2",1,0,0,1,"1",80,"1","3","2",17152.004538,1.03
"2",64,"4",0,"1","1","4","1","2",5,0,0,1,"2",52,"1","5","3",9948.192627,3.3
"1",35,"4",0,"1","1","4","1","2",1,0,0,0,"1",35,"1","4","3",26438.468888,5
"1",47,"6",0,"2","1","5","1","2",4,0,2,0,"1",47,"2","5","1",19037.393786,5
"2",32,"3",0,"1","1","4","1","2",3,1,0,1,"2",32,"1","4","4",20628.955903,0.51
"1",59,"4",0,"1","1","5","1","2",1,0,0,0,"1",59,"1","5","5",22021.375122,5
"1",45,"3",0,"1","1","4","1","2",5,0,3,0,"2",50,"1","4","1",66076.325643,3.63
"2",80,"3",0,"1","1","3","1","2",1,0,0,1,"2",80,"1","3","2",33436.653289,2.61
"2",34,"6",0,"1","1","4","1","2",2,0,0,0,"1",40,"2","5","1",16740.338362,5
"2",33,"3",0,"1","1","4","1","2",3,0,2,0,"1",31,"1","4","1",38955.552565,0.63
"1",56,"3",0,"1","1","4","1","2",2,0,0,1,"1",56,"1","4","1",114986.314708,5
"2",30,"1",0,"1","1","2","1","2",6,3,1,0,"1",32,"1","3","1",38574.480424,0.47
"1",44,"6",0,"2","2","1","1","1",4,0,2,0,"1",44,"2","1","1",16135.945779,0.02
"2",34,"3",0,"1","1","3","1","2",3,1,1,0,"2",34,"1","3","3",29118.060185,0.09
"1",49,"4",0,"1","1","5","1","2",2,0,0,0,"2",47,"1","5","1",24174.287249,5
"1",42,"6",0,"2","1","5","1","2",3,0,0,2,"1",74,"2","5","1",14617.159916,5
"2",39,"4",0,"1","1","2","1","2",5,0,2,0,"1",47,"1","3","1",22852.607859,1.04
"2",71,"3",0,"1","1","4","1","2",2,0,0,2,"2",71,"1","4","1",41713.879121,4.84
"2",34,"3",0,"2","1","4","1","2",2,0,0,0,"2",34,"2","4","6",64899.276332,5
"1",42,"3",1,"1","1","4","1","2",4,0,3,0,"1",42,"1","4","1",110735.363988,3.1
"1",56,"4",0,"2","1","4","1","2",2,0,0,0,"1",56,"2","4","1",28029.628472,5
"2",80,"3",0,"1","1","1","1","2",1,0,0,1,"2",80,"1","1","2",36601.053722,4.71
"1",68,"3",1,"1","1","4","1","2",2,0,0,1,"1",68,"1","4","1",113706.95816,3.22
"1",64,"3",0,"1","1","2","1","2",2,0,0,2,"1",64,"1","2","1",39384.605497,1.59
"2",47,"3",0,"1","1","3","1","2",2,0,0,0,"2",47,"1","3","1",95624.260479,3.22
"2",42,"3",0,"1","1","4","1","2",5,1,0,1,"2",65,"1","3","5",44464.740545,2.6
"1",45,"1",0,"1","1","2","1","2",5,1,0,1,"1",45,"1","2","4",27425.47673,1.07
"2",42,"3",0,"1","1","5","1","2",2,1,0,0,"2",42,"1","5","3",22394.968435,5
"1",76,"4",0,"1","1","1","1","2",4,0,1,2,"1",76,"1","1","1",8013.95142,0.78
"1",34,"6",0,"2","2","5","1","2",1,0,0,0,"1",34,"2","5","1",23145.19894,3.48
"1",43,"4",0,"1","1","4","1","2",4,0,0,0,"1",43,"1","4","1",23482.185573,1.44
"2",64,"4",0,"1","1","3","1","2",2,0,0,2,"2",64,"1","3","4",18485.928578,0.71
"2",59,"3",0,"1","1","5","1","2",1,0,0,0,"2",59,"1","5","5",27153.124199,5
"2",40,"7",0,"1","1","5","1","2",3,1,1,0,"2",40,"1","5","4",14985.905449,4.55
"2",35,"4",0,"1","1","5","1","2",5,0,3,0,"1",40,"1","3","1",19088.961376,1.45
"1",59,"6",0,"2","1","5","1","2",3,0,0,0,"1",59,"2","5","1",16433.426266,5
"1",41,"3",0,"1","1","4","1","2",4,0,1,0,"1",41,"1","4","1",98994.797869,1.49
"2",79,"1",0,"2","1","1","2","2",3,0,0,1,"1",50,"1","2","1",16202.02994,3.33
"2",62,"4",0,"1","1","4","1","2",1,0,0,3,"1",80,"1","1","2",9123.684839,0.23
"2",64,"3",0,"1","1","4","1","2",2,0,0,1,"2",41,"1","4","5",88111.560425,5
"1",23,"4",0,"1","1","3","1","2",1,0,0,0,"1",23,"1","3","5",28734.577221,2.61
"1",69,"1",1,"1","1","4","1","2",1,0,0,1,"1",69,"1","4","3",12296.327439,1.57
"2",32,"6",0,"2","1","5","1","2",3,1,0,0,"1",34,"2","4","1",17424.1604,5
"1",65,"6",0,"1","1","4","1","2",1,0,0,1,"1",65,"1","4","3",11809.871339,2.09
"1",37,"6",0,"2","1","5","1","2",4,1,1,0,"2",37,"2","4","1",12607.395077,4.19
"1",55,"3",0,"1","1","4","1","2",2,0,0,0,"2",53,"1","4","1",90312.914645,4.04
"2",40,"4",0,"1","1","2","1","2",2,0,0,0,"1",52,"1","3","3",40501.942088,1.14
"1",72,"3",1,"1","1","3","1","2",4,0,0,2,"1",72,"1","3","1",11680.063327,0.12
"1",54,"3",0,"1","1","1","1","2",4,1,0,0,"1",54,"1","1","5",118058.737087,1.44
"1",54,"3",0,"1","1","4","1","2",1,0,0,0,"1",59,"1","4","3",22232.599185,0.51
"2",39,"4",0,"1","1","2","1","2",5,0,3,0,"2",39,"1","2","6",25054.682743,0.25
"1",44,"3",0,"1","1","3","1","2",1,0,0,0,"1",44,"1","3","5",101720.456536,2.14
"2",65,"6",0,"2","2","5","1","1",6,1,1,2,"2",37,"2","5","1",8852.012045,5
"2",69,"3",0,"1","1","3","1","2",2,0,0,1,"2",69,"1","3","1",98127.7155,5
"2",27,"4",0,"1","1","2","1","2",4,0,1,0,"2",50,"1","3","5",21750.057166,1.91
"2",79,"4",0,"1","1","5","1","2",1,0,0,1,"2",79,"1","5","2",20699.241406,2.57
"1",63,"1",0,"2","2","1","2","1",3,0,0,2,"1",34,"1","3","6",12910.61342,1.05
"2",29,"6",0,"1","1","5","1","2",3,1,0,0,"2",29,"1","5","1",25139.624684,2.78
"1",54,"3",0,"1","1","2","1","2",3,0,0,0,"2",57,"1","4","1",20762.20094,1
"1",58,"3",1,"1","1","3","1","2",1,0,0,0,"1",58,"1","3","3",59706.921117,1.71
"2",63,"4",0,"1","1","1","1","2",1,0,0,1,"2",63,"1","1","4",21832.758725,0.52
"1",43,"3",0,"1","1","4","1","2",3,0,0,2,"2",71,"1","4","1",105564.632212,3.46
"1",44,"2",0,"2","2","2","2","1",6,1,1,0,"1",44,"2","2","1",35525.579313,1.42
"1",21,"4",0,"1","1","3","1","2",3,1,0,0,"1",21,"1","3","6",20550.057461,0.1
"1",20,"3",0,"1","1","2","1","2",3,0,0,0,"2",50,"1","4","1",22166.491882,0.35
"2",80,"3",0,"1","1","4","1","2",2,0,0,2,"1",80,"1","4","1",56314.228133,1.27
"2",20,"6",0,"1","1","4","1","2",5,0,2,0,"1",57,"1","4","1",19549.68944,3.22
"1",80,"3",1,"1","1","5","1","2",2,0,0,2,"2",80,"1","2","1",28511.946732,5
"2",80,"3",0,"1","1","3","1","2",1,0,0,1,"2",80,"1","3","2",14622.538888,1.2
"1",28,"1",0,"2","2","2","2","2",7,3,2,0,"2",38,"2","1","1",50210.95379,0.94
"1",29,"4",0,"1","1","3","1","2",6,1,3,0,"2",28,"2","3","1",23795.88286,0.32
"1",24,"3",0,"1","1","2","1","2",6,2,2,0,"1",24,"1","2","1",20842.810761,0.73
"1",75,"3",1,"1","1","3","1","2",1,0,0,1,"1",75,"1","3","2",78088.059428,2.44
"2",25,"6",0,"2","1","5","1","2",2,0,0,0,"2",25,"2","5","5",17743.429247,5
"1",70,"3",0,"1","1","4","1","2",2,0,0,2,"1",70,"1","4","1",20749.081686,1.08
"1",22,"6",0,"2","1","5","1","2",4,0,0,0,"1",53,"2","5","3",14733.93477,3.35
"2",68,"4",0,"1","1","2","1","2",7,0,1,1,"2",68,"1","2","4",13341.680481,1.31
"2",80,"3",0,"1","1","5","1","2",2,0,0,2,"2",80,"1","5","2",45397.420109,2.8
"2",29,"6",0,"2","1","5","1","2",4,2,0,0,"1",32,"1","5","1",21374.409667,3.4
"1",80,"3",1,"1","1","5","1","2",2,0,0,2,"1",80,"1","5","1",10694.23839,0.81
"1",75,"4",1,"1","1","2","1","2",3,0,1,2,"1",75,"1","2","1",11676.190808,1.02
"2",42,"3",0,"1","1","2","1","2",4,1,0,0,"2",42,"1","2","1",57033.72572,1.06
"2",24,"4",0,"1","1","2","1","2",5,3,1,0,"2",24,"1","2","5",23914.144938,0.54
"2",74,"4",0,"1","1","3","1","2",6,0,3,2,"1",78,"1","5","1",17401.371525,1.56
"1",72,"4",1,"1","1","3","1","2",3,0,0,2,"1",72,"1","3","1",9029.128627,5
"1",80,"2",0,"1","1","3","1","2",2,0,0,2,"1",80,"1","3","1",13152.459748,1.21
"1",48,"3",0,"1","1","3","1","2",1,0,0,0,"1",48,"1","3","3",30341.43992,0.12
"2",25,"3",0,"1","1","4","1","2",6,0,0,2,"2",52,"1","4","6",48151.370423,2.13
"1",59,"6",0,"2","1","4","1","2",3,0,1,0,"1",59,"2","4","1",18103.961574,1
"1",26,"3",0,"1","1","4","1","2",1,1,0,0,"1",26,"1","4","5",69363.063882,4.2
"2",39,"1",0,"2","2","1","1","2",4,0,3,0,"2",39,"2","1","4",26776.586302,0.29
"1",74,"4",0,"2","1","3","1","2",2,0,0,2,"1",74,"2","3","1",10588.710727,1.91
"1",67,"3",1,"1","1","4","1","2",2,0,0,2,"1",67,"1","4","1",121183.281969,3.18
"2",80,"2",0,"2","1","4","1","2",3,0,1,1,"2",50,"1","5","6",13411.099208,1.07
"1",64,"3",1,"1","1","2","1","2",3,0,0,1,"2",53,"1","2","1",20871.929909,0.85
"1",34,"1",0,"2","2","3","2","2",4,0,2,0,"1",34,"2","3","1",34519.137335,1.47
"1",24,"3",0,"1","1","4","1","2",1,0,0,0,"1",24,"1","4","5",90245.717499,5
"2",43,"3",0,"1","1","4","1","2",3,1,0,0,"2",43,"1","4","3",95624.260479,1.02
"1",55,"3",0,"1","1","4","1","2",1,0,0,0,"1",55,"1","4","3",96088.818387,1.89
"1",32,"3",0,"1","1","3","1","2",4,1,1,0,"1",32,"1","3","6",106819.654572,4.67
"2",28,"3",0,"1","1","4","1","2",1,0,0,0,"1",28,"1","4","6",59625.507051,1.63
"1",44,"1",1,"1","1","4","1","2",4,0,1,0,"1",44,"1","4","1",35873.495141,3.82
"1",66,"2",0,"2","1","3","1","2",2,0,0,2,"1",66,"2","3","1",10648.852363,3.69
"1",30,"4",0,"1","1","2","1","2",5,1,0,0,"2",36,"1","2","1",19725.408052,0.54
"2",74,"4",0,"1","1","2","1","2",1,0,0,1,"2",74,"1","2","2",14989.075718,1.03
"2",77,"3",0,"1","1","5","1","2",2,0,0,2,"1",73,"1","4","1",51814.325208,5
"1",34,"3",0,"1","1","3","1","2",1,0,0,0,"1",34,"1","3","5",68324.90003,2.35
"2",22,"7",0,"1","1","4","1","2",5,0,1,1,"2",45,"2","4","1",30431.909124,1.99
"1",73,"3",0,"1","1","3","1","2",5,0,0,3,"1",72,"1","2","1",51435.39666,4.48
"1",80,"3",1,"1","1","2","1","2",2,0,0,2,"1",80,"1","2","1",38596.961709,1.34
"1",62,"3",0,"1","1","2","1","2",2,0,0,2,"1",62,"1","2","1",90352.414131,5
"1",41,"3",0,"1","1","5","1","2",4,0,2,0,"1",41,"1","5","1",98711.148578,5
"2",62,"1",0,"1","1","5","1","2",3,0,0,2,"1",69,"1","5","1",19694.017421,5
"1",54,"2",0,"2","1","2","2","2",1,0,0,1,"1",54,"2","2","4",21405.34507,0.87
"2",80,"3",0,"1","1","2","1","2",1,0,0,1,"2",80,"1","2","2",14622.538888,1.89
"2",29,"1",0,"1","1","4","1","2",5,1,2,0,"1",29,"1","4","1",43475.419048,1.02
"1",66,"6",1,"1","1","4","1","2",3,0,1,1,"1",66,"1","4","1",18803.70839,2.05
"1",40,"2",1,"1","1","4","1","2",3,0,1,0,"2",43,"2","2","1",30445.103746,2.78
"1",61,"3",0,"1","1","4","1","2",3,0,0,1,"1",61,"1","4","1",120515.626784,5
"2",46,"3",0,"1","1","5","1","2",7,0,2,2,"1",66,"1","4","1",23696.197283,1.08
"1",25,"3",0,"1","1","5","1","2",1,0,0,0,"1",25,"1","5","5",90436.00364,3
"2",53,"3",0,"1","1","5","1","2",2,0,0,0,"1",52,"1","5","1",121415.408121,5
"1",52,"3",0,"1","1","3","1","2",2,0,0,1,"1",52,"1","3","1",24960.290688,1.06
"2",41,"6",0,"2","2","5","1","1",3,0,1,0,"1",40,"2","5","1",17258.46935,4.35
"1",53,"3",0,"1","1","5","1","2",2,0,0,0,"1",53,"1","5","1",109829.899489,5
"2",53,"6",0,"2","1","5","1","2",2,0,0,1,"1",67,"2","5","1",20012.300242,5
"2",69,"3",0,"1","1","5","1","2",2,0,0,2,"1",76,"1","4","1",35738.505782,1.23
"1",54,"4",0,"1","1","3","1","2",7,0,1,0,"2",57,"1","1","5",25570.743078,0.57
"2",46,"4",0,"1","1","4","1","2",6,0,4,0,"2",46,"1","4","1",27921.206994,4.69
"2",43,"4",0,"1","1","3","1","2",4,0,2,0,"2",43,"1","3","3",24993.209821,1.89
"1",36,"6",0,"1","1","5","1","2",2,0,0,0,"1",36,"1","5","5",28788.799559,4.77
"2",31,"2",0,"1","1","3","1","2",4,0,3,0,"2",31,"1","3","4",23468.559567,0.36
"2",30,"4",0,"1","1","4","1","2",3,0,2,0,"2",30,"1","4","5",38490.199714,0.41
"1",53,"4",1,"1","1","4","1","2",5,0,1,0,"1",53,"1","4","1",20488.637482,3.45
"2",62,"1",0,"2","1","3","1","2",1,0,0,1,"2",62,"2","3","2",14454.09628,1.91
"2",27,"6",0,"2","2","5","1","2",4,2,0,0,"2",27,"2","5","1",23330.972539,3.77
"2",74,"3",0,"1","1","2","1","2",3,0,0,2,"2",50,"1","4","1",71306.957455,5
"2",27,"4",0,"1","1","5","1","2",1,0,0,0,"2",27,"1","5","5",31173.02391,2.57
"1",43,"2",1,"2","1","4","1","2",5,1,0,2,"1",43,"2","4","1",26654.6478,3.48
"2",76,"4",0,"1","1","5","1","2",2,0,0,1,"2",76,"1","5","3",16657.131662,5
"2",23,"3",0,"1","1","5","1","2",1,0,0,0,"2",23,"1","5","5",43998.999273,5
"1",47,"1",0,"2","2","1","2","2",5,0,1,0,"1",47,"2","1","1",22696.489654,1.38
"1",56,"6",0,"1","1","5","1","1",2,0,0,0,"1",56,"1","5","1",10341.444146,5
"2",24,"4",0,"1","1","1","1","2",2,0,0,0,"2",55,"1","3","5",24705.814942,1.59
"1",61,"3",1,"1","1","4","1","2",2,0,2,1,"1",61,"1","4","1",20871.929909,1.08
"2",41,"2",0,"1","1","5","1","2",3,0,2,0,"2",41,"1","5","3",26665.151773,3.84
"1",64,"4",0,"1","1","4","1","2",3,0,0,1,"1",30,"1","3","5",15126.052124,4.04
"2",28,"2",0,"2","2","4","2","2",1,1,0,0,"1",51,"2","5","1",31237.803712,1.29
"2",41,"3",0,"2","1","2","1","2",4,0,2,0,"2",41,"2","2","3",79390.202457,0.91
"2",64,"3",0,"1","1","3","1","2",1,0,0,1,"2",64,"1","3","3",67205.592165,2.52
"2",34,"1",0,"2","1","5","2","2",2,0,0,0,"1",35,"1","2","6",54036.316375,4.51
"1",24,"3",0,"1","1","5","1","2",1,0,0,0,"1",24,"1","5","5",114495.152468,5
"2",44,"6",0,"2","1","5","1","2",5,0,2,1,"1",40,"2","2","1",17911.128634,4.35
"2",31,"6",0,"2","1","4","1","2",7,3,0,0,"1",58,"2","4","1",15164.50421,1.4
"2",63,"3",0,"1","1","5","1","2",2,0,0,2,"1",66,"1","5","1",94308.204797,5
"1",59,"2",0,"2","2","1","2","2",6,1,1,0,"1",59,"2","1","5",16038.024254,2.69
"1",74,"3",0,"1","1","3","1","2",3,0,0,2,"1",74,"1","3","1",25966.636989,0.86
"2",49,"3",0,"1","1","5","1","2",4,0,1,0,"1",58,"1","5","1",72881.666451,5
"1",21,"3",0,"1","1","4","1","2",5,0,2,0,"1",40,"1","3","1",87027.253486,1.61
"1",23,"1",0,"2","2","2","2","2",7,1,3,0,"1",44,"2","3","1",40079.239311,1.14
"2",33,"3",0,"1","1","5","1","2",3,1,0,0,"1",34,"1","5","1",88911.122873,5
"2",71,"2",0,"1","1","5","1","2",1,0,0,1,"2",71,"1","5","2",11873.978648,4.2
"2",21,"4",0,"1","1","4","1","2",5,3,0,0,"1",22,"1","3","6",25242.708545,1.07
"1",56,"4",1,"1","1","4","1","2",1,0,0,0,"1",56,"1","4","4",33172.946793,5
"1",80,"3",1,"1","1","5","1","2",1,0,0,1,"1",80,"1","5","2",34201.668854,4.35
"1",27,"3",0,"1","1","3","1","2",7,1,2,1,"1",68,"1","4","1",81969.888339,3.89
"1",61,"3",0,"1","1","4","1","2",6,0,1,2,"1",61,"1","4","1",64542.170864,3.1
"1",63,"4",0,"1","1","3","1","2",1,0,0,1,"1",63,"1","3","3",9509.038223,0.86
"2",51,"1",0,"2","2","2","2","2",3,0,0,0,"2",51,"2","2","3",19136.610498,1.01
"2",55,"1",0,"2","2","1","2","2",3,0,0,0,"1",32,"1","4","5",22109.714865,2.69
"2",39,"3",0,"1","1","3","1","2",2,0,0,1,"2",61,"1","2","3",74719.537684,4.26
"1",54,"3",0,"1","1","5","1","2",2,0,0,0,"1",54,"1","5","1",140640.722679,5
"2",39,"3",0,"1","1","4","1","2",1,0,0,1,"1",33,"1","3","5",56642.374573,0.04
"2",69,"4",0,"2","1","5","1","2",2,0,0,2,"1",74,"2","3","1",15330.937369,1.91
"2",25,"3",1,"1","1","4","1","2",3,1,0,0,"1",26,"1","3","1",76959.87691,2.82
"1",66,"4",0,"1","1","3","1","2",3,0,0,2,"2",62,"1","4","2",10631.757338,3.58
"2",52,"1",0,"2","2","4","2","2",3,0,1,0,"1",53,"2","2","1",21286.806411,0.8
"1",57,"4",0,"1","1","2","1","2",2,0,0,1,"1",57,"1","2","1",23134.121482,0.19
"1",37,"1",0,"1","1","4","1","2",5,0,2,0,"2",32,"1","2","1",47639.30552,2.36
"1",28,"3",0,"1","1","5","1","2",3,0,0,1,"2",63,"1","5","3",74913.128415,1
"1",27,"1",0,"1","1","5","1","2",3,0,0,0,"1",27,"1","5","1",35853.952034,3.58
"1",66,"4",0,"1","1","2","1","2",1,0,0,1,"1",66,"1","2","3",18851.997415,0.86
"1",72,"4",0,"2","1","1","1","2",2,0,0,2,"1",72,"2","1","3",8592.630376,1.26
"1",60,"3",0,"1","1","3","1","2",2,0,0,1,"1",60,"1","3","1",138653.859851,5
"2",75,"3",0,"1","1","5","1","2",1,0,0,1,"2",75,"1","5","2",37554.665566,3.48
"2",33,"3",0,"1","1","3","1","2",5,0,3,0,"1",41,"1","2","1",17842.876892,0.91
"1",67,"3",0,"1","1","5","1","2",2,0,0,2,"1",67,"1","5","1",61145.527908,5
"2",25,"1",0,"2","2","4","1","2",3,1,0,0,"1",26,"1","4","1",39950.62428,0.72
"2",49,"3",0,"1","1","5","1","2",1,0,0,0,"2",49,"1","5","5",80402.673366,5
"1",21,"1",0,"1","1","4","1","2",5,1,1,0,"2",40,"2","5","1",55257.924136,5
"2",20,"1",0,"1","1","2","1","2",3,2,0,0,"2",20,"1","2","1",37256.82438,0.82
"2",44,"4",0,"2","1","5","1","2",2,0,0,0,"1",55,"2","5","1",27442.329744,5
"2",49,"1",0,"2","2","2","2","2",5,2,0,0,"2",49,"2","2","1",28218.956804,0.74
"1",57,"3",1,"1","1","3","1","2",1,0,0,0,"1",57,"1","3","3",94744.17032,4.35
"1",58,"3",0,"1","1","2","1","2",2,0,0,0,"1",58,"1","2","1",28883.536459,0.52
"1",48,"6",0,"2","1","5","1","2",4,0,1,0,"1",48,"2","5","1",19866.349668,4.25
"1",20,"6",0,"1","1","4","1","2",4,0,0,0,"1",55,"2","3","1",26370.515599,3.14
"2",58,"3",0,"1","1","5","1","2",1,0,0,0,"2",58,"1","5","5",27790.555024,0.65
"2",39,"3",0,"1","1","3","1","2",5,0,3,0,"1",37,"1","4","1",107737.369017,2.18
"1",48,"3",0,"1","1","4","1","2",5,0,2,0,"1",48,"1","4","1",66076.325643,4.72
"2",37,"3",0,"1","1","2","1","2",4,0,1,0,"2",37,"1","2","1",69839.334304,4.19
"1",36,"1",0,"2","2","2","2","2",4,1,1,0,"1",36,"2","2","1",47560.030886,1.34
"1",21,"6",0,"2","2","3","1","2",3,0,0,0,"1",55,"2","5","1",30549.291064,3.03
"2",20,"4",0,"1","1","3","1","2",5,1,1,0,"2",41,"1","4","1",15975.126014,0.9
"2",42,"2",0,"2","1","4","2","2",5,1,1,0,"2",42,"2","4","1",35528.735766,2.9
"2",36,"1",0,"2","2","1","2","2",3,0,1,0,"1",38,"2","1","1",43336.112033,1.79
"2",50,"3",0,"1","1","3","1","2",1,0,0,0,"2",50,"1","3","3",90877.67899,5
"2",66,"3",0,"1","1","4","1","2",7,0,2,2,"1",66,"1","4","1",29208.421255,1.08
"1",26,"1",0,"1","1","5","1","2",4,0,0,0,"2",47,"1","4","1",46156.885004,3.5
"2",37,"4",0,"1","1","4","1","2",6,0,2,0,"2",37,"1","4","6",19990.771245,1.72
"2",21,"6",0,"2","2","3","1","1",3,0,0,0,"1",29,"2","5","1",33489.280804,0.56
"2",29,"4",0,"1","1","4","1","2",7,2,0,2,"2",70,"1","2","2",30978.404045,1.36
"2",80,"1",0,"1","1","4","1","2",2,0,0,1,"2",80,"1","4","2",13036.074129,1.03
"2",80,"3",0,"1","1","5","1","2",1,0,0,1,"2",80,"1","5","2",47633.108974,1.57
"2",58,"4",0,"1","1","2","1","2",2,0,0,1,"1",80,"1","1","2",24199.38401,0.76
"1",22,"1",0,"1","1","2","1","2",3,0,1,1,"2",69,"2","2","2",52657.460475,1.59
"2",50,"3",0,"1","1","3","1","2",2,0,0,0,"1",34,"1","4","1",26548.839787,1.61
"1",37,"3",0,"1","1","5","1","2",4,0,2,0,"1",37,"1","5","1",72391.912422,3.14
"1",66,"4",1,"1","1","4","1","2",2,0,0,2,"2",63,"1","3","1",11965.601623,3.18
"1",28,"1",0,"1","1","5","1","2",4,0,0,0,"2",47,"1","4","1",46156.885004,3.5
"2",45,"3",0,"1","1","3","1","2",1,0,0,0,"2",45,"1","3","3",33625.298298,1.22
"1",57,"6",0,"2","1","5","1","2",3,0,1,0,"1",57,"2","5","1",12093.772926,5
"2",68,"1",0,"1","1","1","1","2",6,2,1,1,"2",68,"1","1","2",14272.922707,0.27
"2",67,"1",0,"2","1","1","2","2",2,0,1,1,"2",67,"2","1","4",15174.746412,0.84
"1",47,"4",0,"1","1","4","1","2",1,0,0,0,"1",47,"1","4","5",23641.420963,4.96
"1",60,"1",1,"2","1","4","1","2",2,0,0,2,"1",60,"2","4","1",19223.252968,2.26
"2",74,"3",0,"1","1","3","1","2",1,0,0,1,"2",74,"1","3","2",76458.854396,1.57
"1",32,"2",1,"1","1","4","1","2",1,0,0,0,"1",32,"1","4","5",52470.116042,5
"1",45,"6",0,"2","1","5","1","2",4,0,2,0,"2",47,"2","5","1",20837.122779,5
"1",38,"1",0,"1","1","3","1","2",5,1,2,0,"1",38,"1","3","1",34519.137335,1.58
"2",69,"6",0,"2","1","1","1","2",3,0,0,3,"2",64,"2","2","1",15875.841315,0.87
"2",26,"3",0,"1","1","2","1","2",5,2,1,0,"2",26,"1","2","6",36668.682115,0.18
"1",21,"6",0,"2","2","3","1","1",4,0,1,0,"2",48,"2","1","1",15734.533464,1.47
"1",35,"4",1,"1","1","4","1","2",1,0,0,0,"2",44,"1","3","2",27953.997263,0.05
"2",62,"1",0,"1","1","4","1","2",2,0,0,1,"2",62,"1","4","1",15081.845585,5
"1",61,"1",0,"2","2","4","1","2",2,0,0,1,"1",61,"2","4","1",13571.291186,3.87
"1",64,"3",1,"1","1","5","1","2",1,0,0,1,"1",64,"1","5","3",76751.08829,2.06
"2",80,"3",0,"1","1","4","1","2",2,0,0,2,"1",80,"1","5","1",30930.093041,5
"1",56,"3",0,"1","1","3","1","2",2,0,0,0,"2",53,"1","4","1",122416.19371,0.95
"2",61,"3",0,"1","1","5","1","2",2,0,0,2,"1",60,"1","5","1",74723.297588,5
"1",30,"3",0,"1","1","3","1","2",1,0,0,0,"1",30,"1","3","5",24369.608515,1.31
"1",36,"1",0,"2","1","4","1","2",5,1,1,0,"1",36,"2","4","1",58945.661732,4.53
"2",52,"4",0,"1","1","2","1","2",7,0,3,0,"2",52,"1","2","5",23828.588814,0.69
"2",59,"4",0,"1","1","3","1","2",7,0,3,0,"2",59,"1","3","1",20238.646751,4.16
"2",21,"2",0,"2","2","2","1","2",6,1,1,0,"1",44,"2","2","1",36992.868744,1.42
"2",60,"4",0,"1","1","2","1","2",2,0,0,1,"2",60,"1","2","5",13496.771825,0.76
"2",70,"3",0,"1","1","4","1","2",2,0,0,2,"1",72,"1","5","1",41211.123835,4.45
"2",59,"1",0,"1","1","3","1","2",4,0,0,1,"1",63,"1","2","1",21217.465624,1.27
"2",72,"4",0,"1","1","3","1","2",3,0,1,2,"2",72,"1","3","1",19721.999749,2.3
"2",60,"4",0,"1","1","4","1","2",5,0,0,1,"1",48,"1","4","1",9778.867728,0.86
"2",35,"3",0,"1","1","4","1","2",3,0,1,0,"1",20,"1","4","1",85751.788328,1.26
"2",70,"3",0,"1","1","5","1","2",5,0,2,1,"2",70,"1","5","2",29012.877845,5
"2",22,"3",0,"1","1","3","1","2",4,1,0,0,"2",51,"1","5","3",70166.810129,0.97
"2",49,"3",0,"1","1","5","1","2",4,0,1,1,"2",49,"1","5","1",93416.942697,4.35
"2",43,"2",0,"2","2","4","2","2",2,0,0,0,"2",43,"2","4","1",23852.288987,0.34
"1",20,"6",0,"1","1","3","1","2",5,0,0,0,"2",43,"1","5","1",25631.696117,5
"1",28,"1",0,"1","1","5","1","2",2,0,0,0,"2",27,"2","5","1",53506.258206,3.18
"1",40,"4",0,"1","1","3","1","2",6,0,4,0,"1",40,"1","3","1",27341.960646,1.44
"2",49,"4",0,"1","1","2","1","2",2,0,0,0,"1",30,"1","3","3",32634.663736,1.06
"1",29,"3",0,"1","1","3","1","2",7,3,0,0,"2",56,"1","3","3",19163.85982,0.48
"2",59,"4",0,"1","1","3","1","2",3,0,1,1,"2",59,"1","3","1",24853.784569,2.87
"2",44,"2",0,"1","1","5","1","2",4,0,1,0,"1",53,"2","5","1",22599.522878,5
"2",54,"3",1,"1","1","4","1","2",2,0,0,0,"1",44,"1","5","1",115082.96103,3.55
"2",31,"4",0,"1","1","3","1","2",2,1,0,0,"2",31,"1","3","5",25428.739215,0.39
"1",37,"4",0,"1","1","5","1","2",4,1,1,0,"2",31,"2","4","1",26031.266306,5
"2",46,"3",0,"1","1","3","1","2",1,0,0,1,"2",46,"1","3","3",25633.987477,0.63
"1",64,"6",0,"2","1","5","1","2",2,0,0,2,"1",64,"2","5","3",15030.244774,5
"2",27,"1",0,"2","1","5","1","2",2,0,0,0,"2",27,"2","5","1",43608.324929,3.18
"1",60,"4",0,"1","1","2","1","2",1,0,0,1,"1",60,"1","2","4",15677.370725,1.11
"2",41,"3",0,"1","1","3","1","2",4,0,2,0,"1",34,"1","3","1",91249.402337,1.01
"2",40,"4",0,"1","1","5","1","2",1,0,0,0,"2",40,"1","5","5",25337.609307,3.48
"1",29,"6",0,"2","1","5","1","2",2,0,0,0,"1",29,"2","5","1",29309.742572,3.5
"2",33,"3",0,"1","1","4","1","2",4,0,2,0,"1",33,"1","3","1",84931.89592,2.52
"2",62,"4",0,"1","1","4","1","2",2,0,0,1,"1",57,"1","2","1",14469.499359,0.19
"1",41,"3",0,"1","1","5","1","2",5,0,3,0,"2",42,"1","4","1",84113.972226,1.92
"2",20,"3",0,"1","1","4","1","2",5,0,2,0,"1",44,"1","2","1",71344.112469,4.3
"2",57,"2",0,"2","2","2","2","1",4,0,1,0,"2",57,"2","2","3",16006.908825,0.3
"1",58,"4",0,"1","1","2","1","2",3,0,0,0,"2",45,"1","3","5",17017.071255,1.06
"1",34,"1",0,"2","2","1","2","2",5,0,2,0,"1",34,"2","1","1",47051.533604,1.38
"2",70,"4",0,"1","1","4","1","2",5,0,3,1,"2",70,"1","4","3",18399.187673,0.54
"2",74,"1",0,"2","2","1","2","2",5,1,2,1,"2",74,"2","1","2",9856.412377,1.07
"2",80,"3",0,"2","1","4","1","2",2,0,0,1,"2",80,"2","4","2",24307.190972,0.64
"1",22,"3",0,"1","1","4","1","2",7,1,3,0,"2",50,"1","4","1",68799.696185,5
"2",62,"1",0,"2","2","1","2","2",5,0,2,1,"2",29,"1","4","5",12010.325301,0.71
"1",68,"2",0,"2","1","1","2","2",1,0,2,1,"1",68,"2","1","3",18552.911136,0.86
"2",59,"3",0,"2","1","4","1","2",1,0,0,0,"2",59,"2","4","3",139870.360101,4.09
"1",24,"1",0,"1","1","4","1","2",4,0,1,0,"2",48,"2","1","3",46156.885004,0.47
"2",50,"3",0,"1","1","5","1","2",1,0,0,0,"2",50,"1","5","5",102771.492768,5
"2",44,"4",0,"1","1","4","1","2",2,0,1,0,"2",44,"1","4","3",33922.263974,1.93
"1",35,"3",0,"1","1","5","1","2",4,0,2,0,"1",35,"1","5","1",81850.747752,5
"1",54,"6",0,"2","1","5","1","2",2,0,0,0,"1",54,"2","5","1",23503.186692,5
"2",80,"3",0,"1","1","3","1","2",1,0,0,1,"2",80,"1","3","2",37737.526336,1.54
"1",32,"3",0,"1","1","3","1","2",6,1,2,1,"1",62,"1","2","3",8289.698524,0.7
"2",55,"6",0,"2","1","5","1","2",1,0,0,0,"2",55,"2","5","5",13508.107574,1.46
"1",66,"1",0,"2","1","1","2","2",5,1,2,1,"1",66,"2","1","1",15128.522469,1.63
"1",24,"3",0,"1","1","5","1","2",1,0,0,0,"1",24,"1","5","5",69766.055661,0.86
"1",33,"3",0,"1","1","3","1","2",4,2,0,0,"1",33,"1","3","1",19396.589411,2.93
"1",59,"3",0,"1","1","2","1","2",1,0,0,0,"1",59,"1","2","5",25819.771131,0.69
"2",20,"1",0,"1","1","4","1","2",7,2,0,0,"2",25,"1","5","5",23089.077067,0.68
"1",47,"2",0,"2","1","5","1","2",6,0,3,2,"1",70,"2","1","2",28521.605745,2.19
"1",20,"3",0,"1","1","3","1","2",1,0,0,0,"2",20,"1","4","5",63966.408313,1.48
"1",37,"2",0,"2","2","4","1","2",4,1,1,0,"1",37,"2","4","1",36372.399546,2.97
"2",36,"6",0,"2","2","1","1","1",7,0,4,0,"2",36,"2","1","1",25723.357354,0.26
"2",72,"3",0,"1","1","3","1","2",1,0,0,1,"2",72,"1","3","3",54972.041423,1.31
"2",44,"6",0,"2","2","5","1","1",3,0,1,0,"2",44,"2","5","1",19474.498093,1.82
"2",80,"6",0,"1","1","5","1","2",1,0,0,2,"2",80,"1","5","2",17876.236819,3.08
"1",69,"2",1,"2","1","3","1","2",1,0,0,1,"1",69,"2","3","3",18814.734899,0.72
"1",70,"3",0,"1","1","5","1","2",2,0,0,2,"1",70,"1","5","1",81342.875018,5
"1",47,"3",0,"1","1","5","1","2",4,0,2,0,"1",47,"1","5","1",109286.615537,5
"1",55,"3",1,"1","1","4","1","2",3,0,1,0,"1",55,"1","4","1",22060.326312,0.61
"2",41,"3",0,"1","1","5","1","2",4,0,2,0,"2",41,"1","5","1",91249.402337,5
"1",47,"6",0,"2","1","5","1","2",4,0,2,0,"2",45,"2","5","1",26373.741511,5
"2",61,"3",0,"1","1","2","1","2",2,0,0,1,"2",61,"1","2","3",98633.168689,4.26
"1",32,"2",0,"2","1","4","1","2",4,0,2,0,"1",32,"2","4","1",52907.76226,1.17
"1",46,"6",0,"2","2","3","1","1",4,2,0,0,"1",46,"2","3","1",23050.933517,2.94
"1",72,"3",1,"1","1","2","1","2",5,0,0,3,"1",72,"1","2","1",51435.39666,4.48
"1",80,"3",1,"1","1","5","1","2",1,0,0,1,"1",80,"1","5","1",22208.518877,1.29
"2",21,"3",0,"1","1","4","1","2",2,0,0,0,"2",21,"1","4","1",35562.079797,1.53
"1",62,"6",0,"2","1","1","1","1",4,0,0,1,"2",26,"2","4","5",14169.219207,1.27
"1",66,"3",0,"1","1","5","1","2",1,0,0,1,"1",66,"1","5","5",30260.947389,1.71
"1",65,"3",0,"1","1","5","1","2",2,0,0,2,"2",65,"1","4","1",78031.282026,5
"1",55,"6",0,"2","1","4","1","2",2,0,0,0,"1",55,"2","4","1",14497.659262,2.42
"1",57,"2",1,"1","1","4","1","2",4,0,2,0,"1",57,"1","4","1",21935.420532,4.19
"2",22,"4",0,"1","1","4","1","2",4,0,0,0,"2",57,"1","3","1",24410.976201,2.94
"2",54,"7",0,"1","1","4","1","2",1,0,3,0,"2",54,"1","4","3",20099.497744,2.14
"2",50,"3",0,"1","1","5","1","2",3,0,1,0,"2",50,"1","5","1",62169.911236,5
"1",58,"3",0,"1","1","3","1","2",2,0,0,0,"2",50,"1","3","1",112942.330619,5
"2",28,"1",0,"1","1","4","1","2",5,2,0,1,"2",65,"2","4","2",19370.330115,2.87
"1",42,"3",0,"1","1","4","1","2",4,1,0,1,"1",42,"1","4","1",20684.807364,1.68
"1",79,"1",0,"2","1","1","2","2",2,0,0,2,"2",71,"2","1","1",10335.853617,1.29
"2",47,"3",0,"1","1","4","1","2",3,0,1,0,"2",47,"1","4","3",92098.197437,4.61
"2",22,"3",0,"1","1","4","1","2",3,1,0,0,"1",25,"1","4","1",38238.736245,1.52
"1",40,"4",0,"1","1","3","1","2",6,0,3,0,"2",35,"1","4","6",20498.91548,0.95
"2",53,"3",0,"1","1","2","1","2",2,0,1,0,"2",53,"1","2","4",24209.531507,1.34
"2",32,"3",0,"1","1","3","1","2",4,2,0,0,"2",32,"1","3","1",69839.334304,3.27
"1",28,"3",0,"1","1","4","1","2",1,0,0,0,"1",28,"1","4","5",28125.481489,0.04
"2",53,"6",0,"2","1","1","1","1",5,0,1,0,"1",50,"2","2","1",14309.982874,1.81
"1",20,"3",0,"1","1","3","1","2",5,0,1,0,"2",52,"2","5","1",112158.516703,1.81
"2",43,"6",0,"2","1","4","1","2",4,0,2,0,"1",45,"2","5","1",19326.787997,5
"1",25,"6",0,"2","1","5","1","2",4,0,1,0,"1",25,"2","5","5",22215.675939,2.94
"2",34,"3",0,"2","1","5","1","2",4,2,0,0,"1",34,"1","5","1",58624.834789,5
"2",43,"7",0,"2","1","5","1","2",7,0,2,0,"2",43,"2","5","1",51223.793769,3.37
"2",50,"3",0,"1","1","3","1","2",1,0,0,0,"2",50,"1","3","3",27790.555024,1.31
"2",40,"6",0,"2","2","5","1","2",4,1,1,0,"2",40,"2","5","1",14689.126638,1.68
"1",70,"1",0,"1","1","3","1","2",3,0,1,2,"1",70,"1","3","1",13846.32795,2.05
"2",43,"3",0,"1","1","3","1","2",3,1,0,0,"2",43,"1","3","1",91249.402337,4.55
"2",34,"3",0,"1","1","5","1","2",2,0,0,0,"1",32,"1","5","1",107737.369017,5
"1",55,"3",1,"1","1","3","1","2",7,0,0,0,"1",55,"1","3","1",76594.574302,2.27
"1",80,"3",1,"1","1","3","1","2",2,0,0,2,"1",80,"1","3","1",29262.26112,5
"2",40,"4",0,"2","2","2","1","1",5,1,2,0,"1",49,"2","1","1",22566.402094,1.16
"1",52,"3",0,"1","1","5","1","2",2,0,0,0,"1",52,"1","5","1",120938.407068,5
"2",41,"3",0,"1","1","4","1","2",2,0,0,0,"1",44,"1","2","1",95089.873372,2.54
"1",59,"1",0,"2","2","4","1","2",3,0,0,0,"1",59,"2","4","4",18463.262885,2.56
"1",59,"3",0,"1","1","5","1","2",2,0,0,0,"1",59,"1","5","1",139320.855635,5
"2",37,"6",0,"2","2","5","1","2",7,1,0,3,"2",37,"2","5","1",16201.021749,5
"2",34,"3",0,"1","1","4","1","2",3,1,0,0,"1",28,"1","3","1",103190.161514,2.53
"2",28,"2",0,"1","1","4","1","2",3,1,0,0,"1",25,"1","5","1",54764.120386,2.3
"2",20,"4",0,"1","1","3","1","2",4,0,1,0,"2",42,"1","4","5",39290.220861,1.47
"1",60,"6",0,"2","1","5","1","2",2,0,0,1,"1",60,"2","5","1",22313.031151,4.77
"2",52,"4",0,"1","1","5","1","2",2,0,0,0,"2",52,"1","5","3",28474.728068,3.55
"1",27,"4",0,"1","1","4","1","2",4,1,1,0,"1",27,"1","4","1",28561.447138,1.89
"2",40,"2",0,"1","1","5","1","2",5,2,1,0,"2",40,"1","5","1",34458.688136,2.18
"2",57,"3",0,"1","1","5","1","2",2,0,0,1,"2",57,"1","5","1",84374.634735,3.48
"2",21,"4",0,"1","1","3","1","2",3,1,0,0,"2",21,"1","3","6",26197.604584,0.72
"1",57,"3",0,"1","1","5","1","2",3,0,0,0,"2",22,"1","4","5",133545.48139,2.43
"1",56,"3",1,"1","1","5","1","2",1,0,0,0,"1",56,"1","5","5",23192.46402,1.03
"2",25,"1",0,"2","2","4","2","2",5,0,2,0,"2",43,"2","3","1",32419.988322,1.5
"1",54,"3",0,"1","1","2","1","2",3,0,0,0,"1",54,"1","2","1",114630.838071,5
"2",48,"3",0,"1","1","4","1","2",3,0,0,2,"1",80,"1","3","1",23871.711673,0.71
"1",40,"3",0,"1","1","5","1","2",2,0,0,0,"1",40,"1","5","1",103253.477303,5
"2",56,"4",0,"1","1","5","1","2",1,0,0,0,"2",56,"1","5","5",21347.269329,5
"2",44,"3",0,"1","1","4","1","2",3,0,2,0,"2",44,"1","4","3",110329.841536,2.2
"2",43,"3",0,"1","1","2","1","2",5,1,1,0,"2",43,"1","2","1",59781.505548,1.81
"2",80,"3",0,"1","1","4","1","2",1,0,0,1,"2",80,"1","4","2",42707.210938,2.4
"2",49,"6",0,"2","2","4","1","2",4,0,0,0,"1",55,"2","3","1",21934.069851,3.14
"2",46,"3",0,"1","1","3","1","2",3,0,0,0,"1",46,"1","4","1",93422.007155,3.79
"2",55,"3",0,"1","1","5","1","2",2,0,1,0,"2",55,"1","5","3",29035.617725,0.84
"1",26,"3",0,"1","1","4","1","2",3,1,0,0,"1",26,"1","4","6",92282.126088,2
"1",24,"3",0,"1","1","4","1","2",3,1,0,0,"2",22,"1","4","6",91660.998094,2.12
"1",28,"4",0,"1","1","2","1","2",4,2,0,0,"2",28,"1","4","6",34938.259385,0.71
"2",70,"1",0,"2","1","1","2","2",4,0,0,1,"2",70,"2","1","2",14272.922707,1.27
"2",39,"6",0,"2","1","5","1","2",2,0,0,0,"1",36,"1","5","5",27645.680648,4.77
"1",40,"3",0,"1","1","5","1","2",7,1,4,0,"1",40,"1","5","1",77890.863843,1.39
"2",24,"4",0,"1","1","4","1","2",1,0,0,0,"2",24,"1","4","5",26197.604584,1.74
"2",77,"1",0,"1","1","1","2","2",1,0,0,1,"2",77,"1","1","2",13036.074129,0.61
"1",30,"3",0,"1","1","4","1","2",4,2,0,0,"1",30,"1","4","1",102311.1805,1.51
"1",67,"4",0,"2","1","3","1","2",1,0,0,1,"1",67,"2","3","4",9522.513772,4.28
"1",80,"4",0,"1","1","3","1","2",3,0,0,2,"2",78,"1","4","1",13005.585762,3.07
"2",63,"1",0,"1","1","3","1","2",1,0,0,1,"2",63,"1","3","3",14241.691039,1.98
"2",23,"3",0,"1","1","4","1","2",4,2,0,0,"1",27,"2","4","1",43005.461947,0.89
"1",76,"4",0,"2","1","4","1","2",2,0,0,2,"1",76,"2","4","1",9554.943993,5
"2",65,"3",0,"1","1","4","1","2",2,0,0,2,"2",65,"1","4","1",92228.668248,4.77
"1",80,"3",1,"1","1","5","1","2",2,0,0,2,"2",77,"1","5","1",30134.270058,3.87
"1",30,"7",0,"1","1","3","1","2",5,0,1,0,"2",54,"1","4","3",45528.69435,2.36
"1",51,"4",0,"1","1","2","1","2",1,0,0,0,"1",51,"1","2","3",27712.266236,0.6
"2",31,"3",0,"1","1","5","1","2",3,1,0,0,"1",31,"1","4","1",82897.309694,5
"2",23,"4",1,"1","1","4","1","2",1,0,0,0,"1",24,"1","4","5",27978.775033,0.77
"1",41,"2",0,"1","1","3","1","2",1,0,0,0,"1",41,"1","3","6",24600.024311,5
"2",53,"4",1,"1","1","5","1","2",1,0,0,0,"2",53,"1","5","5",30652.046054,3.48
"2",35,"1",0,"2","2","2","2","2",3,1,1,0,"2",35,"2","2","5",26202.79655,0.61
"1",77,"3",1,"1","1","4","1","2",2,0,0,2,"1",77,"1","4","1",82342.218737,5
"2",33,"1",0,"1","1","4","1","2",3,0,0,1,"1",44,"1","4","1",31339.522934,5
"1",78,"4",1,"1","1","4","1","2",2,0,0,2,"2",76,"1","3","1",10521.219928,3.56
"1",60,"6",0,"2","2","2","1","1",6,0,2,2,"1",38,"2","4","1",12192.188307,1.72
"2",71,"3",0,"1","1","4","1","2",1,0,0,1,"2",71,"1","4","5",61455.600029,2.18
"2",40,"1",0,"2","2","4","2","2",4,0,2,0,"2",40,"2","4","6",31536.210112,1.27
"2",32,"4",0,"1","1","5","1","2",1,0,0,0,"2",32,"1","5","5",20531.376501,3
"2",36,"2",0,"2","1","3","2","2",3,0,2,0,"2",36,"2","3","4",30846.284763,0.87
"2",54,"3",0,"1","1","4","1","2",5,0,1,0,"2",54,"1","4","3",59615.572614,2.36
"2",72,"6",0,"2","1","5","1","2",2,0,0,2,"1",73,"2","4","1",24750.15491,5
"1",80,"3",1,"1","1","5","1","2",2,0,0,2,"1",80,"1","5","1",36117.581178,5
"1",21,"1",0,"1","1","3","1","2",4,0,0,0,"1",46,"1","5","1",51877.119096,5
"2",29,"6",0,"2","2","4","1","2",3,1,0,0,"2",29,"2","4","1",27401.955749,5
"1",76,"1",0,"1","1","3","1","2",6,0,3,2,"1",76,"1","3","1",6959.338123,2.53
"1",64,"1",0,"2","2","1","2","2",4,0,0,2,"1",64,"2","1","1",8748.134024,1.26
"1",71,"3",1,"1","1","5","1","2",3,0,1,1,"1",71,"1","5","1",50159.594859,5
"2",64,"3",0,"1","1","5","1","2",1,0,0,1,"2",64,"1","5","2",13953.641028,1.2
"2",37,"3",0,"2","1","4","1","2",1,0,0,0,"2",37,"2","4","5",88644.480725,5
"1",69,"6",0,"2","1","3","1","2",2,0,0,1,"1",69,"2","3","3",13092.54519,3.81
"1",30,"3",0,"1","1","2","1","2",4,1,1,0,"1",30,"1","2","6",16572.38128,0.93
"1",65,"3",0,"1","1","5","1","2",2,0,0,1,"1",65,"1","5","1",95957.474683,5
"2",71,"3",0,"1","1","4","1","2",3,0,0,2,"2",71,"1","4","1",43327.64326,3.46
"1",31,"3",0,"1","1","3","1","2",1,1,2,0,"2",31,"1","4","1",18368.870223,1.54
"1",67,"4",1,"1","1","4","1","2",1,0,0,1,"1",67,"1","4","2",11965.601623,1.97
"1",25,"3",0,"1","1","5","1","2",1,0,0,0,"1",25,"1","5","5",59618.527155,1.71
"1",71,"3",1,"1","1","5","1","2",2,0,0,1,"1",71,"1","5","1",79751.806605,2.38
"1",31,"3",0,"1","1","5","1","2",2,0,0,0,"1",31,"1","5","1",59098.199668,5
"2",75,"3",0,"2","2","2","1","2",1,0,0,1,"2",75,"2","2","2",41833.745138,0.91
"2",40,"3",0,"1","1","2","1","2",3,0,0,0,"1",51,"1","2","1",29406.630965,0.77
"1",55,"2",0,"2","2","5","2","2",4,0,0,0,"1",50,"1","5","1",32410.383206,2.1
"1",32,"4",0,"1","1","2","1","2",1,0,0,0,"2",29,"1","2","5",21527.63823,1.29
"1",80,"3",1,"1","1","4","1","2",1,0,0,1,"1",80,"1","4","2",27542.95231,3.92
"2",34,"3",0,"1","1","4","1","2",2,1,0,0,"2",34,"1","4","5",33160.516091,1.22
"1",48,"3",0,"1","1","4","1","2",3,0,0,0,"2",44,"1","4","1",87565.163256,5
"2",20,"4",0,"1","1","4","1","2",1,0,0,0,"2",20,"1","4","5",34981.270686,1.37
"2",76,"3",0,"1","1","4","1","2",2,0,0,2,"1",80,"1","5","1",61229.8401,5
"2",58,"7",0,"1","1","3","1","2",1,0,0,0,"2",58,"1","3","4",25713.427662,0.03
"2",32,"3",0,"1","1","4","1","2",1,0,0,0,"2",32,"1","4","4",18677.194085,0.77
"2",36,"3",0,"1","1","5","1","2",4,1,1,0,"1",37,"1","4","1",84843.358338,5
"2",31,"7",0,"1","1","4","1","2",5,0,3,0,"2",31,"1","4","6",15981.261612,1.34
"1",68,"1",0,"2","1","1","2","2",3,0,1,1,"1",68,"2","1","1",12352.53595,1.23
"2",32,"2",0,"1","1","4","1","2",4,0,2,0,"2",32,"1","4","1",50017.26474,0.82
"2",30,"4",0,"1","1","3","1","2",1,0,0,0,"2",30,"1","3","5",24641.660854,5
"1",79,"3",0,"1","1","5","1","2",2,0,0,2,"1",79,"1","5","1",89754.279713,3.1
"1",31,"3",0,"1","1","4","1","2",1,0,0,0,"2",30,"1","4","6",17756.721785,1.52
"1",29,"2",1,"1","1","4","1","2",6,2,2,0,"2",31,"1","4","1",43504.96459,0.06
"1",32,"3",0,"1","1","3","1","2",1,0,0,0,"1",32,"1","3","5",16572.38128,1.01
"1",67,"4",1,"1","1","5","1","2",2,0,0,1,"1",67,"1","5","1",6435.130313,5
"2",40,"4",0,"1","1","5","1","2",3,0,2,0,"2",40,"1","5","6",20719.448832,5
"1",51,"3",0,"1","1","5","1","2",1,0,0,0,"1",51,"1","5","3",90800.035317,5
"2",57,"4",0,"2","2","1","1","1",2,0,0,0,"2",57,"2","1","5",21303.593812,1.42
"1",32,"4",0,"1","1","5","1","2",4,2,0,0,"1",32,"1","5","1",21679.511567,3.4
"2",69,"2",0,"2","1","3","1","2",1,0,0,1,"2",69,"2","3","3",11621.443799,2.23
"2",20,"3",0,"1","1","3","1","2",1,0,0,0,"2",20,"1","3","5",86293.020636,1.71
"1",64,"2",0,"2","1","1","2","2",1,0,0,1,"1",64,"2","1","5",9358.132077,0.04
"1",60,"1",0,"2","2","1","2","2",2,0,0,1,"1",60,"2","1","1",7037.582072,1.42
"2",26,"1",0,"1","1","4","1","2",1,0,0,0,"2",27,"1","3","5",38226.815338,1.71
"2",60,"4",0,"1","1","5","1","2",1,0,0,1,"2",60,"1","5","5",13881.652394,3.48
"1",52,"3",0,"1","1","4","1","2",3,0,1,0,"1",52,"1","4","1",114630.838071,3.07
"2",27,"3",0,"1","1","5","1","2",4,2,0,0,"1",30,"1","4","1",106554.218364,1.51
"1",50,"3",0,"1","1","3","1","2",4,0,2,0,"1",50,"1","3","1",26108.80047,1.04
"1",49,"3",1,"1","1","4","1","2",3,1,2,0,"2",39,"1","4","3",20299.088456,1.52
"1",54,"3",0,"1","1","2","1","2",3,0,0,1,"1",26,"1","2","5",57235.140262,2.02
"2",22,"6",0,"2","1","4","1","2",2,0,0,0,"1",24,"1","4","1",31440.077664,1.14
"1",21,"4",0,"1","1","3","1","2",2,0,0,0,"1",21,"1","3","6",26730.348348,4.45
"2",32,"3",0,"1","1","5","1","2",2,0,0,0,"1",32,"2","5","1",73030.053908,5
"1",30,"3",0,"1","1","4","1","2",5,1,2,0,"2",29,"1","4","6",89160.148759,1.43
"1",42,"3",0,"1","1","5","1","2",1,0,0,0,"1",42,"1","5","3",98711.148578,5
"1",26,"3",0,"1","1","3","1","2",3,1,0,0,"1",26,"1","3","1",77588.597287,2.82
"1",44,"4",0,"1","1","5","1","2",4,0,2,0,"2",48,"1","5","1",23568.774431,4.25
"1",34,"3",0,"1","1","5","1","2",4,2,0,0,"1",34,"1","5","1",58125.464346,5
"1",73,"3",1,"1","1","1","1","2",2,0,0,2,"1",73,"1","1","1",18650.131883,0.64
"1",70,"4",0,"1","1","2","1","2",3,0,1,2,"1",70,"1","2","1",21243.547641,3.2
"1",35,"3",0,"1","1","3","1","2",4,1,1,0,"1",35,"1","3","1",59658.239122,2.12
"2",51,"3",0,"1","1","5","1","2",4,1,0,0,"2",51,"1","5","3",88218.304216,0.97
"2",45,"4",0,"1","1","3","1","2",5,2,1,0,"1",44,"1","3","1",22205.251305,0.54
"1",48,"2",1,"1","1","5","1","2",3,1,0,0,"2",29,"1","4","1",23376.558978,5
"1",35,"3",0,"1","1","4","1","2",5,1,2,0,"2",36,"1","5","1",66143.366059,4.35
"1",30,"3",0,"1","1","5","1","2",2,0,0,0,"2",30,"1","5","1",84120.656677,5
"1",48,"2",0,"1","1","5","1","2",4,0,1,0,"2",46,"1","3","1",26850.658634,4.67
"1",55,"2",0,"2","2","3","2","2",7,0,0,1,"2",57,"2","2","1",14514.870818,4.16
"1",27,"3",0,"1","1","5","1","2",3,0,0,0,"2",54,"1","3","2",91370.709866,5
"2",66,"6",0,"2","1","4","1","2",2,0,0,2,"2",66,"2","4","1",8780.904487,5
"2",41,"7",0,"2","2","3","2","2",5,2,0,1,"2",41,"2","3","1",24857.199978,0.09
"1",37,"1",0,"1","1","4","1","2",4,1,1,0,"1",37,"1","4","1",47397.537439,5
"2",66,"3",0,"1","1","4","1","2",2,0,0,2,"1",65,"1","5","1",74311.781717,5
"2",20,"4",0,"1","1","3","1","2",3,0,1,0,"2",39,"1","4","3",31173.02391,0.07
"2",45,"3",0,"1","1","4","1","2",5,0,3,0,"1",46,"1","4","1",88692.879089,4.64
"2",45,"2",0,"1","1","4","1","2",7,0,4,0,"2",45,"1","4","1",28218.956804,2.25
"1",48,"3",0,"1","1","1","1","2",5,0,1,0,"2",46,"1","1","1",94481.045518,3.63
"1",36,"7",0,"1","1","5","1","2",4,2,0,0,"1",36,"1","5","1",37674.921434,2.12
"1",22,"3",0,"1","1","2","1","2",7,1,0,0,"2",23,"1","3","1",26892.390328,0.5
"1",63,"4",0,"1","1","5","1","2",2,0,0,2,"1",63,"1","5","1",14975.454019,5
"2",72,"3",0,"1","1","4","1","2",1,0,0,1,"2",72,"1","4","2",56653.642228,2.19
"1",49,"4",0,"1","1","4","1","2",6,0,1,2,"2",77,"1","3","1",21387.58651,0.75
"1",40,"4",1,"1","1","5","1","2",5,0,3,0,"1",40,"1","5","1",23568.774431,1.31
"2",27,"4",0,"1","1","3","1","2",4,2,1,0,"2",27,"1","3","5",31207.071929,0.46
"1",67,"4",1,"1","1","3","1","2",2,0,0,1,"1",67,"1","3","1",17020.296478,5
"2",41,"6",0,"2","1","5","1","2",1,0,0,0,"2",41,"2","5","5",24672.86407,5
"2",47,"1",0,"2","1","4","1","2",3,0,1,0,"2",47,"2","4","5",24191.170187,4.1
"1",58,"3",1,"1","1","3","1","2",2,0,0,1,"1",80,"1","4","2",18142.299743,1.21
"2",53,"2",0,"2","1","4","2","2",3,0,0,2,"2",80,"2","1","2",18020.485039,2.43
"1",56,"1",0,"1","1","4","1","2",2,0,0,0,"1",56,"1","4","5",15212.714192,5
"2",39,"4",0,"1","1","4","1","2",3,0,2,0,"2",39,"1","4","1",23438.222526,1.74
"2",27,"3",0,"1","1","2","1","2",3,1,1,0,"1",28,"1","3","6",68920.741965,0.76
"1",80,"3",0,"1","1","2","1","2",1,0,0,1,"1",80,"1","2","3",40846.146506,0.86
"2",60,"3",0,"1","1","3","1","2",2,0,0,2,"1",60,"1","4","1",90209.454721,5
"2",32,"4",0,"1","1","5","1","2",2,0,1,0,"2",32,"1","5","5",27344.465828,1.91
"2",68,"1",0,"2","2","1","2","2",3,0,0,2,"2",68,"2","1","1",15107.120526,3.33
"2",58,"3",0,"1","1","4","1","2",1,0,0,0,"2",58,"1","4","5",18541.57361,0.78
"1",55,"3",0,"1","1","1","1","2",2,0,0,0,"1",55,"1","1","2",30927.651343,0.57
"2",29,"3",0,"1","1","5","1","2",1,0,0,0,"2",29,"1","5","3",107644.698592,3.92
"1",61,"4",0,"1","1","1","1","2",5,0,1,2,"2",66,"1","2","2",10245.07186,2.69
"2",50,"3",0,"1","1","5","1","2",1,0,0,0,"2",50,"1","5","5",109390.28714,5
"2",72,"3",0,"1","1","2","1","2",2,0,0,2,"1",73,"1","1","1",32267.942251,0.64
"1",75,"3",1,"1","1","5","1","2",1,0,0,1,"1",75,"1","5","2",50465.61674,2.19
"2",25,"3",0,"1","1","3","1","2",4,0,0,1,"1",55,"1","3","4",116194.09703,1.46
"1",34,"3",0,"1","1","4","1","2",2,0,0,0,"1",34,"1","4","1",18333.625839,1.61
"2",62,"3",0,"1","1","3","1","2",1,0,0,1,"2",62,"1","3","3",34165.468012,1.2
"1",52,"3",0,"1","1","2","1","2",5,2,0,0,"1",52,"1","2","3",22875.236148,0.72
"2",43,"3",0,"1","1","5","1","2",2,0,0,0,"2",43,"1","5","1",89307.342969,2.9
"2",55,"6",0,"2","1","5","1","2",1,0,0,0,"2",55,"2","5","3",15288.092546,5
"1",80,"6",0,"2","1","5","1","2",1,0,0,1,"1",80,"2","5","2",14751.6517,3.64
"1",21,"3",0,"1","1","3","1","2",1,0,0,0,"1",21,"1","3","5",112158.516703,2.35
"2",49,"6",0,"2","1","5","1","2",6,0,3,1,"2",49,"2","5","1",13479.736332,5
"2",54,"3",0,"1","1","5","1","2",3,0,1,0,"2",54,"1","5","2",110148.142573,4.61
"1",55,"3",0,"1","1","1","1","2",7,0,4,0,"1",55,"1","1","1",24451.501798,0.02
"2",45,"4",0,"1","1","3","1","2",2,0,1,0,"2",45,"1","3","5",33769.649871,1.27
"1",59,"3",0,"1","1","4","1","2",4,0,1,0,"2",50,"1","5","1",115129.902738,1.51
"2",53,"2",0,"2","1","4","1","2",3,0,0,0,"2",53,"2","4","1",21784.629506,2.02
"2",56,"3",0,"1","1","4","1","2",7,1,2,1,"1",68,"1","4","1",82952.781626,3.89
"2",74,"6",0,"2","1","5","1","1",1,0,0,1,"2",74,"2","5","3",20087.482733,0.87
"2",66,"3",0,"1","1","4","1","2",5,1,0,2,"1",71,"1","2","1",58087.039848,1.45
"2",39,"2",0,"2","2","4","1","2",4,0,2,0,"2",39,"2","4","1",40292.296794,0.42
"2",45,"4",0,"1","1","4","1","2",4,0,1,0,"2",45,"1","4","5",25701.696795,0.17
"2",56,"3",0,"1","1","4","1","2",3,0,0,1,"2",80,"2","1","2",18561.595413,1.33
"2",45,"3",0,"1","1","5","1","2",5,0,3,0,"1",46,"1","5","1",53410.628652,3.67
"2",38,"1",0,"1","1","4","1","2",5,1,2,0,"1",45,"2","2","1",19308.262332,2.15
"1",51,"4",1,"1","1","4","1","2",7,0,3,0,"2",59,"1","3","1",21710.510043,4.16
"1",59,"3",0,"1","1","5","1","2",2,0,0,1,"2",60,"1","5","1",127302.83078,5
"2",34,"1",0,"2","1","4","1","2",4,0,2,0,"2",34,"2","4","1",38858.146378,2.34
"1",78,"3",0,"1","1","5","1","2",3,0,0,2,"1",78,"1","5","1",27599.419547,3.54
"2",43,"1",0,"1","1","3","1","2",4,0,1,0,"1",44,"1","4","1",35539.655182,3.82
"2",53,"1",0,"2","2","1","2","2",7,0,4,0,"2",53,"2","1","5",19358.277985,0.42
"2",36,"3",0,"1","1","5","1","2",4,0,2,0,"1",40,"1","5","1",110730.073712,5
"1",56,"3",0,"1","1","4","1","2",3,0,0,0,"2",26,"1","5","5",112101.255873,5
"1",76,"3",1,"1","1","4","1","2",2,0,0,2,"1",76,"1","4","1",92650.446611,4.13
"2",74,"3",0,"1","1","1","1","2",1,0,0,1,"2",74,"1","1","2",14098.321033,0.73
"1",43,"7",0,"2","1","4","1","2",4,0,1,0,"1",43,"2","4","1",25134.995198,1.06
"2",26,"3",0,"1","1","4","1","2",2,0,0,0,"1",29,"1","4","1",50437.189579,1.16
"1",25,"1",0,"1","1","4","1","2",3,1,0,0,"1",25,"1","4","1",62211.875054,2.82
"1",29,"1",0,"2","2","2","2","2",6,2,0,0,"2",33,"2","3","6",31711.124434,0.47
"2",76,"3",0,"1","1","4","1","2",1,0,0,1,"2",76,"1","4","3",43874.103499,3.43
"2",40,"1",0,"1","1","4","1","2",4,0,0,0,"1",41,"2","3","1",23906.542802,4.71
"2",61,"6",0,"1","1","5","1","2",1,0,0,1,"2",61,"1","5","3",15818.718246,3.39
"1",35,"3",0,"1","1","3","1","2",7,3,4,0,"1",35,"1","3","1",15143.293952,1.13
"1",20,"3",0,"1","1","3","1","2",1,0,0,0,"1",21,"1","3","5",78766.187267,4.87
"2",59,"1",0,"1","1","4","1","2",2,0,0,0,"2",59,"1","4","3",21545.609413,1.93
"1",44,"2",0,"1","1","4","1","2",5,0,2,0,"2",42,"1","4","1",17212.366477,0.82
"2",70,"3",0,"1","1","4","1","2",3,0,0,2,"1",68,"1","4","1",17641.628875,1.48
"2",27,"6",0,"2","1","3","1","2",6,1,0,0,"2",21,"2","4","5",18235.900105,0.5
"2",50,"3",0,"1","1","3","1","2",2,0,0,0,"1",50,"1","3","1",107175.908858,5
"1",20,"6",0,"1","1","4","1","2",1,0,0,0,"1",20,"1","4","5",21895.534157,1.89
"1",80,"3",1,"1","1","5","1","2",1,0,0,1,"1",80,"1","5","5",27220.143827,3
"1",63,"4",0,"1","1","2","1","2",3,0,0,2,"1",63,"1","2","1",9289.337676,2.53
"2",28,"3",0,"1","1","5","1","2",2,0,0,0,"1",31,"1","5","1",61549.113611,5
"2",24,"3",0,"1","1","4","1","2",5,2,0,2,"1",61,"1","2","1",38552.426618,2.04
"1",61,"3",0,"1","1","5","1","2",1,0,0,1,"1",61,"1","5","5",66870.478834,5
"2",42,"3",0,"1","1","4","1","2",3,1,0,0,"1",42,"1","5","1",52119.49921,3.79
"1",80,"3",1,"1","1","3","1","2",2,0,0,2,"1",80,"1","3","1",15009.978227,0.97
"2",49,"3",0,"1","1","4","1","2",1,0,0,0,"2",49,"1","4","3",24000.790205,0.78
"2",62,"2",0,"1","1","2","1","2",1,0,0,2,"1",65,"1","4","6",12595.528584,1.11
"1",29,"2",0,"2","2","1","2","2",4,0,2,0,"2",36,"2","4","1",35168.825543,0.61
"1",40,"3",0,"1","1","5","1","2",5,0,3,0,"2",41,"1","5","1",68207.820019,4.72
"1",59,"3",0,"1","1","4","1","2",1,0,0,0,"1",59,"1","4","3",68958.735481,1.31
"2",30,"3",0,"1","1","3","1","2",3,2,0,0,"2",30,"1","3","5",30504.63448,0.35
"2",24,"6",0,"1","1","5","1","2",1,0,0,0,"1",33,"1","3","5",20785.402003,2.57
"2",42,"7",0,"2","2","3","1","2",6,0,1,0,"2",42,"2","3","1",11526.588206,1.56
"1",72,"4",0,"1","1","2","1","2",1,0,0,1,"1",72,"1","2","2",18276.240999,0.77
"1",41,"3",0,"1","1","4","1","2",1,0,0,0,"1",49,"1","3","3",128072.163627,3.31
"2",33,"6",0,"2","2","5","1","2",4,1,1,0,"1",36,"2","5","1",26929.892939,5
"2",57,"3",0,"1","1","5","1","2",3,0,1,0,"1",53,"1","5","1",109390.28714,5
"2",28,"2",0,"1","1","5","1","2",2,0,0,0,"1",29,"2","5","1",36696.711646,5
"1",49,"4",0,"1","1","4","1","2",4,0,2,0,"1",49,"1","4","1",33692.336927,4.19
"1",66,"3",1,"1","1","5","1","2",2,0,0,2,"1",66,"1","5","1",167884.543709,5
"2",41,"1",0,"2","2","3","2","2",6,1,3,0,"1",44,"2","2","6",19070.810086,1.03
"2",50,"3",0,"1","1","4","1","2",5,0,3,0,"2",50,"1","4","1",73732.143152,3.63
"2",65,"4",0,"1","1","3","1","2",4,0,1,2,"1",64,"1","4","1",15462.309599,2.12
"2",27,"3",0,"1","1","4","1","2",3,0,0,0,"1",54,"1","5","1",72378.600969,5
"2",38,"3",0,"1","1","5","1","2",4,1,1,0,"2",38,"1","5","1",84843.358338,4.67
"2",45,"3",0,"1","1","4","1","2",4,0,1,0,"2",45,"1","4","1",18395.329849,1.21
"2",63,"3",0,"1","1","3","1","2",4,1,0,1,"1",23,"1","3","1",63776.020341,2.31
"1",64,"2",1,"2","1","3","1","2",1,0,0,1,"1",64,"2","3","3",9358.132077,0.7
"1",32,"2",0,"2","1","4","1","2",2,0,0,0,"1",32,"2","4","1",41290.81872,3.81
"2",24,"4",0,"1","1","3","1","2",5,3,2,0,"2",24,"1","3","5",30571.921215,0.52
"2",80,"1",0,"2","2","1","2","2",5,0,2,2,"1",56,"1","3","3",17702.366641,0.44
"1",22,"4",0,"1","1","2","1","2",4,0,1,0,"2",45,"1","4","5",22747.489484,0.17
"1",65,"4",0,"1","1","5","1","2",2,0,0,1,"1",65,"1","5","1",12192.846617,2.61
"2",43,"1",0,"1","1","4","1","2",7,0,4,0,"1",40,"1","3","6",27720.361125,2.25
"2",32,"3",0,"1","1","3","1","2",1,0,0,0,"2",32,"1","3","3",26003.811546,1.74
"1",38,"3",0,"1","1","2","1","2",2,0,0,0,"1",38,"1","2","4",26546.49976,1.19
"2",43,"2",0,"1","1","1","1","2",2,0,1,0,"2",43,"1","1","1",27317.354393,0.54
"2",80,"4",0,"2","1","3","1","1",3,0,0,2,"1",80,"2","3","1",15898.513571,3.07
"1",54,"1",0,"1","1","3","1","2",5,0,1,0,"1",54,"1","3","6",20270.23083,0.65
"2",23,"3",0,"1","1","4","1","2",1,0,0,0,"2",21,"1","5","5",29340.049115,0.17
"1",55,"4",0,"2","1","3","1","2",4,0,0,0,"2",46,"2","4","1",21091.913688,3.57
"2",37,"7",0,"1","1","4","1","2",7,1,4,0,"2",56,"1","4","3",26003.858466,0.65
"1",42,"3",0,"1","1","5","1","2",3,0,1,0,"1",42,"1","5","6",101070.363063,4.04
"1",31,"3",0,"1","1","5","1","2",1,0,0,0,"1",31,"1","5","5",16074.414331,2
"2",42,"3",0,"1","1","3","1","2",7,0,3,1,"2",42,"1","3","5",58182.339556,1.51
"1",20,"3",0,"1","1","4","1","2",5,0,1,0,"1",52,"1","5","1",90245.717499,3.58
"2",30,"3",0,"1","1","4","1","2",2,1,0,0,"2",30,"1","4","5",41724.452135,1.27
"2",56,"7",0,"1","1","4","1","2",7,1,4,0,"2",56,"1","4","3",22623.573158,0.65
"1",36,"3",0,"1","1","3","1","2",3,0,2,0,"1",36,"1","3","3",19211.134195,1.77
"2",58,"4",0,"1","1","4","1","2",2,0,0,0,"2",58,"1","4","2",20391.44855,0.32
"2",21,"2",0,"1","1","3","1","2",2,0,1,0,"2",21,"1","3","5",27971.682978,0.64
"1",23,"3",0,"1","1","4","1","2",5,0,1,0,"1",48,"1","5","1",99429.770418,2.51
"2",50,"1",0,"2","2","2","2","2",7,1,1,0,"2",50,"2","2","4",19576.245693,0.56
"2",25,"2",0,"2","1","5","2","2",3,0,0,1,"1",61,"2","5","1",32250.202365,3.84
"2",43,"3",0,"1","1","4","1","2",5,1,1,0,"2",43,"1","4","4",14878.09611,1.2
"2",80,"3",0,"1","1","2","1","2",1,0,0,1,"2",80,"1","2","2",28890.44725,1.11
"1",69,"1",0,"1","1","2","1","2",2,0,0,2,"2",64,"1","3","1",18814.734899,1.08
"1",61,"2",0,"2","1","5","2","2",3,0,0,1,"1",61,"2","5","1",10077.931584,3.84
"2",80,"4",0,"2","1","4","1","2",2,0,0,2,"1",78,"2","3","1",26069.702142,0.42
"2",59,"3",0,"1","1","5","1","2",1,0,0,0,"2",59,"1","5","3",25019.610303,0.26
"2",50,"3",0,"1","1","5","1","2",1,0,0,0,"2",50,"1","5","5",93422.475223,5
"1",36,"7",0,"1","1","4","1","2",6,0,3,0,"2",35,"1","4","6",19048.334053,0.95
"1",48,"4",0,"1","1","2","1","2",6,0,0,2,"2",66,"1","2","5",26354.381238,0.33
"2",20,"1",0,"1","1","2","1","2",4,2,0,0,"1",22,"2","4","6",37288.356252,0.59
"2",63,"2",0,"2","1","2","2","2",2,0,0,2,"2",63,"2","2","1",19694.017421,1.1
"2",66,"2",0,"2","1","5","1","2",1,0,0,1,"2",66,"2","5","3",26799.72415,1
"1",25,"6",0,"1","1","5","1","2",5,0,0,0,"1",25,"1","5","5",27104.458963,0.8
"1",40,"4",1,"2","1","5","1","2",3,0,1,0,"1",40,"2","5","1",25060.925719,5
"2",74,"3",0,"1","1","4","1","2",1,0,0,1,"2",74,"1","4","3",42149.132776,5
"1",60,"3",0,"1","1","5","1","2",2,0,0,2,"2",61,"1","5","1",122311.138601,4.13
"1",29,"1",0,"2","2","1","2","2",1,2,0,0,"2",24,"2","3","6",33552.013091,2.44
"1",37,"6",0,"2","2","5","1","2",2,0,0,0,"1",37,"2","5","1",20256.896953,3.22
"1",44,"3",0,"1","1","2","1","2",2,0,0,0,"2",40,"1","2","1",31153.847668,1.16
"2",69,"4",0,"1","1","5","1","2",2,0,0,2,"1",66,"1","5","1",25866.182571,4.84
"1",78,"3",1,"1","1","4","1","2",1,0,0,1,"1",78,"1","4","2",70688.504386,2.61
"1",64,"2",1,"1","1","2","1","2",2,0,0,2,"2",63,"2","2","1",18814.734899,0.89
"2",59,"3",0,"1","1","3","1","2",2,0,0,0,"2",59,"1","3","1",97710.747222,1.93
"1",28,"1",0,"2","2","2","2","2",7,3,3,0,"2",45,"2","1","4",32322.174729,0.56
"2",49,"3",0,"1","1","2","1","2",2,0,0,0,"1",54,"1","4","1",82753.379148,5
"2",78,"3",0,"1","1","4","1","2",2,0,0,2,"2",78,"1","4","1",51836.76364,4.45
"1",63,"3",0,"1","1","3","1","2",5,1,0,1,"2",52,"1","1","6",20871.929909,0.29
"2",51,"3",0,"1","1","5","1","2",5,0,2,0,"1",58,"1","5","1",76567.994811,4.9
"2",46,"3",0,"1","1","3","1","2",1,0,0,0,"2",46,"1","3","4",79004.83557,2.18
"2",80,"3",0,"1","1","5","1","2",1,0,0,1,"2",80,"1","5","2",45775.755656,3.08
"2",34,"3",0,"1","1","4","1","2",6,1,2,1,"1",62,"1","2","3",13377.626277,0.7
"2",42,"3",0,"1","1","5","1","2",4,1,1,0,"2",42,"1","5","1",59610.193774,5
"2",69,"4",0,"1","1","4","1","2",1,0,0,1,"2",69,"1","4","3",14361.229012,0.75
"1",33,"4",0,"1","1","2","1","2",2,0,0,0,"2",48,"1","4","3",26084.032439,1.29
"2",52,"3",0,"1","1","4","1","2",6,3,0,0,"2",52,"1","4","3",25387.099737,0.47
"1",33,"3",0,"1","1","5","1","2",5,1,2,0,"2",32,"1","4","1",55514.676606,3.26
"2",71,"3",0,"1","1","4","1","2",3,0,0,1,"2",71,"1","4","3",46865.504432,2
"1",73,"3",0,"1","1","2","1","2",2,0,0,2,"1",73,"1","2","1",18167.40798,4.45
"1",72,"1",0,"1","1","4","1","2",4,0,0,2,"2",62,"1","4","1",13023.451149,1.19
"2",72,"3",0,"1","1","2","1","2",1,0,0,1,"2",72,"1","2","2",30251.307625,1.61
"2",39,"3",0,"1","1","4","1","2",1,1,2,0,"2",39,"1","4","3",23323.522188,0.56
"2",73,"1",0,"2","2","4","2","1",3,0,0,1,"2",73,"2","4","4",14241.691039,2.56
"2",24,"7",0,"1","1","4","1","2",5,0,0,0,"1",52,"1","3","1",56226.049747,4.06
"2",67,"6",0,"2","1","3","1","2",6,0,2,2,"1",71,"1","5","1",12998.5685,3.17
"2",42,"4",1,"1","1","4","1","2",1,0,0,0,"2",42,"1","4","3",31782.111792,2.79
"1",63,"4",0,"2","1","2","1","2",4,0,1,1,"1",63,"2","2","1",8080.327441,1.68
"2",24,"4",0,"2","1","5","1","2",5,2,0,0,"2",45,"2","2","1",21122.318941,1.11
"2",23,"1",0,"2","2","4","1","2",5,1,1,0,"2",23,"2","4","5",34291.946353,1.07
"1",41,"1",0,"2","2","3","2","2",5,0,2,0,"2",38,"2","1","1",24418.408725,0.73
"1",39,"4",0,"1","1","4","1","2",5,0,3,0,"2",38,"1","4","1",36665.472747,2.33
"2",68,"3",0,"1","1","5","1","2",2,0,0,1,"2",68,"1","5","1",138843.957194,4.45
"2",23,"3",0,"1","1","4","1","2",1,0,0,0,"2",23,"1","4","5",36093.699481,1.31
"2",55,"3",0,"2","1","5","1","2",2,0,0,0,"2",55,"2","5","1",103561.720586,5
"1",29,"6",0,"2","2","4","1","2",3,1,0,0,"1",29,"2","4","3",21814.112075,1.06
"2",23,"1",0,"2","2","2","2","2",4,2,1,0,"2",23,"2","2","4",33293.394398,0.3
"2",20,"3",0,"1","1","4","1","2",4,0,0,0,"1",53,"1","5","1",111249.667369,5
"2",20,"3",0,"1","1","4","1","2",4,0,3,0,"2",46,"1","3","3",48151.370423,1.26
"2",55,"3",0,"1","1","4","1","2",1,0,0,0,"2",55,"1","4","3",59942.415075,1.71
"2",52,"3",0,"1","1","3","1","2",2,0,1,0,"2",52,"1","3","5",25518.923933,1.16
"2",26,"6",0,"2","2","5","1","2",2,0,0,0,"1",29,"2","5","1",28554.389266,3.81
"2",72,"2",0,"2","1","1","2","2",1,0,0,1,"2",72,"2","1","5",18378.979782,0.92
"1",47,"2",0,"1","1","4","1","2",1,0,0,0,"1",47,"1","4","5",31330.943021,1.03
"1",68,"3",1,"1","1","5","1","2",2,0,0,2,"1",68,"1","5","1",94768.369007,4.13
"2",80,"4",0,"1","1","1","1","2",1,0,0,1,"2",80,"1","1","2",21427.421267,1.32
"1",80,"3",1,"1","1","1","1","2",1,0,0,1,"2",50,"1","5","1",26176.852831,1.91
"1",38,"4",0,"1","1","4","1","2",1,0,0,0,"1",38,"1","4","5",34435.724348,1.24
"1",67,"4",1,"1","1","4","1","2",2,0,0,1,"1",67,"1","4","3",17250.326237,2.84
"1",52,"3",0,"1","1","4","1","2",1,0,0,0,"1",52,"1","4","3",14583.777666,1.11
"2",37,"6",0,"2","2","4","1","2",4,0,2,0,"2",37,"2","4","6",14433.378178,5
"2",36,"3",0,"1","1","5","1","2",5,1,2,0,"1",36,"1","5","1",46735.061615,5
"1",69,"3",1,"1","1","5","1","2",2,0,0,2,"1",69,"1","5","1",86888.442321,3.87
"1",26,"2",0,"2","1","2","1","2",2,0,0,0,"1",26,"2","2","1",39140.447471,1.93
"2",64,"1",0,"1","1","3","1","2",7,0,4,1,"2",64,"1","3","1",8143.343494,0.68
"1",40,"3",0,"1","1","5","1","2",7,0,4,0,"1",40,"1","5","1",20967.80665,0.71
"1",62,"4",1,"1","1","3","1","2",3,0,0,2,"1",62,"1","3","1",9918.654347,2.77
"1",74,"4",1,"1","1","1","1","2",1,0,0,1,"1",74,"1","1","3",12475.828207,0.85
"1",70,"2",0,"2","1","1","2","2",2,0,0,1,"2",54,"2","3","1",12172.957045,1.91
"2",56,"6",0,"2","1","5","1","2",3,0,0,0,"1",59,"2","5","1",18154.609898,5
"2",31,"1",0,"1","1","4","1","2",5,2,1,0,"1",36,"1","4","6",36950.611488,0.64
"1",22,"3",0,"1","1","3","1","2",1,1,3,0,"2",50,"1","4","1",68799.696185,0.51
"1",45,"1",0,"2","1","3","2","2",5,0,1,0,"2",43,"2","3","1",15816.48206,1.97
"1",54,"1",0,"2","2","1","2","2",5,2,0,0,"2",49,"2","2","1",25877.858263,0.74
"2",64,"6",0,"2","1","3","1","1",3,0,0,2,"1",73,"2","3","1",15875.841315,3.84
"1",57,"6",0,"2","2","5","1","2",2,0,0,0,"1",57,"2","5","1",12326.811131,3.22
"1",61,"1",0,"1","1","4","1","2",4,0,1,1,"1",61,"1","4","1",13073.261484,0.47
"2",80,"3",0,"1","1","4","1","2",2,0,0,2,"2",68,"1","5","5",43615.875,5
"2",20,"3",0,"1","1","4","1","2",1,0,0,0,"2",20,"1","4","5",54401.539794,3.48
"2",64,"4",0,"1","1","5","1","2",2,0,0,1,"2",64,"1","5","5",17723.478287,4.64
"1",45,"1",0,"2","2","1","2","2",4,0,1,0,"2",47,"1","3","1",33635.182499,0.8
"1",57,"2",0,"2","1","3","1","2",2,0,0,0,"1",57,"2","3","1",31463.897254,4.84
"2",41,"3",0,"1","1","3","1","2",3,0,1,0,"1",42,"1","5","6",91441.804782,4.04
"2",38,"1",0,"1","1","4","1","2",6,0,4,0,"2",38,"1","4","1",23015.093413,0.63
"2",69,"3",0,"1","1","5","1","2",3,0,0,2,"2",69,"1","5","1",66723.442273,5
"2",80,"3",1,"1","1","5","1","2",1,0,0,1,"2",80,"1","5","2",24635.680812,5
"2",23,"7",0,"1","1","3","1","2",3,1,0,0,"1",47,"1","4","1",32145.74355,1.02
"1",43,"1",0,"2","2","1","2","2",1,0,0,0,"2",44,"1","3","1",37929.243164,2.57
"2",71,"4",0,"1","1","5","1","2",2,0,0,1,"2",71,"1","5","3",27080.287892,2.39
"2",49,"7",0,"1","1","5","1","2",2,0,0,1,"2",49,"1","5","1",25595.137195,5
"2",45,"3",1,"1","1","3","1","2",1,0,0,0,"2",45,"1","3","3",27191.901215,0.82
"1",62,"1",0,"2","2","1","2","2",7,1,2,1,"1",62,"2","1","1",9072.365974,3.79
"1",38,"3",0,"1","1","3","1","2",1,0,0,0,"1",38,"1","3","3",17422.87721,1.11
"2",67,"4",0,"1","1","3","1","2",1,0,0,1,"2",67,"1","3","2",14469.499359,4.28
"2",28,"3",0,"1","1","5","1","2",4,0,0,0,"1",56,"1","5","1",104953.581127,5
"1",76,"4",0,"2","1","3","1","2",1,0,0,1,"1",76,"2","3","2",21243.547641,0.73
"2",46,"3",0,"1","1","3","1","2",4,0,1,0,"1",47,"1","4","1",91441.804782,2.2
"2",41,"3",0,"1","1","4","1","2",5,2,1,0,"1",33,"1","4","1",113405.908888,0.89
"1",40,"1",0,"2","2","4","1","2",4,0,0,1,"1",40,"2","4","3",28509.568141,2.55
"2",40,"3",0,"1","1","1","1","2",7,2,4,0,"1",34,"1","1","1",24192.767674,0.03
"1",39,"3",0,"1","1","4","1","2",5,2,1,0,"2",36,"1","5","1",43319.182361,2.58
"2",40,"4",0,"1","1","4","1","2",2,0,0,0,"2",40,"1","4","5",25641.215296,0.7
"1",61,"3",0,"1","1","4","1","2",1,0,0,2,"1",61,"1","4","6",21716.956264,1.1
"2",57,"6",0,"2","1","4","1","1",3,0,0,0,"2",57,"2","4","3",15152.378708,5
"2",21,"6",0,"2","1","4","1","2",6,1,0,0,"2",21,"2","4","5",18235.900105,0.5
"1",62,"1",0,"2","2","3","2","2",4,0,0,2,"1",62,"2","3","1",15599.966039,4.25
"1",32,"6",0,"2","2","5","1","2",3,1,0,0,"1",32,"2","5","1",21488.315802,5
"2",41,"3",0,"1","1","4","1","2",2,0,0,1,"2",41,"1","4","5",91249.402337,5
"1",69,"3",0,"1","1","2","1","2",2,0,0,2,"1",69,"1","2","1",35067.655045,1.81
"2",69,"3",0,"1","1","3","1","2",2,0,0,2,"1",72,"1","5","1",79840.680841,5
"2",31,"3",0,"1","1","5","1","2",1,0,0,0,"2",31,"1","5","5",39326.824047,0.96
"1",22,"4",0,"1","1","3","1","2",4,0,0,1,"1",60,"1","3","1",32950.821265,1.05
"1",41,"1",0,"1","1","2","1","2",3,0,0,0,"2",50,"1","2","5",35862.473154,1.28
"1",51,"3",0,"1","1","2","1","2",1,0,0,0,"1",51,"1","2","2",30130.547243,1.48
"2",51,"3",0,"1","1","5","1","2",2,0,0,1,"1",63,"1","5","1",130319.531266,5
"2",76,"3",0,"1","1","4","1","2",4,0,0,1,"2",52,"1","2","5",20864.653362,1.04
"1",25,"4",0,"1","1","4","1","2",3,0,1,0,"1",25,"1","4","1",30564.708856,3.79
"2",39,"6",0,"2","2","4","1","2",1,0,0,0,"2",39,"2","4","3",24820.049485,0.71
"2",80,"3",0,"1","1","1","1","2",1,0,0,1,"2",80,"1","1","2",31920.554865,1.54
"1",49,"6",0,"2","1","3","1","1",2,0,0,0,"1",49,"2","3","1",13262.997143,4.64
"1",48,"7",0,"1","1","5","1","2",2,0,0,1,"1",48,"1","5","3",20451.498563,5
"2",43,"6",0,"2","1","3","1","1",6,1,2,1,"2",43,"2","3","1",19814.071249,1.25
"1",59,"6",0,"2","1","5","1","2",2,0,0,0,"1",59,"2","5","1",12326.811131,5
"2",29,"4",0,"1","1","2","1","2",2,0,0,0,"2",29,"1","2","5",26359.330998,0.76
"2",42,"3",0,"1","1","4","1","2",3,1,0,0,"1",48,"1","3","1",14116.266435,1.82
"2",63,"2",0,"1","1","4","1","2",1,0,0,1,"2",63,"1","4","3",13036.074129,3.05
"1",43,"4",0,"1","1","3","1","2",3,0,0,1,"2",68,"1","3","5",19466.287321,0.08
"2",42,"3",0,"1","1","5","1","2",5,1,1,0,"1",43,"1","4","1",24192.767674,0.87
"2",40,"6",0,"2","2","3","1","2",4,0,2,0,"1",51,"2","3","1",21980.318578,2.52
"2",41,"4",0,"1","1","4","1","2",5,1,1,0,"1",50,"1","4","6",24110.527621,3.37
"1",52,"7",0,"1","1","4","1","2",1,0,0,0,"1",52,"1","4","3",114630.838071,4.53
"1",59,"4",0,"2","1","4","1","2",1,0,0,0,"1",59,"2","4","3",16555.780125,1.14
"2",45,"3",0,"1","1","3","1","2",2,0,0,0,"2",45,"1","3","1",113405.908888,5
"2",64,"2",0,"2","1","3","2","2",1,0,0,1,"2",64,"2","3","3",12395.031073,0.7
"2",23,"3",0,"1","1","3","1","2",3,0,0,0,"1",24,"1","3","6",76245.355111,2.02
"2",74,"3",0,"2","2","3","1","2",1,0,0,1,"2",74,"2","3","2",29184.864994,1.03
"1",71,"1",0,"2","1","1","2","2",2,0,4,2,"2",72,"2","2","1",18961.371824,0.7
"2",44,"3",0,"1","1","5","1","2",4,0,2,0,"1",41,"1","5","1",113405.908888,5
"2",65,"6",0,"2","1","4","1","2",2,0,0,1,"2",65,"2","4","2",17155.864026,0.67
"2",52,"3",0,"1","1","5","1","2",3,0,0,0,"2",52,"1","5","1",110829.633023,5
"2",45,"3",0,"1","1","4","1","2",2,0,0,0,"1",46,"1","4","1",92357.351149,5
"1",63,"1",0,"2","1","1","2","2",7,0,1,1,"2",48,"2","3","1",7037.582072,1.68
"1",49,"3",1,"1","1","3","1","2",1,0,0,0,"1",49,"1","3","3",128072.163627,2.61
"2",40,"4",0,"1","1","5","1","2",6,0,3,0,"1",39,"1","5","1",25462.93301,3.96
"2",45,"4",0,"1","1","4","1","2",3,1,0,0,"2",50,"1","3","5",35321.251082,0.51
"1",80,"3",1,"1","1","5","1","2",2,0,0,2,"2",73,"1","3","1",33888.033134,5
"2",42,"3",0,"1","1","1","1","2",7,0,0,2,"1",73,"1","2","1",20441.396758,0.67
"1",48,"6",0,"2","1","5","1","2",4,0,2,0,"2",48,"2","5","1",15899.290863,5
"1",41,"2",0,"2","1","2","1","2",7,0,1,1,"1",41,"2","2","1",22176.810058,1.25
"2",69,"3",0,"1","1","4","1","2",1,0,0,1,"2",69,"1","4","2",24522.638098,1.67
"2",61,"3",0,"1","1","4","1","2",5,2,0,2,"1",62,"1","4","1",64433.423473,4.84
"2",47,"3",0,"1","1","5","1","2",1,0,0,0,"2",47,"1","5","5",89859.890656,3.31
"1",79,"4",1,"1","1","4","1","2",1,0,0,1,"1",79,"1","4","4",11824.556541,2.1
"1",68,"3",0,"1","1","5","1","2",1,0,0,1,"1",68,"1","5","3",107501.141396,3.05
"2",69,"3",0,"1","1","4","1","2",1,0,0,1,"2",69,"1","4","3",64249.082614,3.05
"2",58,"3",0,"1","1","5","1","2",2,0,0,0,"1",52,"1","4","1",113951.043264,3.5
"2",80,"3",0,"1","1","3","1","2",1,0,0,1,"2",80,"1","3","2",14622.538888,1.37
"1",24,"7",0,"1","1","1","1","2",4,1,0,0,"2",48,"1","3","3",71163.092077,1.4
"2",66,"6",0,"2","1","3","1","1",6,1,1,2,"1",70,"2","3","1",7425.113535,1.56
"1",53,"1",0,"2","2","2","2","2",3,0,1,0,"1",53,"2","2","1",21423.46123,0.8
"1",62,"4",1,"1","1","4","1","2",1,0,0,2,"1",62,"1","4","3",10117.475546,0.26
"1",36,"3",0,"1","1","3","1","2",1,0,0,0,"1",36,"1","3","3",19211.134195,2.06
"2",50,"3",0,"1","1","4","1","2",1,0,0,0,"2",50,"1","4","1",28454.754367,0.6
"2",50,"1",0,"1","1","2","1","2",3,0,0,0,"2",50,"1","2","5",26270.671637,1.28
"2",46,"4",0,"2","2","4","1","2",2,0,1,0,"2",46,"2","4","5",32300.283531,1.35
"1",23,"4",0,"1","1","5","1","2",1,0,0,0,"1",23,"1","5","5",36346.250689,0.05
"1",36,"3",0,"1","1","4","1","2",2,0,0,0,"2",28,"1","4","1",106819.654572,5
"2",72,"3",0,"1","1","4","1","2",7,0,0,2,"1",73,"1","2","1",20930.26726,0.67
"1",74,"4",1,"1","1","3","1","2",2,0,0,2,"1",74,"1","3","1",9918.956424,1.93
"2",39,"4",0,"1","1","3","1","2",5,1,2,0,"1",44,"1","3","1",18899.821202,1.79
"1",73,"3",1,"1","1","4","1","2",2,0,0,2,"1",73,"1","4","1",95375.459747,5
"2",48,"3",0,"1","1","3","1","2",4,0,1,0,"2",48,"1","3","3",79969.743225,5
"1",58,"3",0,"1","1","2","1","2",2,0,0,0,"1",58,"1","2","1",28883.536459,1.21
"1",41,"1",0,"2","2","4","2","1",3,0,1,0,"1",41,"2","4","1",29058.926776,3.58
"1",77,"3",1,"1","1","4","1","2",2,0,0,2,"2",75,"1","3","1",46988.470276,2.26
"2",80,"3",0,"1","1","4","1","2",2,0,0,2,"2",80,"1","4","1",47196.304429,3.18
"2",58,"3",0,"1","1","4","1","2",3,0,0,0,"1",31,"1","2","5",152364.716013,0.61
"2",30,"6",0,"2","2","5","1","2",2,0,0,0,"2",30,"2","5","1",21017.541729,5
"2",28,"3",0,"1","1","4","1","2",3,0,0,1,"1",60,"1","5","1",106064.510933,5
"2",63,"6",0,"2","1","5","1","2",5,1,1,1,"1",37,"2","5","1",16046.589066,5
"2",80,"3",0,"1","1","2","1","2",1,0,0,1,"2",80,"1","2","3",60081.374354,1.54
"2",40,"3",0,"1","1","5","1","2",4,0,2,0,"2",40,"1","5","1",68224.987026,4.19
"2",68,"3",0,"1","1","3","1","2",1,0,0,1,"2",68,"1","3","3",41630.359646,1.11
"1",40,"6",0,"2","1","5","1","2",2,0,0,0,"1",40,"2","5","1",15681.810271,5
"1",70,"2",0,"2","1","1","2","2",1,0,3,2,"1",70,"2","1","2",13232.460603,0.69
"2",80,"3",0,"1","1","2","1","2",1,0,0,1,"2",80,"1","2","2",14622.538888,1.2
"2",36,"1",0,"2","2","2","2","2",3,0,1,1,"2",36,"2","2","1",44489.657132,3.33
"1",61,"3",0,"1","1","3","1","2",6,0,0,2,"2",52,"1","4","6",18397.696565,2.13
"1",76,"4",1,"1","1","4","1","2",1,0,0,2,"2",76,"1","4","6",14180.768061,5
"2",42,"3",0,"1","1","3","1","2",6,0,1,2,"1",61,"1","4","1",60181.614442,3.1
"1",44,"4",0,"2","2","1","1","2",1,0,0,0,"1",49,"2","1","1",20887.046854,0.15
"1",79,"4",0,"2","1","3","1","2",3,0,0,1,"1",79,"2","3","4",6577.387231,1.77
"2",61,"6",0,"2","1","5","1","2",3,0,0,2,"1",64,"2","5","1",13221.510637,5
"2",25,"3",0,"1","1","3","1","2",2,0,0,0,"2",29,"1","3","5",93806.110061,3.38
"1",60,"4",1,"1","1","3","1","2",1,0,0,1,"1",60,"1","3","5",9289.765852,0.73
"1",29,"1",0,"1","1","4","1","2",4,1,1,0,"1",29,"1","4","1",35859.677501,3.14
"2",71,"1",0,"2","1","1","2","2",3,0,0,3,"1",66,"2","1","1",15239.155551,1.02
"2",71,"3",0,"1","1","5","1","2",2,0,0,2,"1",76,"1","5","1",40851.120848,5
"2",38,"6",0,"1","1","3","1","2",6,1,3,0,"2",38,"1","3","6",21831.139026,1.13
"2",45,"1",0,"1","1","4","1","2",4,0,1,1,"2",45,"1","4","1",20294.919152,2.1
"2",42,"3",0,"1","1","4","1","2",5,0,3,0,"2",42,"1","4","1",76100.779641,1.92
"2",60,"6",0,"2","2","4","1","1",2,0,0,2,"1",64,"2","5","1",14929.446508,0.64
"1",57,"4",0,"2","2","1","1","2",1,0,0,0,"1",49,"2","1","1",19125.968907,0.39
"2",56,"3",0,"1","1","4","1","2",2,0,0,1,"2",80,"1","4","2",103561.720586,3.05
"2",72,"1",0,"1","1","4","1","2",4,0,1,2,"1",78,"1","2","1",16202.02994,2.12
"1",80,"3",0,"1","1","4","1","2",2,0,0,2,"1",80,"1","4","1",32304.087068,3.22
"2",27,"6",0,"2","1","5","1","2",5,0,1,0,"1",50,"2","2","1",21838.291237,1.81
"2",31,"6",0,"2","1","3","1","2",4,2,0,0,"2",31,"2","3","1",17551.106895,0.84
"1",62,"3",1,"1","1","4","1","2",5,2,0,2,"1",62,"1","4","1",77910.3111,4.84
"2",30,"3",0,"1","1","2","1","2",5,1,0,1,"2",52,"1","1","6",24751.89737,0.29
"1",54,"4",1,"1","1","2","1","2",2,0,0,0,"1",54,"1","2","1",25710.824593,3.18
"1",80,"3",1,"1","1","5","1","2",2,0,0,2,"2",80,"1","4","1",35881.794253,3.22
"2",54,"6",0,"2","2","5","1","2",4,0,1,0,"2",54,"2","5","1",20136.11705,5
"1",46,"4",0,"1","1","2","1","2",1,0,0,0,"1",46,"1","2","5",27432.009915,0.74
"2",57,"3",0,"1","1","3","1","2",1,0,0,0,"2",57,"1","3","3",26128.790074,1.03
"1",28,"2",0,"1","1","2","1","2",6,0,1,1,"2",43,"1","2","5",29199.756254,0.95
"1",23,"3",0,"1","1","3","1","2",5,0,1,0,"1",52,"1","5","1",90245.717499,3.58
"2",72,"1",0,"2","2","1","2","2",5,1,2,1,"2",34,"2","1","4",12757.3366,0.44
"2",80,"3",0,"1","1","1","1","2",3,0,0,1,"1",58,"1","2","1",31005.33338,1.93
"2",40,"4",0,"1","1","3","1","2",1,0,0,0,"2",40,"1","3","6",28751.601313,1.13
"1",40,"6",0,"2","1","2","1","2",5,0,2,1,"1",40,"2","2","1",16575.424742,4.35
"2",61,"4",0,"1","1","3","1","2",1,0,0,1,"2",61,"1","3","5",15890.836481,0.86
"1",62,"1",0,"2","1","3","2","2",2,0,0,1,"1",62,"2","3","1",14291.724029,5
"1",59,"4",0,"1","1","1","1","2",5,1,0,0,"2",36,"1","2","1",19437.763178,0.54
"2",26,"2",0,"1","1","2","1","2",4,1,1,0,"1",27,"1","3","5",26603.078593,0.64
"2",31,"7",0,"1","1","4","1","2",2,1,0,0,"2",31,"1","4","5",30106.853771,0.95
"1",79,"3",0,"1","1","1","1","2",2,0,0,2,"1",79,"1","1","1",14404.1694,1.4
"2",73,"2",0,"2","1","1","2","2",2,0,0,1,"1",51,"1","4","3",13754.594576,0.51
"1",80,"3",0,"1","1","4","1","2",2,0,0,2,"1",80,"1","4","1",22208.518877,5
"1",36,"3",0,"1","1","5","1","2",5,0,3,0,"2",36,"1","4","1",83613.322042,5
"1",20,"3",0,"1","1","4","1","2",3,0,1,0,"1",20,"1","4","1",89270.728172,1.26
"1",32,"6",0,"1","1","3","1","2",7,1,1,0,"1",32,"1","3","4",25894.090606,3.33
"2",60,"4",0,"2","1","4","1","2",1,0,0,1,"2",60,"2","4","1",13968.17501,3
"2",39,"3",0,"1","1","5","1","2",1,0,0,0,"1",36,"1","5","5",66778.878489,5
"2",80,"3",0,"1","1","3","1","2",1,0,0,1,"2",80,"1","3","2",23481.097521,2
"1",51,"4",0,"1","1","4","1","2",1,0,0,0,"1",51,"1","4","3",19683.281908,5
"1",55,"3",0,"1","1","4","1","2",1,0,0,0,"1",55,"1","4","5",25812.800108,2.57
"2",80,"3",0,"1","1","4","1","2",4,0,1,1,"2",80,"1","4","2",36855.990798,0.81
"2",70,"6",0,"1","1","4","1","2",2,0,0,2,"1",70,"1","5","1",22565.168491,3.81
"1",66,"3",0,"1","1","2","1","2",3,0,0,1,"2",34,"1","4","5",80692.867938,2.05
"1",30,"3",0,"1","1","4","1","2",1,0,0,0,"1",30,"1","4","5",108897.365863,3.6
"2",62,"4",0,"1","1","4","1","2",2,0,0,2,"2",62,"1","4","1",16435.839651,4.84
"2",33,"3",0,"1","1","4","1","2",1,0,0,0,"2",33,"1","4","3",86688.344802,2.14
"2",55,"4",0,"2","1","5","1","2",4,0,1,0,"1",58,"1","5","1",19634.895248,5
"1",51,"3",0,"1","1","4","1","2",3,0,0,1,"2",50,"1","5","1",89536.217554,4.4
"1",54,"2",1,"2","1","2","1","2",3,0,0,0,"2",53,"2","4","1",21229.284796,2.02
"1",80,"3",1,"1","1","4","1","2",2,0,0,2,"1",80,"1","4","1",38030.363265,3.87
"2",65,"4",0,"1","1","3","1","2",1,0,0,1,"2",65,"1","3","5",21118.127311,5
"2",20,"3",0,"1","1","4","1","2",7,0,0,0,"1",55,"1","3","1",58373.274406,2.27
"1",62,"3",0,"1","1","2","1","2",6,1,2,1,"1",62,"1","2","3",10551.463549,0.7
"2",60,"3",0,"1","1","3","1","2",1,0,0,1,"2",60,"1","3","3",96282.763956,2.96
"1",60,"6",0,"2","1","5","1","2",4,0,0,2,"1",60,"2","5","1",13214.274682,2.31
"2",25,"1",0,"2","2","3","2","2",5,0,0,0,"1",55,"2","1","1",36550.650062,0.87
"2",52,"4",0,"1","1","4","1","2",6,0,4,0,"1",50,"1","4","1",24417.281849,1.88
"1",34,"3",0,"1","1","3","1","2",4,0,2,0,"1",34,"1","3","1",85949.927417,1.01
"2",33,"4",0,"1","1","3","1","2",4,2,1,0,"2",33,"1","3","3",17198.16013,0.3
"1",32,"3",0,"1","1","5","1","2",3,0,0,1,"2",80,"2","1","2",56828.521331,2.56
"2",56,"3",0,"1","1","3","1","2",2,0,0,0,"1",58,"1","2","1",31421.038424,1.21
"1",74,"1",0,"2","2","1","2","2",2,0,0,2,"2",70,"2","1","1",10478.605164,1.01
"1",63,"4",0,"1","1","4","1","2",2,0,0,2,"2",70,"1","4","1",12258.213681,5
"1",80,"3",0,"1","1","4","1","2",2,0,0,1,"1",80,"1","4","2",14690.792779,1.23
"2",23,"7",0,"1","1","4","1","2",3,1,0,0,"1",20,"1","4","6",28836.917644,0.9
"1",64,"2",0,"2","1","1","2","2",6,0,3,1,"2",39,"2","1","1",14342.414178,0.31
"1",33,"6",0,"2","1","5","1","2",5,2,1,0,"1",33,"2","5","1",17604.434533,5
"2",58,"3",0,"1","1","3","1","2",2,0,0,0,"1",58,"1","2","1",31421.038424,0.52
"1",57,"3",0,"1","1","4","1","2",1,0,0,1,"1",57,"1","4","6",148651.038838,5
"1",80,"3",0,"1","1","4","1","2",2,0,0,2,"1",80,"1","4","1",16207.51728,0.95
"1",73,"2",0,"1","1","4","1","2",2,0,0,2,"2",73,"1","3","1",12296.327439,2.06
"1",41,"7",1,"1","1","5","1","2",5,0,2,0,"1",41,"1","5","1",94164.832792,3.63
"1",43,"2",0,"2","1","3","2","2",1,0,0,0,"1",43,"2","3","1",22662.713558,3.05
"1",39,"3",0,"1","1","5","1","2",2,0,0,0,"1",39,"1","5","3",84120.656677,3.55
"2",78,"3",0,"1","1","3","1","2",2,0,0,2,"1",80,"1","3","1",54972.041423,1.93
"1",64,"2",0,"2","1","1","2","2",2,0,0,1,"1",64,"2","1","4",11754.738636,0.61
"2",53,"3",0,"1","1","2","1","2",3,0,0,1,"2",53,"1","2","1",22859.754728,0.85
"2",36,"3",0,"1","1","5","1","2",5,1,2,0,"2",36,"1","5","1",66711.620307,4.35
"2",80,"4",0,"2","1","1","1","2",1,0,0,1,"2",80,"2","1","2",14989.075718,1.75
"1",41,"6",0,"2","2","5","1","2",2,0,0,0,"2",43,"2","5","1",20986.439254,5
"1",48,"7",1,"1","1","4","1","2",1,0,0,0,"1",48,"1","4","3",35988.603336,1.54
"1",38,"4",0,"1","1","4","1","2",6,0,2,0,"2",37,"1","4","6",16872.574885,1.72
"2",57,"2",0,"1","1","3","1","2",6,1,0,1,"1",27,"1","4","6",19525.577529,3.09
"1",59,"6",0,"2","1","3","1","1",2,0,0,0,"1",59,"2","3","1",14563.445084,0.84
"1",39,"6",0,"2","1","5","1","2",3,1,0,0,"1",39,"2","5","1",29318.115478,5
"1",35,"6",0,"2","2","5","1","2",3,1,0,0,"2",29,"2","4","1",19814.69502,5
"2",48,"6",0,"1","1","4","1","2",3,0,1,0,"1",51,"1","3","1",18845.22475,5
"1",34,"1",0,"2","2","2","2","2",6,2,2,0,"1",34,"2","2","1",56614.708626,0.84
"1",52,"3",0,"1","1","4","1","2",2,0,0,0,"1",52,"1","4","1",100925.096958,3.81
"1",57,"1",0,"2","2","3","1","2",5,0,3,0,"1",57,"2","3","1",21027.325599,1.65
"2",65,"3",0,"1","1","5","1","2",1,0,0,1,"2",65,"1","5","3",69977.962902,5
"2",38,"3",0,"1","1","5","1","2",1,0,0,0,"2",38,"1","5","3",57743.051354,5
"1",69,"4",1,"1","1","3","1","2",1,0,0,2,"1",69,"1","3","6",11957.886606,1.74
"2",23,"7",0,"2","1","4","1","2",6,0,1,0,"2",42,"2","3","1",16398.380721,1.56
"1",43,"3",0,"1","1","4","1","2",2,0,0,0,"1",43,"1","4","1",103133.570841,1.42
"2",80,"3",0,"1","1","5","1","2",2,0,0,2,"1",80,"1","5","1",30930.093041,5
"2",33,"1",0,"2","2","3","2","2",6,2,0,0,"2",33,"2","3","6",22579.993369,0.47
"1",67,"6",1,"1","1","5","1","2",2,0,0,2,"1",67,"1","5","1",14746.098191,5
"1",21,"3",0,"1","1","3","1","2",1,0,0,0,"1",21,"1","3","5",78766.187267,5
"2",80,"3",0,"2","1","4","1","2",2,0,0,2,"1",80,"1","5","1",38908.626538,1.88
"1",67,"2",0,"2","1","5","1","2",2,0,0,1,"2",49,"1","5","1",13474.095754,5
"1",36,"1",0,"2","2","1","2","2",1,0,1,0,"1",54,"2","2","1",35598.689428,1.04
"2",40,"3",0,"1","1","4","1","2",5,0,2,0,"1",54,"1","2","1",18621.961603,0.86
"2",80,"3",0,"1","1","5","1","2",2,0,0,1,"2",53,"1","5","5",15080.329818,5
"2",34,"2",0,"1","1","3","1","2",3,0,1,0,"1",38,"1","3","1",30865.768548,1.54
"2",45,"3",0,"2","1","4","1","2",4,0,2,0,"2",45,"2","4","1",17192.441605,1.78
"1",44,"1",0,"1","1","3","1","2",3,0,2,0,"1",44,"1","3","3",33880.523189,0.69
"2",63,"1",0,"1","1","5","1","2",1,0,0,1,"2",63,"1","5","3",18448.672498,5
"1",80,"3",1,"1","1","5","1","2",2,0,0,2,"1",80,"1","5","1",22208.518877,5
"1",25,"3",0,"1","1","5","1","2",5,0,2,0,"1",55,"1","5","6",45484.281501,5
"2",52,"4",0,"1","1","5","1","2",1,0,0,0,"2",52,"1","5","5",27252.596772,3.92
"2",67,"2",0,"2","1","4","2","2",2,0,0,2,"1",70,"2","5","1",12673.954477,5
"2",20,"4",0,"1","1","3","1","2",1,0,0,0,"2",20,"1","3","5",44226.961684,1.56
"1",34,"3",0,"1","1","4","1","2",3,1,0,0,"1",34,"1","4","1",84120.656677,2.82
"2",28,"4",0,"1","1","4","1","2",4,1,2,0,"2",28,"1","4","5",24228.317161,1.36
"1",47,"3",0,"1","1","2","1","2",5,1,1,0,"2",43,"1","2","1",66076.325643,1.81
"1",43,"4",0,"1","1","4","1","2",1,0,0,0,"1",43,"1","4","5",28451.828786,2.18
"1",54,"1",0,"1","1","3","1","2",2,0,0,1,"2",80,"1","1","2",21657.586678,0.85
"2",65,"3",0,"1","1","5","1","2",1,0,0,1,"2",65,"1","5","2",47250.305652,5
"1",25,"4",0,"1","1","4","1","2",4,0,0,0,"2",57,"1","3","1",23397.254422,2.94
"1",55,"6",0,"2","2","3","1","1",5,2,0,0,"1",39,"2","1","1",21018.835537,2.15
"1",54,"4",0,"1","1","2","1","2",5,0,3,0,"2",28,"1","2","6",25036.640787,0.29
"1",48,"2",0,"2","2","3","2","2",1,0,0,0,"1",48,"2","3","5",31213.217323,0.52
"1",70,"4",0,"1","1","3","1","2",1,0,0,1,"1",70,"1","3","3",12970.950454,1.29
"2",57,"4",0,"1","1","5","1","2",4,0,0,0,"1",57,"1","5","1",22430.48913,5
"1",21,"4",0,"1","1","4","1","2",1,0,0,0,"2",26,"1","4","5",20846.836154,1.31
"1",64,"4",1,"1","1","4","1","2",4,0,1,2,"1",64,"1","4","1",10002.015537,2.12
"2",80,"3",0,"1","1","5","1","2",2,0,0,2,"1",75,"1","3","1",53258.809072,3.31
"1",73,"4",0,"1","1","2","1","2",2,0,0,2,"1",73,"1","2","1",20564.200441,2.69
"2",60,"3",0,"1","1","3","1","2",3,0,0,2,"2",60,"1","3","1",28228.248455,0.98
"1",30,"4",0,"1","1","3","1","2",2,0,0,0,"1",30,"1","3","3",26575.552863,1.06
"1",62,"3",0,"1","1","3","1","2",2,0,0,2,"1",62,"1","3","1",106540.964522,2.23
"1",28,"2",0,"1","1","3","1","2",1,0,0,0,"1",28,"1","3","5",27264.501162,3.17
"2",66,"6",0,"2","2","2","1","2",3,0,1,1,"2",66,"2","2","2",12381.665077,2.58
"1",31,"3",0,"1","1","4","1","2",3,0,2,0,"1",31,"1","4","1",24139.543137,0.63
"2",21,"1",0,"2","2","3","1","2",3,1,0,0,"2",21,"2","3","6",31991.897986,0.73
"1",54,"6",0,"2","1","5","1","2",3,0,1,0,"1",54,"2","5","1",15902.418122,5
"2",45,"7",0,"1","1","4","1","2",2,0,0,0,"1",45,"1","4","1",31548.827944,1.04
"2",80,"3",0,"1","1","3","1","2",2,0,0,2,"1",80,"1","1","1",53754.49049,2.23
"2",69,"3",0,"1","1","3","1","2",3,0,0,2,"1",70,"1","4","1",41467.402647,1.77
"2",67,"3",0,"1","1","5","1","2",2,0,0,2,"1",72,"1","3","1",74311.781717,3.03
"1",30,"3",0,"1","1","3","1","2",4,1,1,0,"2",30,"2","4","1",22764.001768,1.05
"1",70,"3",1,"1","1","4","1","2",1,0,0,1,"1",70,"1","4","3",75541.091292,0.71
"2",67,"3",0,"1","1","4","1","2",1,0,0,1,"2",67,"1","4","3",39555.85888,0.9
"1",58,"4",0,"1","1","3","1","2",1,0,0,0,"1",58,"1","3","4",29640.126601,3.43
"2",42,"4",0,"1","1","5","1","2",4,1,1,0,"2",42,"1","5","1",31971.081932,5
"1",35,"4",0,"1","1","5","1","2",3,1,0,0,"1",35,"1","5","1",25096.538417,3.79
"1",50,"4",0,"1","1","2","1","2",1,0,0,0,"1",51,"1","5","5",15738.592398,2.06
"2",26,"3",0,"1","1","3","1","2",4,2,0,0,"1",41,"1","4","1",46890.734126,0.59
"1",67,"3",1,"1","1","4","1","2",3,0,0,2,"2",67,"1","4","1",82891.798754,2.82
"2",25,"3",0,"1","1","5","1","2",2,0,0,0,"2",25,"1","5","1",72065.026736,5
"2",77,"3",0,"1","1","5","1","2",3,0,0,3,"2",77,"1","5","5",21227.318185,2.27
"2",43,"4",0,"1","1","4","1","2",1,0,0,0,"2",43,"1","4","3",24475.70551,4.11
"2",57,"6",0,"2","1","5","1","2",2,0,0,1,"2",57,"2","5","1",18154.609898,3.81
"1",46,"3",1,"1","1","4","1","2",2,0,0,0,"1",46,"1","4","1",102082.313822,5
"2",75,"3",0,"2","1","1","1","1",1,0,0,1,"2",75,"2","1","2",40003.336102,0.87
"1",25,"4",0,"1","1","3","1","2",3,0,0,1,"2",68,"1","3","4",28734.577221,0.77
"1",34,"4",0,"1","1","5","1","2",1,0,0,0,"1",34,"1","5","3",26438.468888,3.66
"1",63,"1",0,"2","1","2","2","2",3,0,1,1,"2",36,"2","2","1",13023.451149,3.33
"2",62,"4",0,"1","1","5","1","2",3,0,0,2,"2",62,"1","5","1",11998.169643,4.61
"2",53,"2",0,"2","2","5","2","2",4,0,0,0,"1",50,"1","5","1",32203.645601,2.1
"1",76,"3",1,"1","1","4","1","2",2,0,0,2,"1",76,"1","4","1",17158.598279,1.23
"1",38,"1",0,"2","1","2","2","2",6,2,2,0,"1",38,"2","2","1",59035.833146,1.16
"1",61,"3",1,"1","1","3","1","2",3,0,1,1,"2",57,"1","2","1",15594.512382,0.82
"2",27,"1",0,"2","2","2","2","2",4,1,1,0,"1",36,"2","2","1",37294.310777,1.34
"2",58,"6",0,"2","1","4","1","1",2,0,0,0,"1",55,"2","4","1",20990.205256,5
"2",73,"1",0,"1","1","4","1","2",2,0,0,2,"2",73,"1","4","1",16162.123189,3.81
"1",21,"3",0,"1","1","2","1","2",4,1,0,0,"1",54,"1","1","5",95041.713426,1.44
"2",56,"3",0,"1","1","3","1","1",2,0,0,0,"2",56,"1","3","5",70343.140253,2.58
"2",42,"3",1,"1","1","5","1","2",1,0,0,0,"2",42,"1","5","3",106987.791876,5
"2",50,"7",0,"2","1","4","1","2",2,0,1,0,"2",50,"2","4","3",13330.115035,2.9
"2",41,"4",0,"1","1","2","1","2",7,3,4,0,"2",41,"1","2","1",26260.333766,0.07
"2",42,"3",0,"1","1","5","1","2",3,0,1,0,"2",42,"1","5","3",85580.848244,5
"1",25,"6",0,"1","1","4","1","2",7,1,1,0,"1",32,"1","3","4",30261.750312,3.33
"2",22,"3",0,"1","1","4","1","2",1,0,0,0,"1",23,"1","4","6",47447.29588,1.11
"2",71,"2",0,"2","1","2","1","2",1,0,0,1,"2",71,"2","2","2",8975.43226,0.86
"1",58,"1",1,"1","1","4","1","2",1,0,0,0,"1",58,"1","4","3",18424.936671,3.43
"2",42,"1",0,"2","2","1","2","2",5,1,1,0,"2",23,"2","4","5",26475.12291,1.07
"2",27,"3",0,"1","1","4","1","2",3,1,1,0,"2",27,"1","4","5",68921.455141,0.61
"1",45,"6",0,"2","1","3","1","1",4,0,2,0,"1",45,"2","3","1",15971.436848,2.63
"1",31,"3",0,"1","1","4","1","2",6,0,2,0,"1",37,"1","3","1",59061.291496,3.6
"1",34,"3",0,"1","1","5","1","2",2,0,0,0,"1",34,"1","5","1",22209.323132,1.23
"2",29,"3",0,"1","1","4","1","2",7,2,3,0,"2",29,"1","4","1",36155.547774,1.07
"2",58,"4",0,"1","1","3","1","2",4,0,2,0,"2",58,"1","3","2",18115.116179,1.68
"1",22,"4",0,"1","1","2","1","2",7,1,2,0,"2",37,"1","3","5",31171.468535,0.31
"1",30,"3",0,"1","1","4","1","2",6,1,3,0,"2",33,"1","5","1",16977.21867,1.58
"2",47,"3",0,"1","1","5","1","2",3,0,1,0,"2",47,"1","5","1",89307.342969,5
"1",20,"3",0,"1","1","4","1","2",7,1,0,0,"2",23,"1","3","1",26892.390328,0.5
"2",38,"7",0,"2","2","4","1","2",3,1,0,0,"2",38,"2","4","1",71463.067144,2.32
"1",52,"3",0,"1","1","5","1","2",4,0,1,0,"1",52,"1","5","1",10032.148434,1.47
"2",72,"3",0,"1","1","2","1","2",1,0,0,1,"2",72,"1","2","4",31725.292275,1.03
"2",66,"1",0,"2","2","1","2","2",6,1,2,1,"2",36,"1","2","4",17623.795166,1.25
"2",56,"6",0,"2","1","1","1","1",7,2,2,1,"2",30,"1","3","1",23464.715463,0.51
"2",40,"4",0,"2","2","3","1","2",2,0,0,0,"1",50,"2","1","1",19612.92789,0.57
"2",80,"3",0,"1","1","4","1","2",1,0,0,1,"2",80,"1","4","2",30930.093041,4.28
"2",58,"2",0,"2","1","4","2","2",4,0,0,1,"2",58,"2","4","1",19221.850708,3.35
"2",69,"2",0,"2","1","2","1","2",3,0,1,1,"2",69,"2","2","2",13102.133654,1.59
"1",22,"2",0,"1","1","3","1","2",3,0,0,0,"2",53,"2","4","1",41975.525236,2.02
"2",41,"1",0,"2","2","2","2","2",7,0,4,0,"2",41,"2","2","1",14954.877898,2.1
"1",48,"3",0,"1","1","3","1","2",2,0,0,0,"1",48,"1","3","1",95638.969363,4.77
"2",80,"3",0,"1","1","2","1","2",2,0,0,2,"1",80,"1","3","1",50881.64222,1.29
"2",67,"1",0,"2","1","2","2","2",7,2,3,2,"2",67,"2","2","1",13530.848271,1.14
"2",51,"3",0,"1","1","5","1","2",3,0,2,0,"2",51,"1","5","5",100584.709841,5
"2",80,"3",0,"1","1","2","1","2",1,0,0,1,"2",80,"1","2","5",15370.33616,3.83
"2",56,"3",0,"1","1","3","1","2",1,0,0,0,"2",56,"1","3","3",29756.246062,0.78
"1",57,"3",1,"1","1","4","1","2",5,1,2,0,"1",57,"1","4","1",26347.838846,1.43
"1",60,"4",0,"1","1","2","1","2",2,0,0,2,"2",64,"1","3","4",11957.886606,0.71
"2",47,"2",0,"2","2","5","2","2",4,0,0,0,"1",50,"1","5","1",43552.552865,2.1
"1",41,"3",0,"1","1","4","1","2",7,2,2,0,"1",41,"1","4","1",19101.51713,1.45
"2",70,"6",0,"2","1","3","1","1",2,0,0,2,"1",75,"2","1","1",12106.413422,0.85
"2",54,"3",0,"1","1","1","1","2",2,0,0,0,"1",55,"1","1","2",33644.734694,0.57
"2",68,"4",0,"1","1","3","1","2",1,0,0,1,"2",68,"1","3","5",14368.512073,1.89
"2",57,"6",0,"2","2","4","1","1",2,0,0,0,"1",56,"1","5","1",11424.573379,5
"2",20,"4",0,"1","1","3","1","2",4,0,0,2,"1",67,"1","3","1",44921.80352,3.35
"2",24,"6",0,"1","1","5","1","2",3,0,0,1,"1",59,"2","4","3",20598.372687,0.81
"1",73,"6",0,"2","1","5","1","1",1,0,0,1,"1",73,"2","5","2",9964.586924,0.77
"1",80,"3",1,"1","1","4","1","2",1,0,0,2,"1",80,"1","4","2",32307.180593,1.39
"1",24,"3",1,"1","1","4","1","2",1,0,0,0,"1",24,"1","4","5",92282.126088,5
"1",38,"1",0,"2","1","4","1","2",6,1,2,0,"1",38,"2","4","1",49350.716112,1.27
"2",20,"3",0,"1","1","4","1","2",1,0,0,0,"1",28,"1","4","6",107644.698592,0.87
"2",25,"4",0,"1","1","4","1","2",3,1,1,0,"2",25,"1","4","5",25047.364318,0.34
"2",39,"3",0,"1","1","4","1","2",2,0,0,0,"1",43,"1","3","1",39326.824047,1.28
"2",65,"2",0,"2","1","4","1","2",3,0,1,2,"1",80,"2","2","1",14919.94979,1.54
"2",22,"3",0,"1","1","4","1","2",5,0,2,0,"2",48,"1","5","2",66927.792276,4.3
"1",27,"3",0,"1","1","2","1","2",3,1,0,0,"1",27,"1","2","1",93527.379953,3.28
"1",48,"4",1,"1","1","5","1","2",5,0,1,0,"1",48,"1","5","1",20952.09579,4.82
"1",59,"6",0,"2","1","5","1","2",3,0,1,0,"1",59,"2","5","1",23745.154984,5
"1",73,"3",1,"1","1","4","1","2",2,0,0,2,"1",73,"1","4","1",81484.448402,2.42
"2",24,"4",0,"1","1","5","1","2",1,0,0,0,"2",24,"1","5","5",32227.910161,2.61
"2",32,"6",0,"2","2","5","1","2",2,0,0,0,"1",32,"2","5","1",17551.106895,2.23
"2",44,"3",0,"1","1","4","1","2",4,0,2,0,"2",44,"1","4","1",94342.602416,2.31
"2",21,"4",0,"1","1","4","1","2",1,0,0,0,"2",21,"1","4","5",26359.330998,0.13
"2",36,"3",0,"1","1","1","1","2",1,0,0,0,"2",36,"1","1","3",25475.030114,0.17
"1",35,"3",0,"1","1","4","1","2",5,0,2,0,"1",35,"1","4","6",70468.300651,1.25
"1",27,"2",0,"1","1","5","1","2",1,0,0,0,"1",27,"1","5","5",36342.699311,4.63
"1",42,"4",0,"1","1","3","1","2",7,0,4,0,"2",39,"1","5","6",34060.314982,2.49
"2",73,"6",0,"2","1","5","1","2",5,0,2,2,"1",75,"2","5","1",17284.67663,1.43
"1",68,"4",1,"1","1","5","1","2",1,0,0,1,"1",68,"1","5","5",11205.822068,1.57
"2",67,"1",0,"2","2","1","2","2",2,0,0,2,"1",72,"2","1","1",15174.746412,0.64
"2",22,"6",0,"2","2","4","1","2",1,0,0,0,"2",22,"2","4","6",20631.948782,2.61
"1",78,"1",1,"1","1","2","1","2",4,0,1,2,"1",78,"1","2","1",13846.32795,2.12
"2",26,"4",0,"1","1","4","1","2",1,0,0,0,"2",26,"1","4","1",26359.330998,1.03
"1",36,"6",0,"2","2","5","1","2",2,0,0,0,"1",36,"2","5","1",20443.463002,5
"2",60,"3",0,"1","1","4","1","2",1,0,0,1,"1",48,"1","2","6",76307.450963,2.57
"1",30,"3",0,"1","1","4","1","2",5,1,2,0,"2",28,"1","5","6",13434.665874,1.2
"1",61,"2",1,"2","1","3","1","2",6,1,0,1,"1",27,"1","4","6",8018.502363,3.09
"1",24,"3",1,"1","1","3","1","2",5,2,0,0,"1",52,"1","2","3",29164.438537,0.72
"1",53,"2",0,"2","2","1","2","2",2,0,0,0,"1",53,"2","1","5",21423.46123,2.42
"2",41,"4",0,"1","1","5","1","2",6,0,4,0,"1",45,"1","5","1",23170.697014,4.07
"1",60,"2",0,"2","1","3","2","2",5,1,0,2,"1",34,"2","4","1",10396.241664,3.22
"1",53,"3",0,"1","1","2","1","2",4,0,1,0,"1",53,"1","2","1",112131.461865,0.98
"2",38,"3",0,"1","1","5","1","2",5,2,1,0,"1",39,"1","5","1",107737.369017,4.9
"1",42,"3",1,"1","1","4","1","2",2,0,0,0,"2",34,"2","4","6",73112.943088,5
"2",46,"6",0,"1","1","5","1","2",6,1,3,0,"1",51,"2","5","1",15678.906543,5
"1",65,"3",0,"1","1","4","1","2",2,0,0,2,"2",64,"1","3","1",108382.755385,3.93
"2",29,"4",0,"1","1","2","1","2",4,1,2,0,"2",29,"1","2","1",24410.976201,0.42
"2",53,"6",0,"1","1","5","1","2",5,0,0,0,"2",53,"1","5","1",15511.614249,4.84
"1",24,"4",0,"1","1","4","1","2",3,0,0,0,"2",43,"1","4","5",20846.836154,0.92
"2",44,"4",0,"1","1","3","1","2",1,0,0,0,"2",44,"1","3","2",31782.111792,1.31
"2",42,"3",0,"1","1","3","1","2",2,0,1,0,"2",42,"1","3","3",95624.260479,0.39
"1",30,"4",0,"1","1","3","1","2",4,0,0,0,"2",51,"1","4","4",21527.63823,2.94
"1",63,"3",1,"1","1","5","1","2",1,0,0,1,"1",63,"1","5","3",22785.070298,2.14
"2",67,"4",0,"1","1","2","1","2",2,0,0,2,"1",63,"1","3","1",15827.313182,4.07
"1",23,"3",0,"1","1","4","1","2",1,0,0,0,"1",23,"1","4","5",74931.34454,2.74
"2",60,"4",0,"1","1","5","1","2",2,0,0,1,"1",55,"1","2","1",18497.855373,2.67
"2",21,"3",0,"1","1","4","1","2",3,1,0,0,"1",22,"1","4","6",86780.663669,0.26
"2",58,"3",0,"1","1","2","1","2",1,0,0,0,"2",58,"1","2","3",29756.246062,0.83
"1",73,"2",0,"2","2","3","2","2",7,0,0,1,"2",57,"2","2","1",6088.046635,4.16
"2",51,"3",0,"1","1","5","1","2",2,0,0,0,"1",55,"1","5","1",108329.716489,5
"1",26,"1",0,"2","2","5","1","2",2,0,0,0,"1",26,"2","5","6",38103.628106,3.22
"1",38,"1",0,"1","1","3","1","2",3,0,1,0,"1",38,"1","3","1",39488.484731,1.54
"2",67,"1",0,"2","1","1","2","2",3,0,0,2,"1",24,"1","4","5",13024.643652,1.38
"1",76,"4",1,"1","1","4","1","2",3,0,0,1,"1",76,"1","4","1",8346.825082,3.03
"2",20,"3",0,"1","1","3","1","2",2,0,0,1,"2",65,"1","3","2",73602.377382,2.23
"2",77,"4",0,"1","1","1","1","2",2,0,0,2,"2",77,"1","1","1",20801.48658,1.02
"1",62,"4",0,"1","1","2","1","2",1,0,0,1,"1",62,"1","2","5",10912.034578,0.87
"1",51,"3",0,"1","1","5","1","2",1,0,0,0,"1",51,"1","5","3",126098.761743,5
"2",35,"4",0,"1","1","2","1","2",6,1,3,0,"2",35,"1","2","5",21264.008962,0.57
"2",28,"7",0,"1","1","4","1","2",6,1,0,1,"1",27,"1","4","6",51973.717382,3.09
"2",43,"6",0,"2","2","5","1","2",2,0,0,0,"2",43,"2","5","1",22677.597643,5
"1",54,"3",0,"1","1","5","1","2",5,0,1,0,"2",50,"1","5","1",81466.537705,4.48
"1",36,"3",0,"1","1","3","1","2",1,0,0,0,"1",36,"1","3","5",16701.797849,1.11
"1",70,"3",0,"1","1","5","1","2",2,0,0,2,"1",70,"1","5","1",73946.24124,5
"1",48,"4",0,"1","1","3","1","2",1,0,0,0,"1",48,"1","3","3",26355.014554,2.57
"2",23,"1",0,"2","2","2","2","2",1,0,0,2,"1",64,"2","1","1",23092.76413,0.69
"2",39,"3",0,"1","1","4","1","2",4,0,1,0,"1",41,"2","4","1",58624.834789,5
"2",49,"3",0,"1","1","4","1","2",1,0,0,0,"2",49,"1","4","4",83967.118127,3.26
"1",37,"3",0,"1","1","3","1","2",3,1,0,0,"1",37,"1","3","1",87991.58393,5
"1",30,"2",0,"1","1","5","1","2",5,3,0,0,"1",30,"1","5","1",30701.699164,1.97
"2",80,"3",0,"1","1","4","1","2",1,0,0,1,"2",80,"1","4","2",30746.821016,5
"1",78,"3",1,"1","1","5","1","2",2,0,0,2,"1",78,"1","5","1",73281.215672,5
"2",53,"6",0,"2","1","5","1","2",4,0,1,0,"2",53,"2","5","1",16804.160223,5
"2",80,"2",0,"1","1","2","1","2",4,0,0,1,"2",56,"1","4","3",15239.155551,2.63
"2",80,"3",0,"2","2","1","1","2",1,0,0,1,"2",80,"2","1","2",35867.435969,1.46
"2",71,"4",0,"1","1","3","1","2",2,0,0,2,"2",71,"1","3","1",28326.424436,0.9
"1",41,"3",0,"1","1","2","1","2",6,0,3,0,"1",41,"1","2","1",20271.346154,0.59
"2",75,"3",0,"1","1","3","1","2",2,0,0,2,"2",75,"1","3","1",40851.120848,2.26
"2",66,"3",0,"1","1","4","1","2",2,0,0,2,"1",64,"1","2","1",48219.670925,1.59
"2",48,"4",0,"1","1","3","1","2",3,0,2,0,"2",48,"1","3","3",22940.34894,0.86
"2",43,"1",0,"2","2","3","2","2",5,0,2,0,"2",43,"2","3","1",25029.876308,1.5
"2",21,"2",0,"1","1","4","1","2",2,0,0,0,"2",21,"1","4","5",40126.38534,2.58
"2",70,"3",0,"1","1","4","1","2",2,0,0,2,"1",73,"1","4","1",82918.094784,5
"2",74,"3",0,"1","1","4","1","2",2,0,0,2,"1",76,"1","4","1",57206.653095,3.12
"2",46,"4",1,"2","1","5","1","2",3,0,1,0,"2",46,"2","5","3",32466.325208,1.95
"1",60,"1",0,"2","2","1","2","2",2,0,0,1,"1",60,"2","1","1",12968.406808,2.26
"1",46,"3",0,"1","1","5","1","2",3,0,1,0,"2",47,"1","5","1",98711.148578,5
"1",28,"3",0,"1","1","3","1","2",4,1,0,1,"1",65,"1","4","3",37433.315181,1.22
"1",80,"4",0,"2","1","3","1","2",3,0,0,2,"1",80,"2","3","1",9151.069277,3.07
"2",31,"6",0,"2","1","5","1","2",4,2,0,0,"1",29,"1","5","1",21714.19494,2.94
"1",44,"3",0,"1","1","2","1","2",2,0,0,0,"1",44,"1","2","1",105102.562752,2.54
"1",46,"4",0,"1","1","4","1","2",2,0,0,0,"2",45,"1","4","1",26858.1978,1.93
"1",36,"3",0,"1","1","3","1","2",2,1,0,0,"2",36,"1","3","1",20050.900742,0.9
"2",54,"2",0,"1","1","4","1","2",4,0,0,1,"1",60,"1","5","1",16532.56584,5
"2",63,"6",0,"2","2","2","1","1",7,1,0,3,"2",37,"2","5","1",6968.27357,5
"2",60,"4",0,"1","1","4","1","2",2,0,0,1,"2",60,"1","4","1",24760.152232,1.53
"2",31,"3",0,"1","1","5","1","2",5,1,2,0,"1",36,"1","5","1",63895.699122,1
"1",62,"2",0,"2","1","1","2","2",4,1,0,1,"1",62,"2","1","4",11754.738636,1.36
"2",80,"3",0,"1","1","3","1","2",2,0,0,2,"1",80,"1","3","1",44315.194178,1.78
"1",80,"3",1,"1","1","3","1","2",2,0,0,2,"2",77,"1","3","1",47338.814929,2.03
"2",53,"3",0,"1","1","4","1","2",1,0,0,0,"2",53,"1","4","4",93097.701093,3.68
"2",44,"3",1,"1","1","4","1","2",2,0,0,1,"2",64,"1","4","2",21792.368016,1.02
"2",79,"2",0,"2","1","4","1","2",1,0,0,1,"2",79,"2","4","2",13972.452054,1.22
"2",44,"3",0,"1","1","2","1","2",7,1,0,0,"2",23,"1","3","1",20441.396758,0.5
"1",32,"1",0,"2","2","2","2","2",4,2,0,0,"1",32,"2","2","1",49542.964411,1.27
"2",72,"3",0,"1","1","4","1","2",2,0,0,2,"1",70,"1","3","1",58750.619004,1.14
"1",80,"3",1,"1","1","3","1","2",3,0,0,2,"1",80,"1","3","1",10712.364879,0.71
"1",24,"3",0,"1","1","4","1","2",1,0,0,0,"1",24,"1","4","5",122177.425821,1.62
"1",80,"6",0,"1","1","5","1","2",2,0,0,2,"1",80,"1","5","1",14971.786924,5
"1",74,"3",1,"1","1","2","1","2",4,0,0,1,"1",74,"1","2","1",10847.125553,0.84
"2",40,"6",0,"2","2","5","1","1",2,0,0,0,"2",40,"2","5","1",18144.213229,2.16
"1",66,"4",0,"1","1","3","1","2",1,0,0,1,"1",66,"1","3","2",7232.051495,1.75
"2",33,"4",0,"1","1","2","1","2",7,0,3,0,"2",52,"1","2","5",27388.92069,0.69
"2",76,"4",0,"1","1","3","1","2",2,0,0,2,"2",76,"1","3","1",18278.930336,3.56
"2",22,"4",0,"1","1","4","1","2",3,1,0,0,"2",21,"1","3","6",26197.604584,0.72
"2",58,"6",0,"2","1","4","1","2",3,0,0,0,"2",58,"2","4","2",19833.201141,3.54
"2",58,"3",0,"1","1","5","1","2",3,0,0,0,"1",59,"1","4","1",84145.999065,5
"2",41,"1",0,"1","1","4","1","2",3,0,2,0,"2",41,"1","4","3",36547.499518,5
"1",64,"3",1,"1","1","5","1","2",3,0,0,2,"1",64,"1","5","1",82952.660857,1.28
"1",63,"4",1,"1","1","3","1","2",1,0,0,1,"1",63,"1","3","3",11845.98068,2.14
"1",20,"3",0,"1","1","4","1","2",1,0,0,0,"2",20,"1","4","5",63966.408313,2.44
"2",26,"3",0,"1","1","3","1","2",4,2,0,0,"1",29,"1","5","1",108811.300489,1.99
"1",26,"4",0,"1","1","5","1","2",1,0,0,0,"1",26,"1","5","5",28639.765549,1.74
"1",61,"6",0,"2","2","1","1","1",5,1,0,1,"1",61,"2","1","1",15335.752212,0.72
"1",27,"1",0,"2","2","2","1","2",3,1,0,0,"2",21,"2","3","6",36342.699311,0.73
"2",57,"7",0,"1","1","4","1","2",4,0,0,0,"2",57,"1","4","1",97004.862266,2.12
"2",62,"1",0,"1","1","4","1","2",2,0,0,2,"1",65,"1","2","1",14906.626544,3.09
"1",45,"1",0,"2","2","5","2","2",1,0,0,0,"1",45,"2","5","3",33795.250251,3.08
"2",20,"4",0,"1","1","4","1","2",1,0,0,0,"2",20,"1","4","5",26359.330998,0.04
"2",50,"1",0,"1","1","5","1","2",4,0,0,1,"2",56,"1","4","3",25479.456602,2.63
"2",36,"7",0,"1","1","4","1","2",3,0,2,0,"2",36,"1","4","3",29118.060185,1.21
"2",21,"2",0,"1","1","3","1","2",4,0,0,0,"1",56,"2","5","1",24556.306261,5
"2",22,"3",0,"1","1","4","1","2",2,0,0,0,"2",43,"2","4","1",91809.675095,3.94
"1",54,"4",1,"1","1","4","1","2",3,0,0,0,"1",54,"1","4","1",34604.668058,1.33
"2",67,"3",0,"1","1","4","1","2",2,0,0,2,"1",66,"1","3","1",83391.192488,4.05
"2",25,"3",0,"1","1","5","1","2",1,0,0,0,"1",33,"1","3","5",80448.016937,2.87
"1",62,"3",1,"2","1","5","1","2",2,0,0,1,"1",62,"2","5","1",103177.779075,2.9
"2",31,"6",0,"1","1","5","1","2",3,1,0,0,"1",35,"1","5","1",14158.254438,5
"1",48,"3",0,"1","1","4","1","2",3,0,0,0,"1",48,"1","4","1",87323.816868,5
"1",59,"6",0,"2","1","5","1","2",1,0,1,0,"2",56,"2","5","5",15376.305278,5
"2",54,"1",0,"2","1","1","2","2",4,0,1,0,"2",54,"2","1","1",17887.444481,0.96
"1",45,"3",0,"1","1","3","1","2",6,1,1,1,"1",45,"1","3","1",18644.244543,0.88
"1",40,"6",0,"2","2","1","1","1",6,0,4,0,"1",40,"2","1","1",22605.231812,0.16
"2",49,"4",0,"1","1","4","1","2",2,1,0,0,"2",49,"1","4","3",25406.616349,3.22
"1",74,"3",0,"1","1","2","1","2",1,0,0,2,"1",74,"1","2","6",74432.157767,3.74
"2",35,"4",0,"1","1","4","1","2",3,1,0,1,"2",69,"1","4","2",22439.553929,2.53
"1",34,"4",0,"1","1","3","1","2",3,1,0,0,"2",26,"1","3","6",32146.430297,1.26
"1",80,"3",1,"1","1","5","1","2",2,0,0,2,"1",80,"1","5","1",27937.28961,1.88
"2",59,"3",0,"1","1","4","1","2",2,0,0,0,"2",59,"1","4","1",112543.401742,5
"1",31,"3",0,"1","1","4","1","2",1,0,0,0,"1",31,"1","4","5",66061.309847,2.83
"2",55,"3",0,"1","1","5","1","2",2,0,0,0,"2",55,"1","5","1",91158.165654,5
"1",59,"3",0,"1","1","5","1","2",1,0,0,0,"1",59,"1","5","5",31168.527334,0.01
"2",30,"3",0,"1","1","5","1","2",4,2,0,0,"1",33,"1","5","1",69839.334304,2.73
"1",43,"6",0,"2","1","5","1","2",4,0,1,0,"1",43,"2","5","1",19866.349668,3.18
"1",53,"4",0,"1","1","3","1","2",2,0,0,0,"2",54,"1","4","1",22059.174004,2.45
"1",80,"4",0,"1","1","1","1","2",1,0,0,3,"1",80,"1","1","2",6301.510286,0.86
"2",66,"4",0,"1","1","3","1","2",2,0,0,1,"2",66,"1","3","5",12085.007878,1.91
"1",41,"3",1,"1","1","4","1","2",4,0,2,0,"1",41,"1","4","1",68207.163066,4.88
"1",80,"3",0,"1","1","1","1","2",2,0,0,2,"1",80,"1","1","1",38596.961709,2.23
"2",72,"4",0,"1","1","3","1","2",3,0,0,1,"2",72,"1","3","5",13922.95387,2.02
"2",65,"3",0,"1","1","2","1","2",3,0,0,3,"1",62,"1","5","1",69515.26561,5
"1",40,"6",1,"1","1","4","1","2",4,0,2,0,"1",40,"1","4","1",13262.997143,5
"1",65,"4",0,"1","1","5","1","2",1,0,0,1,"1",65,"1","5","1",9306.07378,5
"2",68,"3",0,"1","1","2","1","2",1,0,0,1,"2",68,"1","2","2",22605.257492,0.99
"1",72,"6",0,"2","1","5","1","2",1,0,0,1,"1",72,"2","5","1",14114.110185,3.48
"2",80,"3",0,"2","1","5","1","2",1,0,0,1,"2",80,"2","5","3",30738.503763,3.74
"1",23,"7",0,"1","1","5","1","2",4,0,1,0,"2",54,"2","5","1",25968.955276,5
"2",38,"4",0,"2","2","4","1","2",3,1,0,0,"1",33,"1","4","1",24912.278274,5
"1",43,"6",0,"2","1","5","1","2",4,0,2,0,"1",43,"2","5","1",13262.997143,5
"1",60,"3",0,"1","1","5","1","2",2,0,0,2,"2",60,"1","5","1",91500.494214,5
"1",42,"3",0,"1","1","3","1","2",3,0,1,0,"2",42,"1","4","4",30442.588638,1.01
"1",43,"3",1,"1","1","3","1","2",5,0,3,0,"2",45,"1","5","1",94481.045518,3.14
"1",20,"4",0,"1","1","4","1","2",3,0,0,1,"2",68,"1","3","4",28734.577221,0.77
"1",69,"3",0,"1","1","4","1","2",2,0,0,2,"2",71,"1","3","1",122311.138601,3.18
"2",22,"3",0,"1","1","4","1","2",3,0,0,1,"2",63,"1","5","3",74306.088051,1
"1",26,"1",0,"1","1","4","1","2",3,1,0,0,"1",26,"1","4","1",45383.7883,0.72
"2",56,"3",0,"1","1","3","1","2",1,0,0,0,"2",56,"1","3","6",84442.913569,3.92
"2",59,"3",0,"1","1","3","1","2",1,0,0,0,"2",59,"1","3","2",22904.352204,1.11
"1",24,"4",0,"1","1","3","1","2",4,0,2,0,"2",45,"1","3","3",28357.257449,1.26
"2",60,"4",0,"1","1","5","1","2",1,0,0,1,"2",60,"1","5","5",20531.722188,5
"2",65,"3",0,"1","1","5","1","2",2,0,0,2,"2",65,"1","5","3",44463.404614,2.39
"2",48,"2",0,"2","2","2","2","2",5,0,1,0,"2",48,"2","2","1",29043.380538,0.22
"1",57,"3",0,"1","1","5","1","2",2,0,0,0,"1",57,"1","5","1",109715.406887,5
"1",30,"3",0,"1","1","4","1","2",1,0,0,0,"1",30,"1","4","3",88284.434634,2.57
"1",45,"1",0,"2","2","2","2","2",5,0,2,0,"2",43,"2","3","1",25264.993189,1.5
"2",80,"3",0,"1","1","3","1","2",2,0,0,2,"2",80,"1","3","1",37301.558379,0.85
"2",31,"3",0,"1","1","4","1","2",5,1,2,0,"2",31,"1","4","1",28291.516598,0.57
"2",35,"4",0,"1","1","3","1","2",3,0,2,0,"2",35,"1","3","5",30833.422597,2.58
"1",36,"1",0,"2","2","3","2","2",1,0,2,0,"1",36,"2","3","6",39285.588534,1.57
"1",65,"3",0,"1","1","5","1","2",2,0,0,2,"1",65,"1","5","1",89854.825647,5
"2",50,"3",0,"1","1","4","1","2",3,0,1,0,"1",55,"1","4","1",23998.38959,0.61
"1",23,"4",0,"1","1","4","1","2",3,0,1,0,"2",51,"1","5","2",29911.126687,1.31
"2",52,"4",0,"2","1","4","1","2",4,0,2,0,"2",32,"1","4","3",29320.315602,1.7
"1",49,"2",0,"2","1","2","2","2",5,0,2,0,"1",49,"2","2","1",34997.913408,2.33
"1",58,"1",0,"2","2","2","2","2",3,0,0,1,"1",58,"2","2","1",23191.396969,1.52
"1",79,"3",1,"1","1","5","1","2",1,0,0,1,"1",79,"1","5","2",15934.906148,1.49
"2",58,"2",0,"2","1","4","1","2",1,0,0,0,"2",58,"2","4","3",14936.775371,3.75
"1",42,"3",1,"1","1","5","1","2",3,1,0,0,"1",42,"1","5","1",57607.532138,3.79
"1",25,"3",0,"1","1","3","1","2",1,0,0,0,"1",25,"1","3","5",78135.833105,2.44
"1",55,"4",0,"1","1","4","1","2",3,0,0,0,"1",55,"1","4","4",29299.981293,2.56
"2",42,"3",0,"1","1","1","1","2",4,0,2,0,"1",54,"1","3","1",24046.682218,1.78
"2",61,"6",0,"2","1","3","1","2",4,0,0,2,"1",60,"2","5","1",14435.401464,2.31
"2",35,"2",0,"2","1","3","1","2",1,1,0,0,"2",35,"1","5","3",41016.932288,2.18
"1",22,"2",0,"1","1","4","1","2",4,0,1,0,"1",47,"1","4","1",52657.460475,4.67
"2",35,"4",0,"1","1","4","1","2",7,1,4,0,"1",33,"1","3","1",17059.489485,0.56
"1",34,"3",0,"1","1","1","1","2",7,2,4,0,"1",34,"1","1","1",18368.704295,0.03
"2",25,"7",0,"2","1","4","1","2",2,1,0,0,"2",25,"2","4","5",24025.96175,0.9
"2",28,"3",0,"1","1","4","1","2",5,3,0,0,"1",33,"1","4","1",82457.668728,0.93
"2",68,"1",0,"1","1","4","1","2",1,0,0,1,"2",68,"1","4","2",24114.429779,1.1
"2",75,"3",0,"1","1","5","1","2",1,0,0,1,"2",75,"1","5","2",26154.326359,3.26
"2",79,"3",0,"1","1","5","1","2",1,0,0,2,"1",80,"1","4","6",63709.667069,2.14
"2",57,"3",0,"1","1","5","1","2",3,0,0,0,"2",57,"1","5","3",73147.799305,4.81
"1",45,"2",0,"1","1","4","1","2",3,0,0,0,"2",40,"1","4","1",39022.29879,5
"2",59,"6",0,"2","1","4","1","2",1,0,0,0,"2",59,"2","4","3",17080.532127,2.61
"1",39,"6",0,"2","1","5","1","2",5,0,1,1,"2",40,"2","5","1",14444.954661,5
"2",67,"1",0,"2","2","5","2","2",2,0,0,1,"2",67,"2","5","3",6908.579159,0.32
"2",23,"3",0,"1","1","3","1","2",7,1,0,0,"2",23,"1","3","1",36155.547774,0.5
"2",28,"1",0,"2","2","3","2","2",4,0,0,2,"1",64,"2","1","1",23092.76413,1.26
"2",63,"3",0,"1","1","2","1","2",2,0,0,2,"2",63,"1","2","5",42687.032136,1.14
"2",24,"1",0,"2","2","2","2","2",7,3,3,0,"2",45,"2","1","4",23089.077067,0.56
"1",60,"3",0,"1","1","4","1","2",3,0,0,1,"2",54,"1","5","3",107202.208073,5
"2",52,"1",0,"2","1","1","1","2",3,0,0,0,"1",51,"2","1","1",36961.526988,3.79
"1",68,"2",0,"2","1","4","1","2",2,0,0,2,"1",68,"2","4","1",14875.52155,5
"2",23,"3",0,"1","1","2","1","2",7,3,0,0,"2",56,"1","3","3",26995.72929,0.48
"2",29,"4",0,"1","1","4","1","2",5,0,3,0,"2",29,"1","4","3",28762.603706,1.43
"2",55,"2",0,"2","1","4","1","2",2,0,0,0,"2",55,"2","4","3",22598.987599,1.93
"1",40,"3",0,"1","1","3","1","2",2,0,1,0,"1",40,"1","3","1",101808.526195,2.54
"2",76,"3",0,"1","1","3","1","2",2,0,0,2,"1",80,"1","3","1",41667.286049,2.53
"1",66,"1",1,"1","1","4","1","2",2,0,0,2,"1",66,"1","4","1",18961.371824,2.58
"2",80,"4",0,"1","1","4","1","2",2,0,0,2,"2",60,"1","5","3",31832.854721,5
"2",30,"4",0,"1","1","4","1","2",3,0,2,0,"2",30,"1","4","5",23470.036744,1.02
"1",61,"6",0,"2","2","1","1","1",3,0,0,2,"1",61,"2","1","1",22379.277271,2.2
"2",30,"7",0,"1","1","4","1","2",5,1,2,0,"1",30,"1","2","6",28136.388569,1.81
"1",42,"2",0,"1","1","5","1","2",6,1,2,1,"1",42,"1","5","5",18563.035841,2.19
"1",58,"3",0,"1","1","5","1","2",3,0,0,0,"1",58,"1","5","1",131352.876816,5
"1",47,"4",1,"1","1","5","1","2",1,0,0,0,"1",47,"1","5","3",24049.055825,5
"1",25,"4",0,"1","1","4","1","2",1,0,0,0,"1",25,"1","4","5",35421.838835,5
"1",26,"6",0,"1","1","5","1","2",4,0,0,0,"1",56,"2","1","1",18866.606519,1.68
"2",55,"4",0,"1","1","4","1","2",4,1,0,0,"2",55,"1","4","1",18022.14888,3.31
"1",33,"6",0,"2","2","5","1","2",2,0,0,0,"2",30,"2","5","1",21886.594284,5
"2",80,"3",0,"1","1","4","1","2",2,0,0,2,"2",80,"1","4","1",49973.041466,3.22
"1",34,"3",0,"1","1","5","1","2",1,0,0,0,"1",33,"1","5","6",71723.122032,4.28
"1",29,"3",0,"1","1","3","1","2",3,0,0,0,"1",55,"1","1","1",39430.744271,2.27
"1",22,"7",0,"1","1","4","1","2",5,0,0,0,"1",52,"1","3","1",56685.386022,4.06
"1",50,"4",1,"1","1","5","1","2",4,0,1,0,"1",50,"1","5","1",24910.550781,2.97
"1",80,"3",1,"1","1","3","1","2",1,0,0,1,"1",80,"1","3","2",27426.810391,1.97
"2",49,"2",0,"2","2","3","1","2",6,1,0,1,"1",80,"1","3","1",17825.939273,2.15
"2",28,"3",0,"1","1","4","1","2",1,0,0,0,"2",28,"1","4","5",75410.874419,3.43
"2",51,"4",0,"1","1","4","1","2",1,0,0,0,"2",51,"1","4","5",26265.026886,0.39
"1",37,"1",0,"1","1","5","1","2",4,2,0,0,"2",32,"1","5","1",48878.710484,5
"2",30,"3",0,"1","1","4","1","2",5,3,0,0,"1",31,"2","4","1",98014.633244,1.74
"2",48,"3",0,"1","1","3","1","2",1,0,0,0,"2",48,"1","3","3",32939.067721,0.78
"1",80,"1",0,"2","2","1","1","2",3,0,0,1,"1",80,"2","1","2",12171.013473,1.23
"1",63,"3",1,"1","1","5","1","2",2,0,0,1,"1",63,"1","5","1",135814.647839,5
"1",38,"6",0,"1","1","5","1","2",4,0,1,0,"2",38,"1","5","1",19005.083256,5
"2",44,"3",0,"1","1","5","1","2",6,1,3,0,"2",44,"1","5","1",59781.505548,5
"1",20,"3",0,"1","1","4","1","2",5,1,0,1,"2",65,"1","3","5",46076.435619,2.6
"1",48,"7",0,"1","1","4","1","2",7,1,3,1,"2",65,"1","1","2",62857.96075,0.65
"1",21,"3",0,"1","1","2","1","2",3,1,0,0,"1",21,"1","2","1",34028.980393,0.55
"1",34,"1",0,"1","1","2","1","2",4,0,2,0,"2",39,"2","4","1",51548.424729,0.42
"1",46,"6",0,"2","1","4","1","2",3,0,1,0,"1",46,"2","4","1",19037.393786,3.07
"1",80,"3",1,"1","1","3","1","2",2,0,0,2,"1",80,"1","3","1",20328.253924,1.55
"1",27,"3",0,"1","1","3","1","2",5,3,0,0,"2",28,"1","5","1",73180.160279,0.3
"1",49,"1",0,"2","2","1","2","2",4,0,0,0,"1",49,"2","1","1",42246.029561,1.83
"2",45,"6",0,"2","1","5","1","2",5,1,0,2,"1",43,"2","4","1",15830.537226,3.48
"1",80,"2",0,"2","1","1","2","2",4,0,0,2,"2",76,"2","4","1",14875.52155,0.51
"1",67,"4",0,"1","1","2","1","2",2,0,0,2,"2",66,"1","2","1",11965.601623,2.54
"2",34,"4",0,"1","1","3","1","2",2,0,0,0,"2",56,"1","4","3",30189.397448,2.16
"1",65,"1",0,"1","1","1","1","2",2,0,0,1,"2",56,"1","1","1",10478.605164,1.29
"2",64,"4",0,"1","1","3","1","2",1,0,0,3,"1",80,"1","1","2",9123.684839,0.82
"1",58,"4",1,"1","1","3","1","2",2,0,0,1,"1",58,"1","3","1",25488.879784,2.06
"2",43,"3",0,"1","1","4","1","2",3,1,0,0,"1",46,"1","3","6",32045.615239,0.37
"2",73,"3",0,"1","1","5","1","2",1,0,0,1,"2",73,"1","5","5",45433.369114,2.09
"2",20,"4",0,"1","1","4","1","2",5,0,1,0,"1",48,"1","5","1",25748.360642,4.82
"1",33,"4",0,"1","1","4","1","2",3,1,0,0,"1",33,"1","4","1",21026.416419,5
"1",36,"3",0,"1","1","4","1","2",6,2,1,0,"2",24,"1","2","6",14138.990242,1.13
"1",80,"3",1,"1","1","4","1","2",1,0,0,1,"1",80,"1","4","2",12589.045446,4.28
"1",59,"4",1,"1","1","4","1","2",1,0,0,0,"1",59,"1","4","3",19909.939918,5
"1",36,"7",0,"1","1","4","1","2",5,2,1,0,"1",36,"1","4","6",15740.694553,0.64
"1",55,"1",0,"2","1","2","1","2",4,0,0,0,"2",47,"1","4","1",23344.023727,3.5
"2",41,"2",0,"2","2","5","1","2",5,1,1,1,"1",49,"1","5","1",28431.826225,5
"2",67,"3",0,"1","1","3","1","2",1,0,0,1,"2",67,"1","3","2",41558.029882,1.89
"1",63,"3",1,"1","1","5","1","2",2,0,0,2,"2",80,"1","4","2",17948.972259,1.18
"1",24,"4",0,"1","1","2","1","2",3,1,0,0,"2",23,"1","3","6",34938.259385,5
"2",59,"3",0,"1","1","4","1","2",2,0,0,1,"1",71,"1","5","1",125087.3583,2.38
"2",80,"2",0,"2","2","1","2","2",3,0,0,2,"2",80,"2","1","2",8922.53981,2.43
"1",62,"2",0,"2","2","1","2","2",1,0,0,1,"1",62,"2","1","3",14560.589535,4.35
"2",64,"3",0,"1","1","3","1","2",2,0,0,2,"2",64,"1","3","1",89634.759203,3.93
"1",33,"1",0,"1","1","4","1","2",5,0,2,0,"1",33,"1","4","1",56366.470183,1.16
"1",56,"3",0,"1","1","4","1","2",4,1,1,0,"1",56,"1","4","1",89536.217554,2.34
"2",80,"3",0,"1","1","5","1","2",2,0,0,2,"2",80,"1","5","1",28947.630736,2.39
"2",25,"3",0,"1","1","4","1","2",5,2,0,0,"1",52,"1","2","3",41083.335771,0.72
"2",69,"1",0,"1","1","2","2","2",3,0,1,1,"2",37,"1","4","4",14388.324908,1.02
"2",59,"6",0,"1","1","5","1","2",2,0,0,1,"1",80,"1","3","2",16684.653448,2.26
"2",36,"4",0,"1","1","5","1","2",3,0,1,0,"1",40,"1","4","1",37094.150887,4.42
"1",50,"4",1,"1","1","4","1","2",5,1,1,0,"1",50,"1","4","6",21710.510043,3.37
"1",25,"4",0,"1","1","4","1","2",1,0,0,0,"2",26,"1","4","5",20846.836154,1.31
"2",51,"4",0,"1","1","3","1","2",1,0,0,0,"2",51,"1","3","3",26270.545136,0.77
"2",44,"1",0,"1","1","4","1","2",7,0,4,0,"1",51,"2","4","1",26967.888925,1.05
"2",21,"4",0,"1","1","4","1","2",5,1,2,0,"2",36,"1","3","5",21307.383006,1.16
"1",75,"3",1,"1","1","4","1","2",2,0,0,2,"1",75,"1","4","1",16099.393371,1.46
"1",31,"3",0,"1","1","2","1","2",4,2,0,0,"1",31,"1","2","6",16074.414331,1.27
"2",34,"4",0,"1","1","4","1","2",4,1,1,0,"2",34,"1","4","5",25338.659517,2.29
"2",20,"2",0,"1","1","3","1","2",2,0,0,0,"2",52,"2","2","5",27971.682978,2.23
"2",24,"4",0,"1","1","2","1","2",6,2,1,0,"2",24,"1","2","5",30571.921215,0.78
"1",33,"2",0,"2","2","1","2","2",6,0,1,0,"1",52,"2","1","5",25882.314144,0.31
"2",65,"4",0,"1","1","2","1","2",2,0,0,2,"2",65,"1","2","1",8950.030671,2.29
"1",51,"7",0,"2","2","2","2","2",5,2,0,1,"2",41,"2","3","1",24480.285098,0.09
"2",25,"3",0,"1","1","5","1","2",4,0,0,0,"2",25,"1","5","5",93806.110061,5
"1",23,"4",0,"1","1","2","1","2",2,0,0,1,"1",67,"1","4","3",26903.638236,2.84
"1",30,"4",0,"1","1","2","1","2",5,1,2,0,"1",30,"1","2","6",23747.624207,1.81
"1",49,"3",0,"1","1","3","1","2",2,0,0,1,"2",69,"1","3","1",87699.789827,5
"1",27,"3",0,"1","1","4","1","2",3,0,0,0,"2",57,"2","4","3",66875.577983,5
"1",66,"3",1,"1","1","4","1","2",7,0,2,2,"1",66,"1","4","1",23856.698444,1.08
"1",53,"4",0,"1","1","5","1","2",2,0,0,0,"2",53,"1","5","1",20378.668526,5
"1",23,"2",0,"2","1","4","1","2",1,0,0,0,"1",23,"2","4","5",36636.132305,1.04
"1",77,"3",1,"1","1","1","1","2",1,0,0,1,"1",77,"1","1","2",15614.822094,1.2
"2",61,"1",0,"2","2","1","2","2",6,0,2,2,"1",67,"2","1","1",16202.02994,0.19
"2",52,"2",0,"1","1","2","1","2",5,1,3,0,"2",52,"1","2","4",20865.67203,0.58
"2",43,"2",0,"2","1","2","1","2",5,0,3,0,"1",53,"2","1","1",26180.341063,0.45
"2",67,"2",0,"2","1","2","1","2",3,0,0,2,"2",67,"2","2","1",20600.30873,1.72
"2",64,"3",0,"1","1","4","1","2",2,0,0,2,"1",65,"2","4","1",76864.822311,1.93
"1",26,"4",0,"1","1","5","1","2",2,0,0,0,"2",53,"1","5","4",33083.467023,5
"2",27,"7",0,"1","1","5","1","2",2,0,0,0,"1",33,"1","3","5",20785.402003,4.77
"1",33,"4",0,"1","1","5","1","2",2,0,0,0,"1",33,"1","5","1",22347.25293,5
"1",56,"1",0,"2","1","4","2","2",6,0,3,0,"2",49,"2","4","1",22233.626986,1.27
"1",42,"1",0,"1","1","4","1","2",2,0,0,1,"1",42,"1","4","5",32396.568668,1.27
"1",20,"3",0,"1","1","4","1","2",3,0,0,0,"2",52,"1","4","4",88271.224711,1.33
"1",46,"7",0,"1","1","3","1","2",2,0,0,0,"1",46,"1","3","1",86451.282438,5
"2",34,"3",0,"1","1","2","1","2",3,1,1,0,"2",34,"1","2","6",30106.853771,0.03
"1",61,"4",0,"1","1","3","1","2",2,0,0,2,"2",70,"1","2","1",11965.601623,1.27
"1",45,"6",0,"2","2","5","1","2",5,0,3,0,"2",41,"2","5","1",20600.898644,5
"1",45,"1",0,"2","1","4","1","2",2,0,0,0,"1",45,"2","4","1",37881.938466,3.93
"1",72,"1",0,"2","2","1","2","2",2,0,0,2,"1",72,"2","1","1",12968.406808,0.64
"1",67,"6",0,"2","2","1","1","1",4,1,0,2,"1",67,"2","1","1",8877.135595,2.73
"1",23,"7",0,"1","1","5","1","2",1,0,0,0,"1",23,"1","5","5",34771.709605,0.01
"1",33,"7",0,"1","1","3","1","2",1,0,0,0,"1",33,"1","3","5",77244.539992,3.66
"2",37,"3",0,"1","1","2","1","2",1,0,0,0,"1",30,"1","3","5",32975.201693,0.43
"2",68,"6",0,"2","2","1","1","1",5,1,0,2,"1",77,"2","1","1",16752.924036,0.86
"1",40,"4",0,"2","2","3","1","2",2,0,0,0,"2",51,"1","3","1",28422.503675,2.37
"1",38,"3",0,"1","1","3","1","2",3,0,1,0,"2",38,"1","3","6",16171.288055,1.13
"1",60,"4",0,"1","1","4","1","2",1,0,0,1,"1",60,"1","4","5",11845.98068,5
"1",68,"4",0,"1","1","1","1","2",1,0,0,1,"1",68,"1","1","3",11957.886606,0.61
"1",76,"1",0,"1","1","1","1","2",3,0,0,2,"1",76,"1","1","1",13846.32795,0.77
"2",42,"1",0,"2","2","1","2","2",5,0,1,0,"1",47,"2","1","1",22485.275354,1.38
"1",52,"3",1,"1","1","3","1","2",1,0,0,0,"1",52,"1","3","3",86311.240012,0.73
"2",57,"3",0,"1","1","4","1","2",1,0,0,0,"2",57,"1","4","3",22463.460613,0.74
"2",80,"3",0,"1","1","4","1","2",4,1,0,1,"2",44,"1","4","3",23481.097521,1.27
"2",47,"1",0,"1","1","4","1","2",2,0,1,0,"2",47,"1","4","5",29043.380538,0.27
"1",63,"1",0,"1","1","4","1","2",2,0,0,2,"1",63,"1","4","1",15866.435364,2.9
"2",27,"2",0,"2","1","2","1","2",3,1,0,0,"2",27,"2","2","1",27971.682978,1.01
"1",75,"6",0,"2","1","5","1","2",2,0,0,2,"1",75,"2","5","1",18661.766614,2.58
"2",55,"2",0,"2","1","4","1","2",4,1,0,0,"1",36,"2","4","1",16282.072418,2.34
"1",80,"3",1,"1","1","3","1","2",3,0,0,2,"2",71,"1","4","1",25463.744101,3.46
"1",24,"6",0,"2","2","3","1","2",3,0,0,0,"1",29,"2","5","1",28301.211888,0.56
"2",41,"3",0,"1","1","2","1","2",4,0,3,0,"2",41,"1","2","3",23059.10936,0.25
"2",63,"1",0,"2","2","1","2","2",4,0,0,2,"1",64,"2","1","1",10236.470629,1.26
"1",40,"4",0,"1","1","4","1","2",4,1,0,0,"1",40,"1","4","6",33692.336927,0.84
"1",56,"3",0,"1","1","3","1","2",2,0,0,0,"1",56,"1","3","1",116819.331993,5
"2",31,"3",0,"1","1","5","1","2",4,0,2,0,"1",33,"1","5","6",75263.256796,5
"2",63,"4",0,"1","1","3","1","2",2,0,0,1,"2",63,"1","3","2",15912.535593,0.46
"1",61,"4",0,"1","1","2","1","2",1,0,0,1,"1",61,"1","2","3",9359.80207,0.6
"2",26,"4",1,"1","1","4","1","2",4,1,1,0,"1",34,"1","4","6",34505.769229,2.64
"2",78,"7",0,"1","1","4","1","2",1,0,0,1,"2",78,"1","4","2",19068.029365,1.41
"1",58,"3",0,"1","1","5","1","2",1,0,0,0,"1",58,"1","5","3",17320.337418,1.11
"2",34,"4",0,"1","1","2","1","2",6,0,4,0,"2",34,"1","2","4",25557.245568,0.72
"2",57,"2",0,"1","1","3","1","2",1,0,0,0,"2",57,"1","3","3",21575.892961,3.05
"1",68,"3",1,"1","1","4","1","2",3,0,0,2,"1",68,"1","4","1",17346.272297,1.48
"2",42,"6",0,"2","2","3","1","1",3,0,1,0,"2",42,"2","3","1",13087.433,1.82
"1",43,"3",0,"1","1","4","1","2",1,0,0,0,"2",45,"1","2","6",79844.697917,5
"1",28,"6",0,"1","1","5","1","2",4,0,0,0,"1",56,"2","1","1",18866.606519,1.68
"2",48,"6",0,"2","2","5","1","2",3,0,1,0,"1",44,"2","5","1",27259.938842,5
"1",72,"6",0,"2","1","5","1","2",2,0,0,2,"1",72,"2","5","1",17250.391735,2.9
"2",55,"4",0,"1","1","3","1","2",1,0,0,0,"2",55,"1","3","5",26265.026886,3.26
"1",50,"4",0,"1","1","3","1","2",3,0,0,0,"2",57,"1","3","2",21054.977414,0.51
"2",21,"3",0,"1","1","3","1","2",3,0,0,0,"2",53,"1","3","1",93806.110061,3.84
"1",38,"6",0,"2","2","5","1","2",5,1,2,0,"2",39,"2","5","1",28043.414805,5
"2",69,"3",0,"1","1","3","1","2",4,0,0,2,"1",72,"1","3","1",24327.628865,0.12
"2",33,"3",0,"1","1","5","1","2",1,0,0,0,"2",33,"1","5","5",107737.369017,5
"2",41,"3",0,"1","1","5","1","2",5,0,3,0,"2",41,"1","5","1",61709.941211,4.72
"1",27,"6",0,"2","2","5","1","2",3,1,0,0,"1",27,"2","5","1",20492.141317,3.97
"2",44,"6",0,"2","2","5","1","1",4,0,3,0,"2",44,"2","5","1",14490.182751,3.98
"2",36,"4",0,"1","1","4","1","2",2,0,0,0,"1",35,"1","4","6",31324.524395,4.51
"1",44,"1",0,"1","1","4","1","2",3,0,0,2,"2",65,"2","4","1",31663.990653,1.64
"2",37,"3",0,"1","1","4","1","2",4,1,2,0,"2",37,"1","4","3",78319.113205,2.38
"1",32,"3",1,"1","1","5","1","2",5,1,2,0,"1",32,"1","5","1",56462.945234,3.45
"1",47,"4",0,"1","1","4","1","2",2,0,0,0,"1",47,"1","4","1",26157.808936,2.58
"1",64,"2",0,"2","1","4","1","2",2,0,0,1,"2",47,"1","4","1",14560.589535,1.93
"2",52,"2",0,"1","1","3","1","2",2,0,0,0,"1",58,"1","4","1",25191.149126,3.09
"1",35,"3",0,"1","1","4","1","2",4,2,0,0,"1",35,"1","4","1",84641.114152,3.18
"1",57,"4",0,"2","2","1","1","2",1,0,0,1,"2",46,"1","3","3",19357.142661,0.44
"1",73,"7",1,"1","1","5","1","2",1,0,0,1,"1",73,"1","5","5",11680.114212,1.24
"2",25,"3",0,"1","1","5","1","2",3,0,0,1,"1",60,"1","4","1",94076.960827,5
"2",69,"6",0,"2","2","4","1","2",2,0,0,2,"1",70,"1","3","1",12986.195063,0.12
"1",65,"4",0,"1","1","4","1","2",1,0,0,1,"1",65,"1","4","5",17116.921607,0.93
"2",24,"4",0,"2","1","3","1","2",6,2,1,0,"2",24,"1","2","5",30571.921215,0.78
"1",53,"2",1,"1","1","2","1","2",2,0,0,1,"2",62,"1","2","1",27654.420632,0.95
"1",66,"2",0,"2","1","3","1","2",2,0,0,2,"1",66,"2","3","1",15470.626381,1.29
"2",30,"6",0,"2","2","3","1","2",4,0,2,0,"2",30,"2","3","1",10618.329637,1.55
"1",76,"3",0,"1","1","4","1","2",2,0,0,2,"1",76,"1","4","1",61293.31271,2.42
"1",21,"4",0,"1","1","3","1","2",6,1,1,0,"2",24,"1","4","5",25810.040077,1.42
"1",64,"1",0,"1","1","4","1","2",4,0,1,2,"1",64,"1","4","1",7724.642659,0.72
"1",20,"2",0,"1","1","4","1","2",3,0,1,0,"2",56,"2","5","5",28699.474908,2.27
"1",45,"3",0,"1","1","3","1","2",6,0,1,2,"1",61,"1","4","1",66518.56485,3.1
"1",51,"2",0,"1","1","2","1","2",3,0,0,0,"1",51,"1","2","1",30209.685762,0.77
"2",33,"3",0,"1","1","5","1","2",5,2,1,0,"2",33,"1","5","1",50239.070187,3.63
"2",31,"3",0,"1","1","5","1","2",4,2,0,0,"1",32,"1","4","1",88747.541698,2.34
"2",31,"3",0,"1","1","5","1","2",2,0,0,0,"2",31,"1","5","1",59439.591983,5
"1",23,"3",0,"1","1","5","1","2",6,0,1,0,"1",55,"1","4","1",45484.281501,5
"2",80,"4",0,"2","1","4","1","2",2,0,0,2,"1",80,"2","1","1",15929.306515,0.84
"2",33,"4",0,"1","1","5","1","2",1,0,0,0,"2",33,"1","5","3",22133.565021,4.03
"1",80,"4",0,"1","1","2","1","2",2,0,0,2,"1",80,"1","2","1",12241.181354,1.39
"1",73,"7",1,"1","1","2","1","2",7,0,0,2,"1",73,"1","2","1",12097.215302,0.67
"1",33,"3",0,"1","1","5","1","2",5,1,2,0,"1",33,"1","5","1",53832.413678,2.36
"2",45,"4",0,"2","1","4","1","2",5,0,1,1,"2",45,"2","4","1",28257.259105,1.99
"1",47,"1",0,"2","2","3","2","1",3,0,0,0,"1",47,"2","3","4",24378.670606,0.28
"2",47,"1",0,"2","2","2","2","2",4,0,0,2,"2",47,"2","2","4",20294.919152,0.84
"1",65,"1",0,"2","2","1","2","2",4,0,1,1,"1",65,"2","1","1",15170.708349,1.87
"2",42,"6",0,"2","2","4","1","2",2,0,0,0,"1",43,"2","5","1",20799.12401,2.73
"2",62,"3",0,"1","1","4","1","2",1,0,0,1,"2",62,"1","4","2",113714.512414,1.53
"1",33,"2",0,"1","1","5","1","2",2,0,0,0,"2",27,"1","5","1",32080.735297,4.32
"2",44,"3",0,"1","1","4","1","2",2,0,1,0,"2",44,"1","4","3",32939.067721,1.93
"1",64,"1",0,"1","1","4","1","2",1,0,0,1,"1",64,"1","4","5",7037.582072,5
"2",64,"4",0,"1","1","3","1","2",2,0,0,2,"1",66,"1","3","1",13072.88574,5
"2",61,"3",0,"1","1","4","1","2",3,0,1,1,"2",61,"1","4","2",79172.968756,1.64
"1",31,"3",0,"1","1","5","1","2",1,0,0,0,"1",31,"1","5","5",69244.437969,5
"1",30,"2",0,"1","1","4","1","2",1,1,1,0,"1",27,"1","3","5",41806.928883,3.31
"2",48,"2",0,"2","2","2","2","2",7,0,0,1,"2",57,"2","2","1",19504.850486,4.16
"2",67,"3",0,"1","1","5","1","2",2,0,0,2,"1",70,"1","5","1",108922.735854,5
"2",59,"3",0,"1","1","5","1","2",2,0,0,1,"2",59,"1","5","1",24782.967191,0.12
"2",63,"3",0,"1","1","5","1","2",1,0,0,1,"2",63,"1","5","5",58203.453471,4.54
"1",61,"3",0,"1","1","3","1","2",2,0,0,1,"1",61,"1","3","1",167884.543709,4.32
"2",26,"4",0,"2","1","2","1","2",3,1,0,1,"2",61,"2","3","3",24705.814942,1.01
"2",72,"3",0,"1","1","2","1","2",3,0,0,1,"1",49,"1","3","3",38920.491029,2.65
"1",43,"6",0,"2","1","4","1","2",4,0,2,0,"1",43,"2","4","1",23441.763126,4.25
"1",40,"7",0,"2","1","5","1","2",4,0,1,1,"1",40,"2","5","1",96447.014995,5
"2",49,"3",0,"1","1","5","1","2",5,0,2,0,"1",47,"2","5","1",66313.020476,5
"1",75,"4",0,"1","1","2","1","2",7,2,3,2,"1",75,"1","2","1",8013.95142,0.48
"1",50,"3",0,"1","1","2","1","2",3,0,2,0,"1",50,"1","2","1",77917.122011,1.77
"1",47,"3",0,"1","1","5","1","2",5,0,2,1,"2",70,"1","5","2",50832.77301,5
"2",77,"3",0,"1","1","3","1","2",1,0,0,1,"2",77,"1","3","2",43508.78222,1.76
"1",46,"3",0,"1","1","3","1","2",4,0,2,0,"1",46,"1","3","1",23010.64255,1.47
"1",77,"6",0,"2","2","1","1","1",5,1,0,2,"1",77,"2","1","1",15276.106137,0.86
"1",51,"2",0,"2","2","1","2","2",1,0,0,0,"1",51,"2","1","3",18119.207041,4.44
"1",73,"3",0,"1","1","3","1","2",2,0,0,2,"1",73,"1","3","1",89445.783154,1.55
"2",56,"7",0,"1","1","5","1","2",3,0,0,0,"2",56,"1","5","1",15685.56944,1
"2",40,"7",0,"1","1","4","1","2",4,0,0,0,"2",57,"1","4","1",78650.863298,2.12
"1",58,"6",0,"2","1","5","1","2",1,0,0,0,"2",55,"1","5","6",12328.779582,5
"2",63,"2",0,"2","1","4","1","2",2,0,0,2,"1",71,"1","4","1",15107.120526,4.84
"1",53,"3",0,"1","1","3","1","2",1,0,0,0,"2",53,"1","3","3",113750.835861,0.04
"2",61,"3",0,"1","1","1","1","2",2,0,0,1,"1",50,"1","2","1",29962.886786,0.76
"1",32,"4",0,"2","2","3","1","2",3,0,0,0,"2",54,"1","4","2",20929.794386,5
"1",80,"4",0,"2","1","1","1","2",2,0,0,2,"1",80,"2","1","1",9168.793473,0.84
"1",66,"4",1,"1","1","4","1","2",1,0,0,1,"1",66,"1","4","5",18748.638628,1.22
"1",62,"2",0,"2","1","3","2","2",3,0,0,2,"2",80,"2","1","2",7625.242813,2.43
"1",29,"6",0,"1","1","5","1","2",4,0,0,0,"1",56,"2","4","1",20249.482415,5
"2",39,"7",0,"1","1","5","1","2",3,1,0,0,"1",35,"1","5","1",29734.593679,3.79
"2",51,"2",0,"2","2","1","1","2",5,2,1,0,"2",26,"1","4","5",17887.444481,0.02
"1",28,"3",0,"1","1","4","1","2",3,1,0,0,"1",28,"1","4","1",92360.173931,2.02
"1",72,"3",0,"1","1","3","1","2",2,0,0,1,"1",72,"1","3","2",11102.515965,0.76
"1",80,"4",1,"1","1","3","1","2",4,0,1,2,"2",55,"1","1","1",13640.922524,0.84
"2",80,"3",0,"1","1","1","1","2",2,0,0,1,"2",80,"1","1","2",26528.578763,0.53
"1",61,"1",0,"2","2","1","2","2",6,2,0,2,"2",71,"2","1","1",13846.32795,0.69
"2",36,"6",0,"2","2","1","1","1",6,0,4,0,"1",40,"2","1","1",24131.09346,0.16
"2",54,"3",0,"1","1","3","1","2",1,0,0,0,"2",54,"1","3","3",70873.462288,2.14
"1",49,"4",0,"2","2","1","1","2",1,0,0,0,"1",49,"2","1","1",20887.046854,0.51
"1",32,"3",0,"1","1","2","1","2",3,0,1,0,"1",32,"1","2","1",19211.134195,0.51
"2",73,"3",0,"1","1","4","1","2",1,0,0,1,"2",73,"1","4","2",30098.56176,5
"1",22,"1",0,"1","1","4","1","2",2,0,0,0,"2",21,"1","4","5",49234.010671,2.58
"2",69,"4",0,"1","1","2","1","2",1,0,0,1,"2",69,"1","2","3",17372.828192,1.22
"1",46,"3",0,"1","1","2","1","2",5,1,0,2,"1",71,"1","2","1",66076.325643,1.45
"1",67,"6",1,"2","1","3","1","2",2,0,0,2,"1",67,"2","3","1",19321.371642,3.81
"2",24,"1",0,"1","1","2","2","2",6,0,1,0,"1",52,"2","1","5",19370.330115,0.31
"2",39,"3",0,"1","1","3","1","2",2,0,0,0,"2",39,"1","3","1",66745.514133,1.7
"2",57,"3",0,"2","1","3","1","2",3,0,0,0,"1",59,"2","3","1",97441.437658,2.2
"1",80,"3",0,"2","1","3","1","2",2,0,0,2,"1",80,"2","3","1",42071.929453,2.67
"2",22,"3",0,"1","1","2","1","2",3,1,0,0,"1",25,"1","4","6",58260.697677,0.92
"1",66,"3",1,"1","1","4","1","2",2,0,0,2,"2",65,"1","4","1",111519.206155,4.77
"1",60,"4",1,"1","1","3","1","2",2,0,0,2,"1",60,"1","3","1",11893.550091,3.22
"2",47,"3",0,"1","1","5","1","2",2,0,0,0,"2",47,"1","5","1",57111.14129,5
"2",73,"1",0,"2","1","2","1","2",1,0,0,1,"2",73,"2","2","3",9301.837931,1.18
"2",44,"4",0,"1","1","4","1","2",2,0,1,0,"2",44,"1","4","5",19492.320888,4.36
"2",23,"3",0,"1","1","3","1","2",1,0,0,0,"2",23,"1","3","5",75767.153187,1.37
"2",38,"4",0,"1","1","2","1","2",5,0,3,0,"2",38,"1","2","3",23486.66198,0.18
"1",75,"6",0,"2","1","5","1","2",5,0,2,2,"1",75,"2","5","1",12144.768645,1.43
"1",32,"4",0,"1","1","4","1","2",1,0,0,0,"1",32,"1","4","5",31308.13869,0.86
"2",41,"4",0,"2","2","3","1","2",7,2,3,0,"1",45,"2","5","1",16182.0556,0.56
"2",34,"2",0,"1","1","3","1","2",2,0,1,0,"2",34,"1","3","4",25774.254195,1.14
"2",43,"4",1,"1","1","5","1","2",1,0,0,0,"2",43,"1","5","5",31350.865924,0.86
"1",35,"2",0,"2","1","3","2","2",3,1,0,0,"2",26,"2","2","1",49706.164125,0.87
"1",76,"3",1,"1","1","4","1","2",2,0,0,2,"1",76,"1","4","1",81877.396403,4.13
"2",50,"3",0,"1","1","4","1","2",7,0,3,1,"2",42,"1","3","5",71759.795102,1.51
"1",67,"1",0,"2","1","2","2","2",2,0,0,1,"1",67,"2","2","3",5904.102946,3.5
"2",61,"3",0,"1","1","5","1","2",2,0,0,2,"1",66,"1","5","1",138843.957194,5
"2",52,"3",0,"1","1","5","1","2",3,0,0,0,"1",51,"1","5","1",115465.958145,5
"2",80,"3",0,"1","1","5","1","2",2,0,0,2,"1",80,"1","3","1",40753.93159,5
"1",63,"3",0,"1","1","5","1","2",3,0,0,2,"2",31,"1","5","5",62130.813413,5
"2",51,"3",0,"1","1","3","1","2",1,0,0,0,"2",51,"1","3","3",103561.720586,4.28
"2",67,"3",0,"2","1","3","1","2",3,0,0,2,"1",70,"1","5","1",56094.89043,5
"2",41,"1",0,"2","2","2","2","1",5,0,3,0,"2",41,"2","2","1",17825.939273,0.54
"1",29,"4",0,"1","1","3","1","2",3,0,0,0,"2",45,"1","3","5",18768.650102,1.06
"2",22,"4",0,"1","1","4","1","2",3,2,0,0,"2",22,"1","4","5",26359.330998,0.11
"1",26,"3",0,"1","1","2","1","2",2,0,0,0,"2",24,"1","4","1",28936.595564,0.53
"1",66,"4",0,"1","1","5","1","2",2,0,0,2,"1",66,"1","5","1",16731.909182,4.84
"1",33,"1",0,"2","1","3","2","2",3,1,0,0,"2",32,"1","4","1",56780.97346,2.82
"2",79,"3",0,"1","1","1","1","2",1,0,0,1,"2",79,"1","1","2",23893.802566,0.9
"2",74,"3",0,"1","1","4","1","2",3,0,0,2,"2",74,"1","4","1",37788.739135,4.3
"2",31,"3",0,"1","1","5","1","2",3,0,0,2,"2",31,"1","5","5",77763.026638,5
"2",54,"3",0,"1","1","5","1","2",4,0,0,0,"1",53,"1","5","1",139870.360101,5
"2",35,"3",0,"1","1","4","1","2",1,0,0,0,"2",35,"1","4","6",84040.883954,3.05
"2",66,"4",0,"1","1","3","1","2",1,0,0,1,"2",66,"1","3","5",12085.007878,2.23
"2",80,"3",0,"1","1","5","1","2",2,0,0,2,"2",80,"1","5","1",39490.273952,1.16
"2",44,"7",0,"1","1","4","1","2",2,0,1,0,"2",44,"1","4","5",32466.325208,1.84
"2",41,"3",0,"1","1","4","1","2",1,0,0,0,"2",41,"1","4","3",23273.826875,0.78
"1",52,"4",0,"1","1","1","1","2",1,0,0,0,"1",52,"1","1","5",30236.043768,0.87
"1",34,"3",0,"1","1","5","1","2",1,0,0,0,"1",34,"1","5","5",73916.478359,5
"1",38,"4",0,"1","1","2","1","2",7,0,3,0,"2",59,"1","3","1",22031.787593,4.16
"1",62,"3",0,"1","1","4","1","2",3,0,0,2,"2",60,"1","3","1",23056.118135,0.98
"1",66,"6",0,"2","1","5","1","2",2,0,0,2,"1",76,"2","5","2",15686.238191,5
"2",80,"3",0,"1","1","1","1","2",2,0,0,2,"2",80,"1","1","2",22404.737503,1.59
"1",30,"6",0,"2","1","5","1","2",3,0,0,1,"1",64,"2","3","1",22084.236073,5
"1",30,"3",1,"1","1","4","1","2",5,3,0,0,"2",26,"1","2","6",17858.302239,0.36
"2",23,"1",0,"1","1","3","1","2",4,2,0,0,"1",26,"2","3","1",46430.172148,0.88
"2",40,"1",0,"2","2","2","2","2",5,1,2,0,"1",37,"2","2","1",22922.210081,0.72
"2",76,"3",0,"1","1","3","1","2",2,0,0,2,"2",76,"1","3","1",60930.567291,1.92
"1",22,"1",0,"1","1","4","1","2",4,0,0,0,"1",46,"1","5","1",51877.119096,5
"2",36,"3",0,"1","1","5","1","2",3,0,1,0,"1",32,"2","4","1",33656.752408,1.26
"1",64,"6",0,"2","2","5","1","1",2,0,0,2,"1",64,"2","5","1",13666.527217,0.64
"1",47,"3",0,"1","1","5","1","2",4,1,1,0,"1",47,"1","5","1",98711.148578,5
"1",39,"1",0,"2","2","2","2","1",7,1,4,0,"2",40,"2","3","1",36284.650273,0.95
"2",47,"4",0,"1","1","5","1","2",2,0,0,0,"2",47,"1","5","1",25539.866619,5
"1",78,"4",0,"1","1","4","1","2",3,0,0,2,"2",62,"1","5","1",8286.847996,4.61
"1",28,"1",0,"2","2","3","2","2",3,0,1,0,"2",38,"1","1","1",52865.672879,0.48
"2",72,"6",0,"2","1","5","1","2",2,0,0,2,"1",74,"2","5","1",17575.252747,5
"1",40,"1",0,"2","1","2","2","2",4,0,2,0,"2",42,"2","3","1",34700.135557,0.9
"2",28,"4",0,"1","1","4","1","2",4,1,1,0,"1",27,"1","4","1",34754.231984,1.89
"2",80,"3",0,"1","1","3","1","2",1,0,0,1,"2",80,"1","3","2",14622.538888,0.94
"2",41,"1",0,"2","2","2","2","2",5,0,3,0,"1",41,"2","2","1",19070.810086,1.07
"1",32,"6",0,"1","1","5","1","2",1,0,0,0,"1",32,"1","5","5",17342.906206,5
"2",57,"7",0,"1","1","3","1","2",1,0,0,0,"2",57,"1","3","2",16522.530397,1.89
"1",40,"1",0,"1","1","4","1","2",4,0,2,0,"2",45,"1","3","1",30379.613391,4.12
"1",55,"6",0,"2","1","4","1","1",2,0,0,0,"1",55,"2","4","1",19000.187408,5
"2",77,"3",0,"1","1","3","1","2",2,0,0,2,"2",77,"1","3","1",80549.006362,2.03
"2",24,"1",0,"1","1","3","1","2",3,1,0,0,"2",24,"1","3","6",49602.042426,1.02
"2",80,"3",0,"1","1","5","1","2",1,0,0,1,"2",80,"1","5","2",58594.123256,1.8
"2",41,"3",0,"1","1","4","1","2",4,0,2,0,"1",38,"1","3","1",61709.346843,5
"1",32,"6",0,"2","2","5","1","2",2,0,0,0,"2",31,"2","5","1",16870.916427,5
"2",44,"1",0,"2","2","2","2","1",4,0,2,0,"1",46,"2","5","1",31765.692798,1.27
"2",70,"3",0,"1","1","3","1","2",1,0,0,1,"2",70,"1","3","3",34581.588793,1.11
"1",77,"3",0,"2","1","5","1","1",2,0,0,2,"2",73,"2","1","1",8028.588139,0.64
"2",38,"6",0,"2","2","4","1","2",4,0,2,0,"2",38,"2","4","1",23267.257633,1.22
"2",28,"3",0,"1","1","5","1","2",1,0,0,0,"2",28,"1","5","5",89703.177422,4.97
"1",30,"2",0,"2","2","4","1","2",3,1,0,0,"1",30,"2","4","1",46797.935206,4.25
"1",59,"2",1,"1","1","5","1","2",1,0,0,0,"1",59,"1","5","4",27928.155995,5
"2",65,"1",0,"2","1","4","2","2",3,0,0,2,"2",65,"2","4","1",16202.02994,1.64
"1",38,"4",0,"1","1","2","1","2",3,0,0,0,"2",57,"1","3","2",21366.554228,0.51
"1",75,"3",0,"1","1","2","1","2",2,0,0,2,"1",75,"1","2","1",51195.148771,1.93
"1",60,"3",1,"1","1","3","1","2",1,0,0,1,"1",60,"1","3","3",15594.512382,0.73
"2",43,"3",0,"1","1","3","1","2",3,1,0,0,"2",43,"1","3","3",73461.791386,3.28
"2",63,"1",0,"2","1","4","1","2",4,0,1,2,"1",64,"1","4","1",9038.850741,0.72
"2",23,"3",0,"1","1","4","1","2",3,1,0,0,"2",23,"1","4","1",73602.377382,2.02
"2",36,"1",0,"1","1","2","1","2",6,1,2,1,"2",36,"1","2","4",33190.678689,1.25
"2",47,"4",0,"1","1","4","1","2",3,0,1,0,"2",47,"1","4","1",37380.003581,5
"2",63,"3",0,"1","1","5","1","2",1,0,0,1,"2",63,"1","5","3",58203.453471,3.75
"1",66,"3",1,"1","1","5","1","2",2,0,0,2,"2",66,"1","4","1",90352.414131,5
"2",80,"4",0,"1","1","4","1","2",1,0,0,1,"2",80,"1","4","3",17241.333422,1.71
"2",41,"3",0,"1","1","4","1","2",4,0,2,0,"1",48,"1","5","1",60281.585895,5
"1",63,"4",1,"1","1","4","1","2",2,0,0,2,"1",63,"1","4","1",13740.288749,3.87
"1",29,"6",0,"2","2","5","1","2",3,0,0,0,"1",29,"2","5","1",28301.211888,0.56
"1",55,"1",0,"2","1","1","2","2",4,0,1,0,"2",54,"2","1","1",18002.276431,0.96
"1",39,"3",1,"1","1","5","1","2",5,2,1,0,"1",39,"1","5","1",106819.654572,4.9
"1",66,"7",1,"1","1","2","1","2",2,0,0,1,"1",66,"1","2","1",21239.874612,0.93
"1",22,"3",0,"1","1","4","1","2",1,0,0,0,"1",30,"1","4","3",92696.903731,1.29
"1",27,"3",0,"1","1","4","1","2",3,0,0,1,"2",59,"1","5","1",86267.19682,5
"2",28,"4",0,"1","1","3","1","2",2,1,0,0,"2",28,"1","3","5",43864.060639,0.06
"2",27,"1",0,"1","1","4","1","2",5,0,1,0,"1",54,"1","3","6",34378.472565,0.65
"2",73,"3",0,"1","1","4","1","2",1,0,0,1,"2",73,"1","4","2",76458.854396,1.48
"2",40,"3",0,"1","1","3","1","2",4,0,2,0,"1",41,"1","4","1",61709.346843,4.88
"1",32,"1",0,"2","2","3","2","2",5,1,1,1,"2",32,"2","3","1",37665.25833,1.27
"1",33,"3",0,"1","1","5","1","2",4,2,0,0,"2",31,"1","5","1",108079.124841,3.82
"2",43,"2",0,"1","1","3","1","2",1,0,0,0,"1",34,"2","3","6",30922.746066,4.18
"1",23,"3",0,"1","1","5","1","2",1,0,0,0,"1",23,"1","5","5",33971.242901,1.11
"1",25,"6",0,"2","2","4","1","2",1,0,0,0,"2",22,"2","4","6",17435.703011,2.26
"1",44,"3",0,"1","1","4","1","2",2,0,0,1,"1",63,"1","4","5",24924.41094,1.24
"2",34,"1",0,"2","1","4","1","2",5,1,1,0,"1",36,"2","4","1",46074.271128,4.53
"2",45,"6",0,"2","2","5","1","2",4,1,0,0,"1",47,"2","5","1",17112.602444,4.19
"2",35,"7",0,"1","1","4","1","2",6,0,2,2,"1",71,"1","5","1",19934.390257,3.17
"2",38,"4",0,"1","1","2","1","2",7,0,4,1,"2",38,"1","2","1",22568.629344,1.29
"1",52,"3",0,"1","1","4","1","2",4,0,0,0,"1",52,"1","4","1",95058.461447,4.86
"1",30,"3",0,"1","1","3","1","2",5,2,1,0,"2",30,"1","4","6",15740.694553,0.93
"1",52,"3",1,"1","1","5","1","2",1,0,0,0,"1",52,"1","5","4",114727.787393,4.28
"1",23,"3",0,"1","1","4","1","2",2,0,0,0,"2",21,"1","4","1",27266.731055,1.53
"2",30,"6",0,"2","2","5","1","2",3,1,0,0,"1",30,"2","5","1",19092.79161,5
"2",49,"3",0,"1","1","4","1","2",2,0,0,0,"2",49,"1","4","3",25259.504901,0.32
"1",44,"1",0,"2","2","3","2","2",7,1,3,0,"1",44,"2","3","1",27494.677312,1.14
"2",65,"4",0,"1","1","3","1","2",3,0,0,3,"1",71,"1","1","1",15333.439922,3.07
"2",62,"3",0,"1","1","4","1","2",2,0,0,2,"1",62,"1","3","1",88111.560425,2.23
"2",47,"3",0,"1","1","5","1","2",3,0,1,0,"1",45,"1","4","1",91249.402337,1.92
"1",21,"2",0,"1","1","4","1","2",2,0,0,1,"1",64,"2","1","4",48468.106963,0.61
"1",46,"4",0,"1","1","2","1","2",5,1,1,0,"2",41,"1","4","1",17155.853224,0.9
"1",44,"6",1,"2","1","5","1","1",5,1,2,0,"2",42,"2","3","1",16441.312142,2.51
"2",30,"3",0,"1","1","2","1","2",5,2,1,0,"2",30,"1","2","6",28884.38512,0.65
"1",55,"6",0,"2","2","3","1","1",4,0,0,0,"1",55,"2","3","1",18508.919608,3.14
"2",67,"3",0,"1","1","3","1","2",2,0,0,2,"2",67,"1","3","1",79461.037214,2.26
"1",26,"4",0,"1","1","2","1","2",4,1,1,0,"2",26,"1","2","6",24350.542743,0.64
"2",58,"3",0,"1","1","4","1","2",2,0,0,1,"1",61,"1","3","1",149237.343088,4.32
"2",22,"3",0,"1","1","5","1","2",4,0,1,0,"1",47,"1","4","1",89703.177422,2.2
"2",49,"4",0,"1","1","4","1","2",5,0,1,0,"1",53,"1","4","1",25532.281371,3.45
"1",69,"3",0,"1","1","1","1","2",4,0,2,2,"1",69,"1","1","1",36993.253784,1.38
"2",80,"3",0,"1","1","2","1","2",2,0,0,2,"2",80,"1","2","1",39708.958985,5
"1",44,"3",0,"1","1","3","1","2",1,0,0,0,"1",44,"1","3","5",116840.008618,5
"1",41,"6",0,"2","1","3","1","2",6,1,1,2,"1",70,"2","3","1",10667.004813,1.56
"2",52,"3",0,"1","1","1","1","2",5,1,0,1,"2",52,"1","1","6",22210.859041,0.29
"2",22,"4",0,"1","1","4","1","2",1,0,0,0,"2",22,"1","4","5",24705.814942,1.71
"2",36,"1",0,"2","2","2","2","2",7,2,4,0,"1",37,"2","1","1",28687.444194,1.34
"2",32,"1",0,"1","1","3","1","2",5,1,0,1,"1",45,"1","2","4",34182.065671,1.07
"1",44,"7",0,"1","1","4","1","2",1,0,0,0,"1",44,"1","4","3",98994.797869,5
"2",56,"1",0,"2","1","3","2","2",5,0,2,0,"2",56,"2","3","1",15115.676152,2.33
"1",45,"3",0,"2","1","2","1","2",1,0,0,0,"1",45,"2","2","3",20811.082711,1.16
"2",68,"3",0,"1","1","2","1","2",1,0,0,1,"2",68,"1","2","3",46586.216014,1.19
"2",37,"1",0,"2","2","1","2","2",4,0,2,0,"1",36,"2","3","6",29921.555796,0.76
"2",80,"3",0,"1","1","5","1","2",1,0,0,1,"2",80,"1","5","2",53754.49049,1.89
"1",32,"3",0,"1","1","5","1","2",2,0,0,0,"1",32,"1","5","1",106819.654572,5
"1",67,"4",1,"1","1","2","1","2",3,0,0,2,"2",64,"1","3","1",8779.720493,4.25
"1",33,"3",0,"1","1","4","1","2",1,0,0,0,"1",33,"1","4","5",24369.608515,0.87
"2",30,"7",0,"1","1","5","1","2",3,1,0,0,"1",29,"1","5","1",40466.346423,5
"1",27,"7",1,"1","1","4","1","2",1,0,0,0,"2",27,"1","4","6",30626.373724,2.61
"2",59,"1",0,"2","2","1","2","2",3,0,1,0,"2",59,"2","1","1",25795.959708,0.91
"2",62,"4",0,"1","1","4","1","2",2,0,0,2,"2",62,"1","4","1",14974.460152,5
"2",52,"3",1,"1","1","4","1","2",2,0,0,0,"1",55,"1","3","1",136076.460362,1.74
"1",63,"3",1,"1","1","5","1","2",2,0,0,2,"1",63,"1","5","1",126017.53674,3.81
"2",28,"3",0,"1","1","5","1","2",2,0,0,0,"1",31,"1","5","1",91611.755665,5
"2",23,"3",0,"1","1","2","1","2",1,2,1,0,"2",24,"1","2","6",32937.437218,0.17
"1",34,"4",0,"1","1","2","1","2",1,0,0,0,"2",34,"1","3","6",28875.349989,0.69
"2",33,"3",0,"1","1","5","1","2",3,1,0,0,"2",33,"1","5","1",65043.496946,3.84
"1",25,"3",0,"1","1","3","1","2",5,2,1,0,"2",29,"1","2","1",31600.84684,1.27
"1",32,"4",0,"2","1","4","1","2",4,2,0,0,"1",32,"2","4","1",28801.245352,3.65
"1",58,"4",1,"1","1","5","1","2",1,0,0,0,"1",58,"1","5","3",25895.958339,1.63
"2",26,"3",0,"1","1","4","1","2",1,0,0,0,"2",26,"1","4","5",86780.663669,1.65
"2",68,"3",0,"1","1","3","1","2",3,0,0,1,"2",68,"1","3","5",29147.275513,0.08
"2",69,"4",0,"1","1","3","1","2",2,0,0,2,"1",76,"2","4","1",13834.19112,5
"2",30,"4",0,"2","1","5","1","2",3,0,2,0,"2",30,"2","5","3",43441.566166,1.62
"1",60,"4",0,"1","1","4","1","2",1,0,0,1,"2",43,"1","2","6",10935.521833,0.22
"1",45,"1",0,"2","2","1","2","2",5,0,2,0,"1",34,"2","1","1",28752.828398,1.38
"2",77,"3",0,"1","1","4","1","2",1,0,0,1,"2",77,"1","4","2",24889.629556,1.54
"1",47,"3",0,"1","1","4","1","2",4,0,1,0,"2",43,"1","5","1",89570.674146,3.56
"1",28,"3",0,"2","1","4","1","2",5,0,1,0,"2",54,"1","4","3",47804.225226,2.36
"2",47,"6",0,"2","1","3","1","1",4,0,2,0,"1",45,"2","3","1",17258.46935,2.63
"2",71,"3",0,"1","1","3","1","2",2,0,0,2,"1",72,"1","5","1",63681.503281,5
"2",60,"6",0,"1","1","5","1","2",3,0,0,2,"2",60,"1","5","1",13288.847991,5
"2",31,"6",0,"2","2","5","1","2",2,0,0,0,"2",31,"2","5","1",16201.021749,5
"1",23,"4",0,"1","1","2","1","2",7,0,3,0,"2",52,"1","2","5",27613.679439,0.69
"2",24,"3",0,"1","1","3","1","2",4,1,0,1,"1",65,"1","4","3",52731.52969,1.22
"1",64,"4",0,"1","1","3","1","2",2,0,0,2,"1",64,"1","3","1",8047.572832,3.22
"2",78,"3",0,"1","1","2","1","2",1,0,0,1,"2",78,"1","2","2",30776.203331,1.23
"1",23,"4",0,"1","1","3","1","2",3,1,0,0,"1",23,"1","3","6",30023.167309,1.54
"1",36,"4",0,"1","1","4","1","2",1,0,0,0,"1",36,"1","4","6",22833.315138,2.61
"2",72,"6",0,"2","1","2","1","1",1,0,0,1,"2",72,"2","2","2",19707.729132,0.87
"2",60,"1",0,"1","1","2","1","2",3,0,1,1,"2",60,"1","2","5",8234.899235,1.23
"1",57,"3",0,"1","1","4","1","2",1,0,0,0,"1",57,"1","4","3",30130.547243,0.73
"1",51,"3",0,"1","1","2","1","2",2,0,0,0,"2",45,"1","2","1",114436.342172,3.05
"1",40,"4",0,"1","1","4","1","2",3,0,1,0,"1",40,"1","4","1",33692.336927,4.42
"1",31,"3",0,"1","1","2","1","2",3,0,0,0,"1",31,"1","2","5",116361.653188,0.61
"1",45,"4",0,"1","1","3","1","2",7,1,4,0,"2",46,"1","2","6",27925.241923,0.07
"2",80,"3",0,"1","1","2","1","2",2,0,0,2,"2",63,"1","2","5",36777.832449,1.14
"1",38,"3",0,"1","1","5","1","2",4,2,0,0,"1",38,"1","5","1",85650.123162,5
"1",70,"6",0,"2","1","3","1","1",6,1,1,2,"1",70,"2","3","1",6770.568659,1.56
"2",51,"4",0,"1","1","4","1","2",1,0,0,0,"2",51,"1","4","4",20545.181159,0.75
"2",60,"6",0,"2","1","4","1","2",2,0,0,2,"1",63,"2","4","1",13774.696495,3.18
"1",30,"3",0,"2","2","5","1","2",4,0,0,0,"1",23,"1","4","5",71099.153995,3.88
"2",72,"3",0,"1","1","2","1","2",1,0,0,1,"2",72,"1","2","2",31432.746709,1.37
"1",38,"3",0,"1","1","4","1","2",1,0,0,0,"1",38,"1","4","3",64262.69688,5
"1",60,"3",0,"1","1","5","1","2",3,0,0,1,"1",60,"1","5","1",83583.931955,5
"1",28,"1",0,"1","1","3","1","2",3,1,0,0,"1",28,"1","3","6",62211.875054,5
"2",48,"1",0,"1","1","4","1","2",3,0,0,0,"1",50,"1","4","1",30096.899681,5
"2",80,"4",0,"1","1","2","1","2",2,0,0,1,"2",80,"1","2","2",17232.594196,0.77
"1",51,"6",0,"2","1","3","1","2",4,0,2,0,"1",51,"2","3","1",18547.946289,2.52
"2",32,"3",0,"1","1","2","1","2",5,0,1,0,"2",32,"1","2","3",30951.077321,0.91
"2",41,"1",0,"2","2","1","2","2",5,0,2,0,"2",41,"2","1","6",25707.261411,0.9
"1",20,"3",0,"1","1","3","1","2",3,0,0,0,"1",24,"1","3","6",76868.238234,2.02
"2",59,"3",0,"1","1","5","1","2",1,0,0,0,"2",59,"1","5","3",36269.783123,1.17
"2",68,"1",0,"1","1","1","1","2",1,0,0,1,"2",68,"1","1","3",15174.746412,0.73
"2",60,"3",0,"2","2","3","1","2",1,0,0,1,"2",60,"2","3","3",22832.001353,0.3
"2",70,"3",0,"1","1","3","1","2",1,0,0,1,"2",70,"1","3","3",34581.588793,1.02
"1",22,"4",0,"1","1","4","1","2",6,0,3,0,"1",37,"1","3","3",21438.505508,0.63
"1",80,"3",0,"1","1","3","1","2",2,0,0,2,"2",79,"1","3","1",34201.668854,1.93
"1",48,"3",0,"1","1","3","1","2",3,1,0,0,"1",48,"1","3","1",13999.524327,1.82
"1",43,"3",0,"1","1","3","1","2",3,1,0,0,"2",38,"2","4","1",83143.826186,2.32
"2",29,"4",0,"1","1","2","1","2",2,0,0,0,"2",29,"1","2","5",36078.148158,1.61
"1",51,"3",0,"2","1","5","1","2",1,0,0,0,"1",51,"2","5","2",119233.822129,3.68
"1",22,"3",0,"1","1","5","1","2",1,0,0,0,"1",22,"1","5","5",90436.00364,0.06
"1",71,"3",0,"1","1","4","1","2",2,0,0,2,"1",71,"1","4","1",51435.39666,3.81
"2",78,"3",0,"1","1","2","1","2",1,0,0,1,"2",78,"1","2","2",36934.948142,1.04
"2",44,"6",0,"2","2","5","1","2",4,1,1,0,"2",44,"2","5","1",25717.184334,2.02
"1",54,"2",1,"1","1","4","1","2",3,0,0,0,"2",58,"1","4","1",25643.026959,1.54
"2",41,"4",0,"1","1","4","1","2",3,0,0,2,"1",80,"2","3","1",20217.247797,4.06
"2",57,"6",0,"2","2","2","1","1",5,1,0,1,"2",57,"2","2","1",12566.144373,2.18
"2",20,"4",0,"1","1","2","1","2",7,2,3,2,"1",75,"1","2","1",20371.854347,0.48
"2",70,"3",0,"1","1","4","1","2",2,0,0,2,"1",73,"1","2","1",21936.519156,0.97
"1",31,"6",0,"1","1","4","1","2",4,2,0,0,"1",31,"1","4","1",19246.462192,2.1
"1",63,"3",1,"1","1","2","1","2",2,0,0,2,"1",63,"1","2","5",20324.469673,1.27
"1",36,"3",0,"1","1","4","1","2",3,0,1,0,"1",36,"1","4","1",86131.15574,5
"1",46,"6",0,"2","1","5","1","2",7,0,3,2,"1",46,"2","5","1",16575.424742,3.93
"1",33,"4",0,"1","1","3","1","2",7,1,4,0,"1",33,"1","3","1",19002.379497,0.56
"1",59,"3",0,"1","1","4","1","2",1,0,0,0,"1",59,"1","4","3",22232.599185,0.66
"1",21,"4",0,"1","1","4","1","2",3,0,0,0,"1",49,"1","3","1",40758.69895,3.49
"2",60,"1",0,"2","1","1","2","2",3,0,0,3,"1",66,"2","1","1",15239.155551,1.02
"2",22,"2",0,"1","1","4","1","2",2,0,0,0,"1",24,"1","4","1",56411.515499,1.91
"2",57,"6",0,"2","1","4","1","2",3,0,1,0,"1",57,"2","5","1",13360.435378,5
"2",21,"2",0,"1","1","4","1","2",2,0,0,0,"2",55,"2","4","3",39586.91991,1.93
"2",61,"3",0,"1","1","4","1","2",2,0,0,1,"1",33,"1","3","5",43834.785314,4.51
"1",64,"6",0,"2","1","1","1","1",7,2,2,1,"2",30,"1","3","1",13285.053009,0.51
"1",50,"6",0,"2","1","5","1","2",3,0,0,0,"1",50,"2","5","1",14258.02853,3.03
"1",51,"1",0,"1","1","1","1","2",1,0,0,0,"1",51,"1","1","3",24978.144602,1.74
"1",69,"3",0,"1","1","3","1","2",2,0,0,2,"1",69,"1","3","1",111519.206155,5
"1",65,"4",0,"1","1","4","1","2",1,0,0,2,"1",65,"1","4","6",9792.850833,5
"2",28,"7",0,"1","1","3","1","2",5,1,3,0,"2",28,"1","3","5",31377.385861,1.07
"2",55,"3",0,"1","1","3","1","2",1,0,0,0,"2",55,"1","3","3",29756.246062,0.43
"2",25,"3",0,"1","1","1","1","2",1,1,2,0,"2",29,"1","1","5",27339.111802,0.82
"1",40,"4",1,"1","1","4","1","2",6,1,2,0,"1",40,"1","4","1",25357.169268,1.27
"1",66,"2",0,"2","2","3","1","2",2,0,0,2,"1",66,"2","3","1",15696.108911,2.03
"1",37,"3",0,"1","1","4","1","2",5,0,3,0,"1",37,"1","4","1",106819.654572,2.18
"1",21,"7",0,"1","1","5","1","2",3,0,0,2,"2",60,"1","5","1",20268.203478,5
"2",24,"6",0,"2","1","4","1","2",4,0,0,2,"1",67,"1","5","1",37144.711607,4.61
"2",61,"3",0,"1","1","4","1","2",2,0,0,2,"1",61,"1","5","1",114669.582778,2.26
"1",28,"1",1,"1","1","4","1","2",1,0,0,0,"1",28,"1","4","5",47834.841439,1.97
"1",47,"4",1,"1","1","4","1","2",2,0,0,0,"2",48,"1","3","1",22737.96647,1.91
"2",50,"1",0,"2","2","2","2","2",5,1,1,0,"1",50,"2","2","1",25479.456602,1.63
"1",35,"3",0,"1","1","3","1","2",5,1,2,0,"2",33,"2","3","1",82260.081265,1.97
"1",64,"4",0,"2","1","4","1","2",1,0,0,1,"1",64,"2","4","1",9435.479756,0.94
"1",56,"4",0,"1","1","4","1","2",1,0,0,0,"1",56,"1","4","5",16626.531322,4.28
"1",37,"3",0,"1","1","3","1","2",3,0,1,0,"2",40,"1","3","1",93858.564581,1.26
"1",48,"4",0,"1","1","5","1","2",1,0,0,0,"1",48,"1","5","3",20952.09579,4.79
"2",20,"1",0,"1","1","3","1","2",1,0,0,0,"2",20,"1","3","5",48113.943758,3.86
"1",63,"3",1,"1","1","4","1","2",2,0,0,2,"1",63,"1","4","1",127710.787074,3.87
"2",67,"4",0,"1","1","4","1","2",4,0,0,2,"1",67,"1","3","1",18270.315293,3.35
"1",31,"1",0,"2","1","3","1","2",4,1,1,0,"1",31,"2","3","1",40094.587987,3.61
"2",32,"6",0,"2","1","5","1","2",1,0,0,0,"2",32,"2","5","6",18100.496948,3.92
"2",61,"3",0,"1","1","5","1","2",2,0,0,2,"2",61,"1","5","1",101153.817481,4.13
"2",39,"4",0,"1","1","5","1","2",3,0,1,0,"1",40,"2","5","1",27591.252041,5
"2",44,"3",0,"1","1","4","1","2",6,0,3,0,"1",41,"1","3","6",69669.86105,3.13
"2",68,"2",0,"2","1","3","1","2",2,0,0,2,"1",68,"2","4","1",17406.322197,5
"2",53,"1",0,"2","1","5","1","2",3,0,0,0,"1",56,"2","5","1",22598.987599,2.61
"2",56,"3",0,"1","1","5","1","2",2,0,0,0,"1",52,"1","5","1",101132.250586,5
"2",80,"1",0,"2","1","1","1","2",3,0,0,1,"2",80,"2","1","2",13342.386652,1.33
"1",39,"1",0,"1","1","3","1","2",4,0,0,1,"2",56,"1","4","3",56918.367142,2.63
"2",21,"3",0,"2","1","2","1","2",6,2,0,1,"2",68,"1","4","2",36155.547774,0.63
"2",42,"4",0,"1","1","4","1","2",1,0,0,0,"2",42,"1","4","6",29608.593236,1.13
"2",39,"6",0,"2","2","5","1","2",5,1,2,0,"2",39,"2","5","1",26929.892939,5
"2",22,"6",0,"1","1","4","1","2",3,1,0,0,"1",23,"1","3","6",27235.329312,1.54
"2",80,"4",0,"1","1","4","1","2",1,0,0,1,"2",80,"1","4","2",22181.980752,0.78
"1",80,"3",1,"1","1","5","1","2",2,0,0,2,"2",80,"1","2","1",12484.178482,2.9
"1",80,"3",1,"1","1","3","1","2",2,0,0,2,"1",80,"1","3","1",32307.180593,1.93
"2",37,"1",0,"2","2","2","2","2",4,0,1,0,"1",43,"2","3","1",47111.891835,1.06
"2",39,"4",0,"2","1","4","1","2",3,0,0,1,"1",79,"2","3","4",25374.84047,1.77
"1",56,"4",0,"1","1","2","1","2",7,0,1,0,"2",57,"1","1","5",25570.743078,0.57
"1",40,"2",0,"2","2","1","2","2",2,0,1,0,"2",30,"2","2","1",22921.482522,0.03
"2",36,"3",0,"1","1","4","1","2",4,1,1,0,"1",56,"1","4","1",69238.711369,2.34
"2",53,"3",0,"1","1","4","1","2",1,0,0,0,"2",53,"1","4","3",28394.882798,1.03
"2",64,"3",0,"1","1","4","1","2",1,0,0,1,"2",64,"1","4","2",104766.45382,1.71
"2",46,"6",0,"2","1","4","1","2",4,0,2,0,"2",46,"2","4","1",14607.937261,4.03
"2",45,"1",0,"2","1","1","2","2",4,0,1,0,"1",48,"2","3","1",37529.407865,1.7
"2",37,"3",0,"1","1","3","1","2",6,1,1,1,"1",45,"1","3","1",22445.481682,0.88
"2",27,"4",0,"1","1","4","1","2",4,1,1,0,"2",27,"1","4","5",39290.220861,1.09
"2",66,"1",0,"1","1","4","1","2",2,0,0,2,"2",66,"1","4","1",22017.522842,5
"1",23,"3",0,"1","1","3","1","2",1,0,0,0,"2",21,"1","3","6",34142.229142,2.06
"1",35,"3",0,"1","1","2","1","2",7,3,3,2,"1",60,"1","2","1",20075.300868,0.43
"2",70,"3",0,"1","1","4","1","2",2,0,0,1,"2",70,"1","4","3",54972.041423,2.26
"1",27,"3",0,"1","1","5","1","2",1,0,0,0,"1",27,"1","5","5",62218.058951,2.61
"1",44,"3",0,"1","1","4","1","2",3,0,1,0,"1",44,"1","4","1",100857.701196,5
"1",41,"3",0,"1","1","4","1","2",4,0,1,0,"2",37,"1","2","1",81254.69147,4.19
"2",71,"4",0,"1","1","3","1","2",1,0,0,1,"2",71,"1","3","3",31752.034297,0.43
"1",53,"3",0,"1","1","5","1","2",4,0,0,0,"1",53,"1","5","1",139320.855635,5
"1",37,"1",0,"2","2","1","2","2",7,2,4,0,"1",37,"2","1","1",37665.25833,1.34
"1",53,"3",1,"1","1","4","1","2",4,0,0,0,"1",53,"1","4","1",104153.99809,5
"2",55,"3",0,"1","1","5","1","2",2,0,0,0,"1",57,"1","5","1",110148.142573,5
"2",27,"6",0,"2","2","5","1","2",2,0,0,0,"2",27,"2","5","1",39887.073393,5
"2",70,"3",0,"1","1","3","1","2",2,0,0,2,"1",72,"1","3","1",60930.567291,1.55
"1",77,"3",0,"1","1","3","1","2",2,0,0,2,"1",77,"1","3","1",55495.612786,3.35
"2",20,"2",0,"1","1","4","1","2",4,0,1,0,"1",53,"2","5","1",29272.069058,5
"1",80,"7",0,"2","1","2","1","2",3,0,0,3,"1",80,"2","2","1",12808.345484,1.79
"2",79,"4",0,"1","1","3","1","2",2,0,0,1,"2",79,"1","3","3",17362.511974,0.45
"2",40,"3",0,"1","1","3","1","2",3,0,1,0,"2",40,"1","3","1",99645.667886,1.26
"1",65,"1",0,"2","1","1","2","2",3,0,0,1,"1",65,"2","1","1",11563.524033,1.43
"1",72,"4",1,"1","1","5","1","2",3,0,0,1,"1",72,"1","5","2",11824.556541,4.04
"2",31,"6",0,"2","2","5","1","2",1,0,0,0,"2",31,"2","5","1",23267.257633,1.37
"1",24,"2",0,"1","1","3","1","2",6,0,1,0,"1",56,"2","3","1",27352.600441,0.49
"2",51,"3",0,"1","1","4","1","2",3,0,0,0,"2",51,"1","4","1",21540.570755,1.21
"1",46,"3",0,"1","1","4","1","2",5,0,3,0,"1",46,"1","4","1",77446.959241,3.48
"1",29,"3",0,"1","1","5","1","2",4,2,0,0,"1",29,"1","5","1",90436.00364,2.94
"2",34,"4",0,"1","1","4","1","2",4,1,1,0,"2",34,"1","4","1",28203.606187,3.82
"1",41,"3",0,"1","1","4","1","2",4,2,0,0,"1",41,"1","4","1",26291.543742,0.59
"2",30,"1",0,"2","2","1","2","2",3,1,0,0,"1",38,"2","3","1",41973.321,0.18
"1",24,"3",0,"1","1","5","1","2",3,0,0,2,"1",61,"1","5","1",71075.53548,5
"2",56,"4",0,"1","1","3","1","2",7,1,4,0,"2",56,"1","3","3",20238.646751,0.48
"2",64,"3",0,"1","1","4","1","2",1,0,0,1,"2",64,"1","4","3",70442.684021,3.92
"2",80,"3",0,"1","1","4","1","2",2,0,0,2,"1",80,"1","4","1",52965.381469,3.87
"1",29,"4",0,"1","1","3","1","2",5,3,0,0,"2",26,"1","3","1",32665.105027,0.83
"1",75,"3",0,"1","1","5","1","2",1,0,0,1,"1",75,"1","5","3",34620.479077,1.09
"1",58,"1",0,"2","1","1","1","2",7,0,4,1,"2",64,"1","3","1",16347.065312,0.68
"1",43,"4",0,"1","1","4","1","2",4,1,1,0,"2",34,"1","4","1",25617.122363,3.82
"1",60,"7",1,"2","1","4","1","1",5,0,0,1,"1",60,"2","4","1",16995.351731,1.55
"2",64,"4",0,"1","1","4","1","2",1,0,0,1,"2",64,"1","4","5",32211.422577,0.86
"1",37,"1",0,"2","2","2","1","2",7,1,2,1,"1",62,"2","1","1",49350.716112,3.79
"2",45,"3",0,"1","1","5","1","2",4,2,0,0,"1",48,"1","5","1",85580.848244,5
"1",37,"3",0,"1","1","4","1","2",7,0,4,2,"2",65,"1","3","1",14701.061755,0.67
"2",64,"4",0,"1","1","4","1","2",6,0,3,1,"2",44,"1","5","1",10441.921057,4.38
"2",41,"4",0,"1","1","4","1","2",6,1,2,0,"1",40,"1","4","1",26326.594433,1.27
"2",46,"3",0,"1","1","1","1","2",3,0,0,0,"2",46,"1","1","1",21378.812628,0.42
"2",47,"3",0,"1","1","3","1","2",2,0,0,0,"1",48,"1","3","1",86527.837647,4.77
"1",41,"2",0,"2","2","3","2","2",6,1,0,1,"1",80,"1","3","1",22173.26924,2.15
"2",43,"6",0,"2","2","5","1","2",3,0,1,1,"2",66,"2","2","2",14490.182751,2.58
"2",37,"1",0,"2","1","5","1","2",4,1,1,0,"1",38,"1","3","1",26393.469053,4.4
"1",76,"3",1,"1","1","4","1","2",2,0,0,2,"2",73,"1","4","1",60448.852005,3.81
"2",38,"2",0,"2","1","3","1","2",6,0,3,2,"1",70,"2","1","2",34818.276515,2.19
"1",68,"3",0,"1","1","3","1","2",2,0,0,2,"1",68,"1","3","1",118652.097469,1.91
"2",38,"3",0,"2","2","2","1","2",3,0,1,0,"2",38,"2","2","3",29118.060185,0.91
"2",67,"2",0,"2","1","1","2","2",6,2,1,1,"2",39,"2","5","1",17459.625041,3.48
"2",42,"4",0,"1","1","4","1","2",4,0,1,0,"2",42,"1","4","5",36482.560021,1.47
"1",29,"7",0,"1","1","5","1","2",2,0,0,0,"2",28,"1","3","1",29663.265925,5
"1",38,"1",0,"1","1","5","1","2",3,0,0,0,"2",39,"1","5","6",40249.3991,2.05
"1",27,"3",1,"1","1","3","1","2",3,1,0,0,"1",27,"1","3","6",88417.190378,2.02
"2",56,"3",0,"1","1","4","1","2",1,0,0,0,"2",56,"1","4","3",110148.142573,5
"1",47,"3",0,"1","1","4","1","2",4,0,1,0,"2",45,"1","4","1",18243.199711,1.21
"1",78,"3",1,"1","1","5","1","2",2,0,0,2,"2",73,"1","4","1",105755.909595,1.77
"2",67,"3",0,"1","1","3","1","2",1,0,0,1,"2",67,"1","3","4",32523.076806,0.69
"2",63,"6",0,"2","1","1","1","1",4,1,0,2,"1",67,"2","1","1",9697.468779,2.73
"2",65,"3",0,"1","1","4","1","2",2,0,0,2,"2",65,"1","4","1",64533.468907,5
"1",67,"4",0,"1","1","5","1","2",3,0,0,2,"1",67,"1","5","1",10133.822919,2.02
"1",77,"2",0,"2","2","1","2","2",6,0,0,1,"1",53,"2","4","1",12750.656464,3.17
"2",36,"4",0,"1","1","3","1","2",6,0,4,0,"1",40,"1","3","1",27388.92069,1.44
"2",61,"2",0,"2","1","3","1","2",1,0,0,1,"2",61,"2","3","2",10950.248806,0.74
"2",52,"3",0,"1","1","2","1","2",1,0,0,0,"2",52,"1","2","3",24652.580005,1.57
"2",28,"1",0,"2","2","1","2","2",2,0,0,0,"2",28,"2","1","1",40847.327849,1.61
"2",55,"4",0,"1","1","4","1","2",1,0,0,0,"2",55,"1","4","3",23074.938163,3.05
"2",50,"3",0,"1","1","5","1","2",5,0,1,0,"2",50,"1","5","1",81787.855186,4.48
"2",66,"3",0,"1","1","4","1","2",2,0,0,2,"1",68,"1","3","1",98127.7155,1.91
"1",33,"3",0,"1","1","4","1","2",5,3,0,0,"1",33,"1","4","1",82956.427256,0.93
"2",28,"4",0,"1","1","2","1","2",4,0,1,1,"2",76,"1","1","5",20511.527517,0.34
"2",70,"3",0,"1","1","5","1","2",2,0,0,2,"1",79,"1","5","1",48194.233481,2.9
"1",51,"3",1,"1","1","4","1","2",3,0,0,0,"2",48,"1","4","1",27076.665719,1.16
"2",26,"2",0,"2","2","2","2","2",3,1,0,0,"2",26,"2","2","1",30894.716415,0.87
"2",61,"1",0,"1","1","5","1","2",3,0,0,2,"1",61,"1","4","1",11629.787295,5
"1",23,"7",0,"2","2","5","1","2",6,0,1,0,"2",42,"2","3","1",13857.987877,1.56
"2",28,"4",0,"1","1","2","1","2",5,0,3,0,"2",28,"1","2","6",30571.921215,0.29
"2",63,"4",0,"1","1","3","1","2",2,0,0,2,"1",73,"1","2","1",29774.018492,2.69
"1",80,"3",0,"1","1","5","1","2",3,0,0,2,"1",80,"1","5","2",25954.195006,2.78
"1",27,"3",0,"2","2","5","1","1",3,1,0,0,"1",27,"2","5","1",65105.967786,1.23
"2",44,"4",1,"1","1","5","1","2",6,0,3,1,"2",44,"1","5","1",20894.648424,4.38
"1",63,"2",1,"1","1","4","1","2",3,0,0,2,"1",63,"1","4","1",11140.687817,1.13
"1",66,"1",0,"2","2","1","2","2",3,0,1,1,"1",66,"2","1","1",12415.39695,1.62
"2",23,"4",0,"1","1","3","1","2",6,1,3,0,"2",35,"1","2","5",23735.203518,0.57
"1",61,"2",0,"2","1","1","1","2",1,0,0,1,"1",61,"2","1","3",18814.734899,0.75
"1",30,"3",0,"1","1","5","1","2",5,2,0,0,"1",30,"1","5","1",72540.897729,5
"2",41,"3",0,"1","1","5","1","2",1,0,0,0,"2",41,"1","5","5",113405.908888,4.18
"1",46,"3",0,"1","1","4","1","2",3,0,0,0,"1",46,"1","4","3",18962.398876,1.47
"2",56,"2",0,"2","1","4","2","2",3,0,0,1,"1",61,"2","5","1",18410.675167,3.84
"2",76,"3",0,"1","1","5","1","2",1,0,0,1,"2",76,"1","5","3",53419.712979,5
"2",60,"4",0,"2","1","4","1","2",2,0,0,1,"1",57,"2","4","1",17833.992838,4.19
"1",67,"6",0,"2","2","3","1","1",6,1,1,2,"2",37,"2","5","1",8103.198164,5
"2",47,"6",0,"1","1","5","1","2",4,0,2,0,"2",47,"1","5","1",18845.22475,5
"1",47,"4",0,"1","1","3","1","2",5,0,2,0,"1",47,"1","3","1",22813.425611,1.04
"2",40,"4",0,"1","1","4","1","2",4,0,2,0,"1",49,"1","4","1",38446.25862,4.19
"2",50,"4",0,"1","1","5","1","2",2,0,0,1,"2",50,"1","5","1",28071.880125,5
"1",44,"3",0,"1","1","3","1","2",2,0,1,0,"1",44,"1","3","2",26610.291265,1.18
"2",80,"3",0,"1","1","3","1","2",3,0,0,2,"1",80,"1","3","1",19656.774527,0.71
"2",71,"1",0,"1","1","1","1","2",5,1,0,1,"1",45,"1","2","4",15200.800549,1.07
"1",50,"3",0,"1","1","3","1","2",4,0,2,0,"2",44,"1","4","1",115901.298445,2.31
"1",28,"3",0,"1","1","3","1","2",1,0,0,0,"1",28,"1","3","3",81284.280828,4.35
"1",20,"3",0,"1","1","2","1","2",5,0,1,0,"2",50,"1","5","1",65583.619827,4.48
"1",55,"3",0,"1","1","4","1","2",1,0,0,0,"2",53,"1","3","3",113750.835861,0.26
"2",36,"4",0,"2","2","4","1","2",4,0,3,0,"2",36,"2","4","5",28567.295349,1.27
"2",58,"4",0,"1","1","5","1","2",1,0,0,0,"2",58,"1","5","2",21819.374866,5
"2",56,"1",0,"1","1","1","1","2",2,0,0,1,"2",56,"1","1","1",20199.008824,1.29
"1",20,"4",0,"1","1","4","1","2",2,0,0,0,"2",40,"1","4","5",24511.409395,0.7
"2",80,"3",0,"1","1","5","1","2",2,0,0,2,"2",80,"1","5","1",41762.870657,4.19
"1",43,"3",0,"1","1","3","1","2",1,0,0,0,"2",53,"1","3","3",102341.831273,0.17
"2",73,"2",0,"1","1","2","1","2",1,0,0,1,"2",73,"1","2","4",17733.189445,0.78
"2",80,"3",0,"1","1","3","1","2",1,0,0,1,"2",80,"1","3","2",58594.123256,1.03
"2",44,"6",0,"2","2","4","1","2",3,0,1,0,"1",50,"2","5","1",18845.22475,5
"1",63,"4",0,"1","1","3","1","2",1,0,0,1,"1",63,"1","3","2",10642.211998,1.31
"1",34,"3",0,"2","1","3","1","2",4,0,2,0,"2",32,"1","4","1",20761.870665,0.82
"2",39,"6",0,"2","2","5","1","1",3,0,1,0,"2",39,"2","5","1",28153.978982,5
"2",52,"1",0,"1","1","3","1","2",2,0,0,0,"2",52,"1","3","2",23488.20094,5
"1",35,"1",0,"2","1","2","1","2",5,1,2,0,"1",35,"2","2","1",39581.649428,0.98
"2",41,"2",0,"2","1","4","1","2",3,0,1,0,"1",42,"2","5","6",26395.520595,5
"2",63,"3",0,"1","1","3","1","2",2,0,0,2,"2",63,"1","3","1",62890.947134,3.94
"2",20,"4",0,"1","1","2","1","2",5,1,0,0,"2",36,"1","2","1",23735.203518,0.54
"2",45,"3",0,"1","1","4","1","2",2,0,0,0,"2",45,"1","4","1",79004.83557,5
"2",27,"2",0,"1","1","5","1","2",1,0,0,0,"2",27,"1","5","5",36726.877091,2.61
"1",54,"4",1,"1","1","3","1","2",6,0,1,2,"2",77,"1","3","1",19584.305884,0.75
"2",22,"3",0,"1","1","4","1","2",3,0,0,0,"2",22,"1","4","5",106637.949613,2.43
"2",24,"3",0,"1","1","2","1","2",6,2,1,0,"2",24,"1","2","6",32937.437218,1.13
"2",71,"3",0,"1","1","2","1","2",2,0,0,2,"1",72,"1","4","1",71306.957455,2.67
"2",68,"3",0,"1","1","4","1","2",6,2,0,1,"2",68,"1","4","2",25196.487031,0.63
"2",71,"1",0,"2","1","1","1","2",1,0,0,1,"2",71,"2","1","2",15174.746412,1.17
"1",52,"3",0,"1","1","5","1","2",3,0,1,0,"2",50,"1","5","1",70039.854864,5
"1",30,"3",0,"1","1","5","1","2",1,0,0,0,"1",30,"1","5","5",77244.539992,1.65
"1",68,"4",0,"1","1","1","1","2",1,0,0,1,"1",68,"1","1","2",8587.188094,3.05
"1",75,"3",0,"2","2","4","1","1",2,0,0,2,"1",75,"2","4","1",16099.393371,0.57
"1",61,"1",1,"1","1","5","1","2",2,0,0,1,"1",61,"1","5","1",12296.327439,5
"2",54,"4",0,"1","1","5","1","2",2,0,0,0,"2",54,"1","5","1",31377.193396,3.94
"2",74,"3",0,"1","1","5","1","2",1,0,0,1,"2",74,"1","5","3",71105.410659,2.18
"1",23,"4",0,"1","1","2","1","2",4,0,1,0,"2",31,"1","4","1",31383.094745,3.1
"1",36,"1",0,"2","2","1","2","2",5,2,1,0,"1",36,"2","1","1",45310.15341,1.81
"1",28,"3",0,"1","1","3","1","2",2,0,0,0,"2",47,"1","2","3",20167.627682,0.54
"2",43,"3",0,"1","1","2","1","2",2,0,0,0,"1",52,"2","4","1",79642.200336,3.16
"1",44,"4",1,"1","1","5","1","2",4,0,2,0,"2",44,"1","5","1",23568.774431,5
"2",52,"3",0,"2","1","3","1","2",3,0,0,1,"1",60,"1","4","1",118279.709947,5
"2",52,"6",0,"2","1","5","1","1",4,0,0,0,"1",56,"2","4","1",15701.284236,5
"2",80,"3",0,"2","1","4","1","2",1,0,0,1,"2",80,"2","4","2",39615.929143,2.96
"2",50,"3",0,"1","1","3","1","2",1,0,0,0,"2",50,"1","3","3",27040.655637,1.22
"1",58,"3",0,"1","1","5","1","2",1,0,0,0,"1",58,"1","5","5",17386.370587,0.09
"2",54,"4",0,"1","1","4","1","2",1,0,0,0,"2",54,"1","4","3",31579.521317,1.2
"1",64,"1",0,"1","1","4","1","2",2,0,0,2,"2",62,"1","4","1",18961.371824,4.19
"1",80,"3",1,"1","1","5","1","2",2,0,0,2,"1",80,"1","5","1",27937.28961,4.93
"1",61,"1",0,"2","1","1","2","2",5,0,2,1,"1",61,"2","1","1",13846.32795,1.2
"2",45,"4",0,"1","1","5","1","2",3,0,0,0,"1",54,"1","4","1",43123.22488,1.33
"1",44,"4",0,"1","1","2","1","2",7,3,4,0,"2",41,"1","2","1",25293.34852,0.07
"2",42,"3",0,"1","1","4","1","2",4,0,1,0,"2",42,"1","4","1",59622.58062,5
"1",32,"4",0,"1","1","4","1","2",5,0,3,0,"2",35,"1","4","1",22404.751661,1.45
"2",54,"4",0,"1","1","3","1","2",2,0,0,0,"2",54,"1","3","5",31107.893005,0.95
"2",48,"3",0,"1","1","2","1","2",2,0,0,0,"2",48,"1","2","5",28942.366714,0.55
"1",68,"4",1,"1","1","5","1","2",2,0,0,2,"2",62,"1","4","1",10631.757338,4.84
"1",41,"3",0,"1","1","3","1","2",6,0,3,0,"1",41,"1","3","6",77005.896456,3.13
"2",34,"3",0,"1","1","4","1","2",4,0,1,1,"2",34,"1","4","5",66745.514133,5
"2",52,"3",0,"1","1","5","1","2",4,0,1,0,"2",52,"1","5","1",110148.142573,5
"1",65,"3",0,"1","1","5","1","2",2,0,0,2,"1",65,"1","5","1",124110.61524,5
"1",31,"6",0,"2","2","5","1","2",3,1,0,0,"2",31,"2","5","1",18665.694771,2.32
"1",80,"3",1,"1","1","5","1","2",2,0,0,2,"1",80,"1","5","1",14101.646153,5
"2",21,"3",0,"1","1","3","1","2",5,1,0,0,"1",55,"1","3","1",82386.338565,1.79
"2",74,"2",0,"2","1","3","1","2",3,0,0,2,"1",80,"2","3","1",9400.697658,4.06
"2",35,"1",0,"2","2","1","2","2",7,0,0,0,"2",39,"2","1","1",23018.76866,1.94
"2",31,"3",0,"1","1","5","1","2",5,2,0,0,"1",30,"1","5","1",71292.263545,5
"1",43,"1",0,"2","2","1","2","2",2,0,0,0,"1",43,"2","1","3",45268.572702,3.81
"2",51,"1",0,"1","1","4","1","2",5,0,2,0,"2",39,"1","4","4",17684.902868,2.14
"1",48,"6",0,"2","1","5","1","2",4,1,1,0,"2",40,"2","5","1",18518.824595,1.68
"1",26,"1",0,"2","2","2","2","2",6,2,0,0,"2",24,"2","3","6",33552.013091,1.04
"2",36,"6",0,"2","1","5","1","2",3,1,0,0,"2",36,"2","5","1",25405.817115,5
"1",30,"3",0,"1","1","5","1","2",1,0,0,0,"2",23,"1","4","5",16306.556927,1.74
"1",80,"7",1,"1","1","4","1","2",6,1,0,1,"2",55,"1","5","1",37442.300964,5
"2",53,"2",0,"1","1","5","1","2",3,0,1,0,"2",53,"1","5","3",17073.788816,5
"1",27,"2",0,"2","1","3","2","2",1,0,0,0,"1",27,"2","3","6",35637.267692,1.71
"1",80,"3",1,"1","1","3","1","2",3,0,0,1,"1",80,"1","3","2",43273.98458,2.15
"2",60,"4",0,"1","1","2","1","2",3,0,0,2,"2",60,"1","2","1",17335.45798,1.82
"2",76,"2",0,"2","1","1","1","2",3,0,0,2,"1",76,"2","4","1",10615.182642,1.54
"2",27,"6",0,"1","1","5","1","2",4,0,0,2,"1",60,"2","5","1",22325.159998,2.31
"2",39,"3",0,"1","1","3","1","2",5,2,1,0,"1",39,"1","3","1",72403.311808,2.15
"2",46,"3",0,"1","1","4","1","2",3,0,0,0,"2",46,"1","4","3",18310.246982,3.17
"2",55,"3",0,"1","1","2","1","2",1,0,0,0,"2",55,"1","2","6",21305.084054,0.44
"2",36,"3",0,"1","1","5","1","2",5,3,0,0,"1",36,"1","5","1",54294.901447,5
"2",80,"6",0,"2","2","1","1","2",5,0,2,1,"1",40,"2","2","1",24968.663008,4.35
"1",44,"4",0,"1","1","3","1","2",6,0,0,2,"2",66,"1","2","5",26354.381238,0.33
"1",34,"3",0,"1","1","5","1","2",1,0,0,0,"1",34,"1","5","3",22932.56598,5
"2",28,"1",0,"1","1","4","1","2",5,1,0,1,"2",28,"1","4","5",19370.330115,0.54
"1",78,"4",0,"2","1","3","1","2",2,0,0,2,"1",78,"2","3","1",15005.531761,0.42
"2",35,"3",0,"1","1","5","1","2",4,0,2,0,"2",35,"1","5","1",46171.598386,5
"2",22,"4",0,"1","1","3","1","2",6,0,4,0,"2",38,"2","4","3",21940.128556,1.33
"1",66,"4",0,"1","1","5","1","2",2,0,0,2,"1",66,"1","5","1",10631.757338,5
"1",28,"3",0,"1","1","5","1","2",1,0,0,0,"1",28,"1","5","5",77610.834877,5
"2",62,"2",0,"2","1","4","1","2",4,0,1,1,"2",62,"2","4","1",13530.848271,1.44
"2",27,"3",0,"1","1","3","1","2",1,0,0,0,"2",27,"1","3","5",72205.619595,1.71
"2",64,"4",0,"1","1","3","1","2",1,0,0,1,"2",64,"1","3","3",20531.722188,2.61
"2",47,"3",0,"1","1","5","1","2",4,0,2,0,"2",47,"1","5","1",89307.342969,3.4
"2",28,"4",0,"2","2","3","1","2",6,1,3,0,"2",28,"2","3","1",21940.128556,0.32
"1",78,"4",1,"1","1","1","1","2",1,0,0,1,"1",78,"1","1","4",9090.294286,1.04
"2",67,"1",0,"2","1","4","2","2",2,0,0,1,"2",67,"2","4","3",10878.008346,1.61
"1",25,"3",0,"1","1","4","1","2",4,0,0,0,"2",22,"1","2","1",34831.110476,0.85
"2",60,"4",0,"1","1","3","1","2",2,0,0,1,"1",58,"1","3","1",17833.992838,2.06
"2",34,"7",0,"1","1","5","1","2",5,2,1,0,"2",34,"1","5","1",107737.369017,2.47
"2",49,"2",0,"1","1","4","1","2",1,0,0,0,"2",49,"1","4","3",19421.851122,3.86
"1",39,"3",1,"1","1","3","1","2",2,0,0,0,"1",39,"1","3","1",97605.231808,2.54
"2",26,"2",0,"2","2","3","1","2",2,0,0,0,"1",26,"2","2","1",34454.711024,1.93
"2",38,"3",0,"1","1","4","1","2",1,0,1,0,"2",38,"1","4","2",25475.030114,1.71
"2",37,"3",0,"1","1","4","1","2",3,1,1,0,"2",37,"1","4","5",25480.382387,0.59
"1",53,"3",1,"2","1","5","1","2",5,0,3,0,"1",53,"2","5","1",24960.290688,1.11
"2",29,"1",0,"1","1","4","1","2",5,0,2,1,"2",29,"1","4","5",30099.494157,0.71
"1",71,"3",0,"2","1","5","1","2",2,0,0,2,"1",71,"2","5","1",55327.202768,5
"2",30,"3",0,"1","1","4","1","2",4,0,2,0,"1",36,"2","2","1",24427.40549,1.06
"1",62,"2",0,"2","1","4","2","2",2,0,0,1,"1",62,"2","4","3",14560.589535,1.35
"2",55,"2",0,"2","2","2","2","2",4,0,0,1,"1",60,"2","3","1",31263.197044,1.12
"1",80,"3",1,"1","1","5","1","2",2,0,0,2,"2",80,"1","4","1",22208.518877,5
"1",33,"7",0,"1","1","5","1","2",4,0,2,0,"1",33,"1","5","6",19590.590982,5
"2",65,"3",0,"1","1","4","1","2",1,0,0,1,"2",65,"1","4","3",77685.526949,3.05
"2",32,"3",0,"1","1","4","1","2",6,1,2,0,"1",40,"1","4","1",24123.656641,1.09
"2",74,"3",0,"1","1","4","1","2",2,0,0,2,"1",73,"1","3","1",77762.916638,1.55
"1",51,"3",0,"1","1","2","1","2",1,0,0,0,"2",50,"1","4","1",26156.803734,0.69
"1",21,"3",0,"1","1","4","1","2",1,0,0,0,"1",21,"1","4","5",35395.408982,1.03
"1",55,"4",1,"1","1","4","1","2",2,0,0,1,"1",55,"1","4","1",22961.016712,4.64
"1",43,"3",0,"1","1","5","1","2",5,0,2,0,"1",55,"1","5","6",50832.77301,5
"1",80,"6",0,"2","1","5","1","2",1,0,0,1,"1",80,"2","5","5",14379.870926,5
"2",69,"1",0,"2","1","1","2","2",4,1,0,1,"2",33,"1","4","1",15239.155551,1.91
"2",34,"3",0,"1","1","5","1","2",3,1,1,0,"2",34,"1","5","4",27397.243211,0.31
"1",80,"3",1,"1","1","4","1","2",2,0,0,1,"1",80,"1","4","2",13998.289096,1.21
"1",79,"4",1,"1","1","1","1","2",1,0,0,1,"1",79,"1","1","3",7721.874241,2.09
"2",80,"2",0,"1","1","2","1","2",2,0,0,1,"2",80,"1","2","2",13036.074129,2.06
"2",52,"7",0,"1","1","2","1","2",4,0,0,1,"2",52,"1","2","5",32977.447451,1.04
"1",74,"4",1,"1","1","4","1","2",5,1,0,2,"1",74,"1","4","1",19006.997633,1.27
"1",41,"1",0,"2","1","3","1","2",4,0,0,0,"1",41,"2","3","1",24131.107707,4.71
"2",60,"3",0,"1","1","5","1","2",2,0,0,1,"2",60,"1","5","1",109112.310667,5
"1",20,"3",0,"1","1","4","1","2",3,0,0,0,"1",51,"1","5","1",92589.241822,5
"2",66,"4",0,"1","1","3","1","2",3,0,1,1,"2",66,"1","3","5",15333.439922,0.46
"1",46,"2",0,"2","2","3","2","2",5,1,2,0,"1",46,"2","3","6",26654.6478,0.58
"2",80,"1",0,"2","2","1","2","2",1,0,0,1,"2",80,"2","1","2",15174.746412,0.73
"2",80,"2",0,"1","1","3","1","2",3,0,0,2,"2",57,"1","5","1",9256.428024,2.56
"1",75,"3",1,"1","1","2","1","2",4,1,0,1,"1",75,"1","2","1",12485.188593,0.45
"2",23,"3",0,"1","1","4","1","2",3,0,0,1,"2",50,"1","5","1",71495.931998,4.4
"2",80,"3",0,"1","1","5","1","2",2,0,0,2,"2",80,"1","5","5",46701.959733,5
"1",20,"4",0,"1","1","2","1","2",4,0,1,2,"1",64,"1","4","1",26639.787559,2.12
"1",72,"3",1,"1","1","2","1","2",1,0,0,1,"1",72,"1","2","3",21347.554443,0.96
"2",25,"1",0,"1","1","4","1","2",3,0,0,0,"2",53,"1","5","1",37741.704599,5
"2",52,"3",0,"1","1","3","1","2",2,0,0,0,"1",54,"1","5","1",141195.432919,5
"1",25,"6",0,"1","1","5","1","2",4,0,0,2,"1",60,"2","5","1",18866.606519,2.31
"2",39,"2",0,"2","1","5","1","2",1,0,0,0,"2",39,"2","5","5",35835.500991,0.51
"2",31,"3",0,"1","1","3","1","2",4,1,0,0,"1",33,"1","4","1",88919.372216,1.78
"2",28,"6",0,"2","1","4","1","2",1,0,0,0,"2",28,"2","4","6",22980.786324,3.13
"2",80,"3",0,"1","1","2","1","2",3,0,0,3,"1",62,"1","5","1",36941.341189,5
"1",33,"4",0,"2","2","4","1","2",2,0,0,0,"2",27,"1","5","1",26411.218934,5
"1",23,"3",0,"1","1","5","1","2",3,0,0,2,"1",61,"1","4","1",78351.785657,5
"1",55,"3",1,"1","1","3","1","2",4,0,0,1,"1",55,"1","3","4",145512.893663,1.46
"2",21,"3",0,"1","1","2","1","2",1,0,0,2,"1",68,"1","4","1",75637.623088,1.2
"2",71,"3",0,"1","1","1","1","2",1,0,0,1,"2",71,"1","1","3",30776.203331,1.03
"1",24,"6",0,"1","1","5","1","2",3,0,1,0,"1",24,"1","5","5",22895.014225,4.1
"1",42,"3",0,"1","1","4","1","2",2,0,0,0,"1",42,"1","4","3",19350.630995,1.61
"1",52,"3",0,"1","1","5","1","2",3,0,0,0,"2",52,"1","5","1",110394.219986,5
"2",30,"4",0,"1","1","3","1","2",7,0,1,0,"2",57,"1","1","5",27973.203758,0.57
"1",67,"4",1,"1","1","3","1","2",2,0,0,2,"1",67,"1","3","1",11536.172672,2.58
"2",30,"2",0,"2","2","3","2","2",5,2,1,0,"2",30,"2","3","1",24622.347741,0.57
"1",51,"4",0,"1","1","5","1","2",1,0,0,0,"1",51,"1","5","5",15738.592398,1.71
"2",26,"6",0,"1","1","4","1","2",2,0,0,0,"2",55,"2","5","3",28044.111574,5
"2",23,"1",0,"1","1","2","1","2",3,0,0,0,"2",50,"2","1","1",22151.376726,2.63
"2",59,"1",0,"1","1","2","1","2",2,0,0,0,"1",55,"1","1","1",31263.197044,1.29
"1",59,"6",0,"2","1","4","1","1",2,0,0,0,"1",59,"2","4","1",14288.123343,4.51
"1",46,"3",0,"1","1","5","1","2",1,0,0,0,"1",46,"1","5","3",88295.532566,5
"2",58,"4",0,"1","1","4","1","2",4,0,2,0,"2",58,"1","4","3",25586.590224,1.49
"1",65,"3",1,"1","1","3","1","2",4,0,0,2,"1",65,"1","3","1",120515.626784,2.12
"2",55,"3",0,"1","1","4","1","2",2,0,0,0,"2",55,"1","4","1",91158.165654,5
"2",40,"6",0,"2","2","5","1","2",4,0,2,0,"1",43,"2","5","1",18845.22475,5
"2",66,"4",0,"1","1","4","1","2",1,0,0,1,"2",66,"1","4","3",15100.149369,1.39
"2",49,"3",0,"1","1","5","1","2",2,0,0,0,"1",50,"1","5","1",110329.841536,5
"2",28,"3",0,"1","1","4","1","2",5,3,0,0,"1",31,"1","4","1",65978.73457,2.22
"2",48,"3",0,"1","1","4","1","2",1,0,0,0,"2",48,"1","4","5",99061.955181,1.71
"2",44,"1",0,"1","1","3","1","2",1,0,0,0,"2",44,"1","3","1",34790.101312,1.46
"1",62,"1",0,"2","1","2","2","2",3,0,0,1,"1",58,"2","2","1",11121.019574,1.52
"2",26,"6",0,"1","1","5","1","2",3,0,0,0,"1",59,"2","5","1",27705.52989,5
"2",49,"4",0,"1","1","3","1","2",5,0,3,1,"2",70,"1","4","3",22039.096955,0.54
"2",23,"3",0,"1","1","5","1","2",2,0,0,0,"2",23,"1","5","1",111249.667369,5
"2",34,"2",0,"1","1","3","1","2",1,0,0,1,"2",80,"1","2","2",37497.94644,0.73
"1",72,"3",0,"1","1","5","1","2",2,0,0,2,"1",72,"1","5","1",73248.820642,5
"2",79,"3",0,"1","1","4","1","2",2,0,0,2,"1",80,"1","3","1",63709.667069,1.21
"2",35,"3",0,"1","1","4","1","2",4,1,1,1,"2",61,"1","2","2",34137.914483,1.23
"1",58,"6",0,"2","1","2","1","2",1,0,0,0,"1",58,"2","2","4",14497.659262,4.28
"2",30,"2",0,"2","1","4","1","2",5,0,3,0,"1",42,"1","5","1",34344.3088,3.63
"1",21,"4",0,"1","1","4","1","2",3,1,0,0,"1",21,"1","4","6",34027.164457,0.35
"2",60,"3",0,"1","1","4","1","2",1,0,0,1,"2",60,"1","4","5",40802.646056,1.03
"1",39,"3",0,"1","1","4","1","2",1,0,0,0,"1",39,"1","4","6",21698.182164,0.78
"1",38,"3",0,"1","1","5","1","2",4,1,1,0,"2",37,"1","5","1",71255.603898,4.19
"2",39,"2",0,"1","1","5","1","2",3,0,0,0,"2",39,"1","5","6",31460.529451,2.05
"1",70,"3",1,"1","1","3","1","2",2,0,0,2,"1",70,"1","3","1",67577.135154,1.14
"2",47,"6",0,"1","1","5","1","2",5,0,3,0,"1",41,"2","1","1",14331.774395,4.53
"1",55,"3",0,"1","1","4","1","2",2,0,0,0,"1",55,"1","4","3",112101.255873,5
"1",32,"3",0,"1","1","3","1","2",5,1,2,0,"2",22,"1","4","6",18368.704295,0.33
"2",45,"2",0,"2","2","5","2","2",2,0,0,0,"1",57,"2","3","1",42280.680232,4.84
"2",67,"3",0,"1","1","4","1","2",2,0,0,2,"1",72,"1","1","1",89634.759203,1.74
"2",26,"3",0,"1","1","4","1","2",2,1,2,0,"2",39,"1","4","3",34552.616639,0.1
"1",70,"3",1,"1","1","4","1","2",1,0,0,1,"1",70,"1","4","3",25966.636989,1.26
"2",80,"3",0,"1","1","3","1","2",1,0,0,1,"2",80,"1","3","5",47633.108974,1.22
"2",72,"3",0,"1","1","4","1","2",2,0,0,2,"2",72,"1","4","1",57661.929235,5
"2",80,"3",0,"1","1","1","1","2",2,0,0,1,"1",59,"1","3","3",32421.893577,0.84
"1",35,"7",0,"1","1","4","1","2",3,1,0,0,"1",47,"1","4","1",15058.98154,1.02
"1",58,"3",1,"1","1","4","1","2",1,0,0,0,"1",58,"1","4","2",22661.68558,1.31
"2",51,"4",0,"1","1","5","1","2",3,0,1,0,"2",51,"1","5","2",26265.026886,1.31
"1",45,"1",0,"2","2","2","1","2",4,0,2,0,"2",39,"2","3","1",24995.528724,1.47
"2",39,"6",0,"2","2","2","1","2",7,1,3,0,"2",39,"2","2","1",16968.540319,0.88
"1",44,"6",0,"1","1","5","1","2",4,1,1,0,"2",38,"1","5","1",17439.861606,5
"2",60,"4",0,"1","1","4","1","2",5,0,0,1,"2",60,"1","4","5",17833.992838,1.74
"2",31,"3",0,"1","1","4","1","2",2,0,0,0,"2",31,"1","4","1",69839.334304,5
"2",32,"6",0,"2","1","5","1","2",4,0,0,0,"1",59,"2","4","1",14158.254438,4.25
"1",21,"7",0,"1","1","5","1","2",4,0,1,0,"1",58,"1","5","1",20702.629494,5
"1",62,"3",1,"1","1","3","1","2",1,0,0,1,"1",62,"1","3","2",23626.438743,1.12
"1",62,"3",0,"1","1","3","1","2",2,0,0,1,"1",62,"1","3","3",87531.292757,5
"1",69,"2",0,"2","2","5","1","2",2,0,0,2,"1",69,"2","5","1",8118.758482,1.61
"1",67,"4",0,"1","1","5","1","2",2,0,0,2,"1",67,"1","5","1",15729.083604,5
"1",25,"3",0,"1","1","5","1","2",2,0,0,0,"1",27,"1","5","5",78135.833105,4.19
"1",59,"3",0,"1","1","3","1","2",1,0,0,0,"1",59,"1","3","5",102580.29517,3.64
"2",44,"1",0,"2","2","1","2","2",7,0,0,0,"2",39,"2","1","1",17828.785872,1.94
"1",29,"4",0,"1","1","4","1","2",1,0,0,0,"1",29,"1","4","5",22993.294873,2.74
"1",42,"7",0,"2","2","4","1","2",6,0,1,0,"2",42,"2","3","1",10667.004813,1.56
"1",30,"6",0,"2","2","3","1","2",4,0,2,0,"2",30,"2","3","1",15063.580156,1.55
"1",63,"7",0,"1","1","2","1","2",2,0,0,2,"1",63,"1","2","1",10279.214263,2.19
"2",49,"3",0,"1","1","4","1","2",1,0,0,1,"2",49,"1","4","3",91249.402337,5
"2",58,"3",0,"1","1","5","1","2",2,0,0,0,"1",59,"1","5","1",139870.360101,5
"2",35,"3",0,"1","1","2","1","2",5,0,3,0,"1",34,"1","2","6",25279.925279,0.9
"1",50,"3",0,"1","1","3","1","2",1,0,0,0,"1",50,"1","3","5",75163.150973,3.86
"2",52,"3",0,"1","1","3","1","2",2,0,0,0,"2",34,"1","3","1",23161.868157,1.08
"2",43,"1",0,"2","2","2","2","2",7,1,3,0,"1",44,"2","3","1",26541.925537,1.14
"2",24,"3",0,"1","1","4","1","2",7,1,3,0,"2",50,"1","4","1",68242.194535,5
"1",57,"3",0,"1","1","3","1","2",3,0,0,0,"2",20,"1","3","5",21386.762206,1.52
"1",38,"1",0,"2","2","4","1","2",6,1,3,0,"2",33,"2","4","1",38344.722884,1.3
"2",67,"6",0,"2","2","5","1","2",1,0,0,1,"2",67,"2","5","3",22988.837897,1.03
"1",55,"3",0,"2","2","4","1","2",2,0,0,0,"2",48,"1","4","1",100747.146655,2.9
"2",20,"3",0,"1","1","4","1","2",5,0,2,0,"2",48,"1","5","2",66927.792276,4.3
"2",42,"4",0,"1","1","3","1","2",1,0,0,0,"2",42,"1","3","5",31035.803639,0.87
"2",52,"3",0,"1","1","5","1","2",3,0,0,0,"1",53,"1","5","1",144382.307201,5
"2",32,"3",0,"1","1","5","1","2",4,2,0,0,"1",32,"1","5","1",73030.053908,4.61
"1",29,"4",0,"1","1","2","1","2",3,1,0,0,"1",29,"1","2","6",30023.167309,0.82
"1",26,"3",0,"1","1","2","1","2",1,0,0,0,"2",29,"1","5","6",50379.618874,2.57
"1",26,"1",0,"1","1","2","1","2",7,2,1,0,"2",48,"1","3","3",40079.239311,0.35
"2",69,"3",0,"1","1","2","1","2",1,0,0,1,"2",69,"1","2","2",31968.097607,1.3
"2",43,"4",0,"1","1","2","1","2",1,0,0,0,"2",43,"1","2","5",25701.696795,0.04
"2",70,"3",0,"1","1","4","1","2",2,0,0,2,"1",70,"1","5","1",64287.831024,5
"2",21,"3",0,"1","1","4","1","2",4,0,0,0,"1",53,"1","4","1",83168.435837,5
"1",64,"1",0,"2","1","1","2","2",2,0,0,2,"1",64,"2","1","1",12968.406808,0.7
"2",57,"3",0,"1","1","4","1","2",2,0,0,0,"1",56,"1","4","1",131622.39597,5
"1",64,"3",1,"1","1","3","1","2",1,0,0,1,"1",64,"1","3","3",89854.825647,3.31
"1",80,"3",1,"1","1","5","1","2",1,0,0,1,"1",80,"1","5","2",19302.542605,4.93
"2",70,"3",0,"1","1","4","1","2",1,0,0,1,"2",70,"1","4","2",37788.739135,3.26
"1",31,"3",0,"1","1","5","1","2",3,1,0,0,"1",31,"1","5","1",84120.656677,4.92
"2",46,"3",0,"1","1","5","1","2",4,0,2,0,"1",46,"1","5","1",74990.624879,5
"2",25,"3",0,"1","1","4","1","2",3,0,0,0,"1",54,"1","2","1",91534.340264,5
"1",53,"6",0,"2","1","5","1","2",4,0,0,0,"1",53,"2","5","3",10341.444146,3.35
"1",56,"1",0,"2","1","3","2","2",7,2,0,0,"2",25,"1","5","5",16347.065312,0.68
"1",73,"6",0,"2","1","4","1","2",2,0,1,1,"1",73,"2","4","3",12560.417823,1.27
"2",22,"7",0,"1","1","4","1","2",4,0,0,0,"1",40,"1","3","1",22972.880828,3.4
"2",28,"4",0,"1","1","4","1","2",2,0,1,0,"2",28,"1","4","5",26197.604584,0.71
"1",60,"4",0,"1","1","4","1","2",1,0,0,1,"1",60,"1","4","3",10279.214263,0.6
"2",50,"3",0,"1","1","5","1","2",4,0,1,0,"2",50,"1","5","1",99103.834868,1.51
"2",73,"4",0,"2","1","4","1","2",1,0,0,1,"2",73,"2","4","2",17362.511974,0.77
"2",67,"4",0,"1","1","2","1","2",6,0,3,1,"2",67,"1","2","2",19750.103128,0.56
"1",45,"3",0,"1","1","4","1","2",3,0,2,0,"1",45,"1","4","3",125347.223976,2.41
"2",29,"3",0,"1","1","3","1","2",2,0,0,0,"2",29,"1","3","5",93806.110061,3.38
"1",80,"3",1,"1","1","4","1","2",2,0,0,2,"1",80,"1","4","1",28874.23919,5
"1",47,"2",0,"2","2","3","1","2",1,0,0,0,"1",47,"2","3","3",22921.482522,1.7
"2",37,"3",0,"1","1","5","1","2",2,0,1,0,"2",37,"1","5","5",86688.344802,2.54
"2",47,"4",0,"1","1","3","1","2",2,0,0,0,"2",47,"1","3","5",29608.593236,0.77
"2",74,"3",0,"1","1","2","1","2",4,0,0,1,"2",74,"1","2","2",18137.065768,1.01
"1",68,"3",0,"2","1","4","1","2",1,0,0,2,"1",68,"2","4","6",89756.345489,3.48
"1",30,"6",0,"2","2","5","1","2",1,0,0,0,"1",30,"2","5","1",20648.03403,5
"1",25,"2",0,"1","1","4","1","2",5,2,2,0,"1",25,"1","4","4",40362.045231,1.07
"1",33,"6",0,"2","1","5","1","2",2,0,0,0,"1",33,"2","5","1",29912.975792,5
"2",28,"2",0,"2","2","2","1","2",2,0,0,0,"2",28,"2","2","6",31566.701598,4.77
"2",36,"6",0,"2","1","2","1","1",5,1,0,1,"2",57,"2","2","1",13316.532307,2.18
"1",26,"3",0,"1","1","4","1","2",3,0,0,0,"2",57,"1","5","3",56795.494669,4.81
"1",52,"3",1,"1","1","4","1","2",3,0,0,0,"2",50,"1","4","1",17386.370587,0.35
"1",80,"3",0,"1","1","5","1","2",2,0,0,2,"2",79,"1","5","1",30464.571461,5
"1",42,"3",0,"1","1","5","1","2",4,1,1,0,"2",42,"1","5","1",65886.975234,5
"2",27,"3",0,"1","1","2","1","2",3,0,1,0,"2",27,"1","2","5",66665.513162,1.14
"2",50,"4",0,"1","1","2","1","2",3,0,2,0,"2",50,"1","2","2",26265.026886,1.06
"2",66,"4",0,"1","1","4","1","2",2,0,0,2,"1",77,"1","3","1",14361.229012,1.93
"2",62,"4",0,"1","1","4","1","2",4,2,1,1,"2",62,"1","4","3",15747.862233,1.74
"2",21,"3",0,"1","1","5","1","2",3,0,0,0,"1",53,"1","5","1",114838.366317,5
"2",38,"6",0,"1","1","4","1","2",4,0,2,0,"1",40,"1","4","1",14158.254438,5
"2",55,"4",0,"1","1","3","1","2",1,0,0,0,"2",55,"1","3","4",22308.018541,3.26
"1",54,"1",0,"1","1","1","1","2",3,0,0,1,"1",62,"2","4","6",31463.897254,1.84
"2",72,"3",1,"1","1","4","1","2",5,1,0,2,"1",64,"1","4","1",41406.742246,0.97
"2",42,"1",0,"2","1","3","2","2",4,0,2,0,"2",42,"2","3","1",25234.514823,0.9
"1",42,"1",0,"2","2","1","2","2",6,1,1,0,"1",42,"2","1","1",35100.900844,1.33
"1",34,"3",0,"1","1","3","1","2",1,0,0,0,"1",34,"1","3","5",17409.646343,0.08
"2",34,"6",0,"2","2","5","1","2",3,1,0,0,"1",35,"2","5","1",28725.219135,5
"1",80,"4",1,"1","1","3","1","2",2,0,0,2,"1",61,"1","4","6",19032.637083,5
"2",57,"3",0,"1","1","3","1","2",5,1,0,0,"1",55,"1","3","1",103581.494804,1.79
"2",63,"3",0,"1","1","5","1","2",1,0,0,1,"2",63,"1","5","5",68874.921408,5
"2",68,"6",0,"2","1","5","1","2",5,1,0,2,"1",43,"2","4","1",17004.893938,3.48
"2",54,"3",0,"1","1","4","1","2",2,0,0,0,"1",58,"1","2","1",26925.631794,5
"1",45,"4",0,"1","1","4","1","2",4,0,1,0,"2",42,"1","4","1",17119.896938,5
"2",72,"3",0,"1","1","2","1","2",2,0,0,2,"1",77,"1","3","1",48247.111923,3.35
"2",20,"7",0,"1","1","3","1","2",7,1,1,0,"2",49,"1","2","1",20094.060881,0.83
"1",23,"3",0,"1","1","5","1","2",1,0,0,0,"1",23,"1","5","5",90436.00364,0.26
"1",60,"3",0,"1","1","4","1","2",3,0,0,1,"1",60,"1","4","1",80442.325371,5
"2",24,"1",0,"2","2","3","2","2",1,2,0,0,"2",24,"2","3","6",28779.662024,1.74
"2",40,"4",1,"1","1","4","1","2",2,0,1,0,"2",40,"1","4","3",32040.003069,4.58
"1",64,"6",0,"2","1","4","1","1",3,0,0,3,"2",64,"2","2","1",14532.864116,0.87
"1",27,"7",0,"1","1","2","1","2",1,1,0,0,"1",27,"1","2","6",39612.798836,2.39
"1",60,"4",0,"1","1","2","1","2",1,0,0,1,"1",60,"1","2","5",10309.618463,1.03
"2",50,"4",0,"1","1","3","1","2",2,0,0,0,"2",50,"1","3","5",27252.596772,0.77
"2",72,"3",0,"1","1","3","1","2",5,0,0,3,"1",72,"1","2","1",44717.216639,4.48
"2",78,"6",0,"2","1","3","1","2",2,0,0,1,"1",48,"1","5","3",32235.928117,5
"2",52,"3",0,"1","1","2","1","2",1,0,0,0,"2",52,"1","2","3",73536.131435,4.35
"2",33,"1",0,"2","2","1","2","2",6,0,4,0,"2",33,"2","1","5",29921.555796,0.54
"1",63,"4",0,"1","1","4","1","2",1,0,0,1,"1",63,"1","4","2",9294.477003,0.72
"2",62,"3",0,"1","1","3","1","2",1,0,0,2,"2",62,"1","3","5",89634.759203,2.96
"2",37,"3",0,"1","1","4","1","2",2,0,1,0,"2",37,"1","4","3",69789.839038,2.86
"2",24,"3",0,"1","1","2","1","2",2,1,0,0,"2",24,"1","2","5",37211.840958,0.09
"2",70,"3",0,"1","1","4","1","2",2,0,0,2,"1",71,"1","4","1",44717.216639,3.81
"2",48,"2",0,"1","1","3","1","2",7,2,1,0,"2",48,"1","3","3",26541.925537,0.35
"2",73,"3",0,"1","1","4","1","2",2,0,0,2,"1",80,"1","3","1",35964.29793,1.55
"2",37,"6",0,"2","2","4","1","2",4,1,1,0,"2",37,"2","4","1",12106.792344,4.19
"1",49,"4",0,"2","2","1","1","1",5,1,2,0,"1",49,"2","1","1",19776.041932,1.16
"1",28,"4",0,"1","1","3","1","2",4,0,2,0,"1",28,"1","3","5",23262.918867,2.04
"2",62,"1",0,"1","1","2","1","2",2,0,0,1,"2",62,"1","2","1",15297.440213,2.9
"1",44,"6",0,"2","1","4","1","2",4,0,2,0,"2",46,"2","4","1",13518.565448,4.03
"2",30,"4",0,"1","1","3","1","2",5,1,3,0,"2",30,"1","3","5",21424.319868,0.02
"2",39,"3",0,"1","1","5","1","2",1,0,0,0,"2",39,"1","5","5",96350.526808,5
"1",29,"6",0,"2","1","5","1","2",2,0,0,0,"1",29,"2","5","1",24130.820416,3.81
"2",47,"3",0,"1","1","3","1","2",2,0,0,0,"1",34,"2","3","1",22066.417032,0.64
"1",53,"3",1,"1","1","3","1","2",2,0,0,0,"2",53,"1","4","1",113750.835861,5
"2",80,"3",0,"1","1","3","1","2",1,0,0,1,"2",80,"1","3","2",42226.657141,1.57
"2",71,"2",0,"2","1","2","2","2",2,0,0,1,"2",71,"2","2","1",10759.695107,5
"2",31,"1",0,"1","1","4","1","2",7,1,4,0,"2",31,"1","4","1",44058.272543,2.11
"1",32,"4",0,"1","1","4","1","2",4,1,1,0,"2",27,"1","4","5",29709.029952,1.09
"1",65,"4",1,"1","1","3","1","2",1,0,0,1,"1",65,"1","3","1",10238.123311,1.6
"2",24,"2",0,"1","1","3","1","2",1,0,0,0,"2",24,"1","3","5",38966.281356,0.86
"2",23,"6",0,"2","2","4","1","2",4,2,0,0,"1",33,"2","4","1",24995.649487,1.27
"2",69,"3",0,"1","1","4","1","2",1,0,0,1,"2",69,"1","4","3",26185.700319,0.94
"1",61,"3",0,"1","1","3","1","2",7,0,3,1,"2",42,"1","3","5",87281.736911,1.51
"2",80,"3",0,"1","1","5","1","2",2,0,0,2,"2",80,"1","5","1",37262.530651,3.34
"2",51,"3",0,"1","1","4","1","2",1,0,0,0,"2",51,"1","4","5",26128.790074,0.91
"2",34,"3",0,"1","1","5","1","2",4,0,2,0,"1",37,"1","5","1",73013.849499,3.14
"1",44,"1",0,"2","2","1","2","2",7,3,2,0,"2",38,"2","1","1",34445.114122,0.94
"1",52,"1",0,"2","1","3","2","2",2,0,0,1,"2",62,"1","2","1",27197.451967,2.9
"1",56,"4",1,"1","1","3","1","2",1,0,0,0,"1",56,"1","3","4",21054.4977,3.43
"2",66,"3",0,"1","1","4","1","2",5,2,0,2,"1",61,"1","2","1",46623.986221,2.04
"1",35,"3",0,"1","1","5","1","2",2,0,0,0,"1",35,"1","5","1",75016.834772,5
"2",33,"3",0,"1","1","4","1","2",4,0,2,0,"1",40,"1","3","6",75506.07765,3.18
"1",76,"1",0,"2","1","4","1","2",3,0,0,2,"2",71,"2","4","1",7073.425565,1.82
"2",22,"3",0,"1","1","3","1","2",4,2,0,0,"2",22,"1","3","1",45446.446086,0.89
"2",76,"4",0,"1","1","1","1","2",4,0,1,1,"2",76,"1","1","5",14021.505657,0.34
"2",80,"3",0,"1","1","4","1","2",2,0,0,1,"1",58,"1","5","3",43021.050001,1.51
"2",41,"2",1,"1","1","5","1","2",2,0,1,0,"2",41,"1","5","3",29138.511353,2.78
"1",70,"1",0,"1","1","3","1","2",2,0,0,2,"2",67,"1","2","1",11140.687817,2.42
"2",59,"6",0,"2","1","3","1","1",2,0,0,0,"1",59,"2","4","1",15784.614923,4.51
"2",74,"1",0,"2","2","1","2","2",2,0,0,2,"1",80,"2","1","1",15107.120526,0.61
"1",25,"3",0,"1","1","3","1","2",1,0,0,0,"1",25,"1","3","5",29568.883445,0.73
"1",78,"7",0,"2","2","3","1","2",3,0,0,3,"1",80,"2","2","1",13097.101085,1.79
"1",42,"4",1,"1","1","5","1","2",6,0,3,0,"1",39,"1","5","1",22314.41365,3.96
"2",61,"3",0,"1","1","5","1","2",1,0,0,1,"2",61,"1","5","3",22592.758045,1.27
"2",30,"1",0,"2","2","2","2","2",4,1,1,0,"1",36,"2","1","6",44689.831331,1.06
"1",31,"4",0,"1","1","3","1","2",3,0,0,0,"2",51,"1","2","5",21527.63823,1.52
"1",47,"2",0,"1","1","2","1","2",1,0,0,0,"1",47,"1","2","5",36021.238135,0.61
"2",23,"3",0,"1","1","3","1","2",4,1,0,1,"1",23,"1","3","1",106554.218364,2.31
"1",25,"3",0,"1","1","5","1","2",2,0,0,0,"2",26,"1","5","6",70487.254122,0.36
"1",62,"4",0,"1","1","2","1","2",2,0,0,1,"1",62,"1","2","1",9359.80207,0.84
"1",20,"3",1,"1","1","4","1","2",1,0,0,0,"1",20,"1","4","5",95090.83059,1.91
"1",58,"3",0,"1","1","5","1","2",4,0,1,0,"1",58,"1","5","1",105137.352368,5
"1",76,"3",0,"1","1","4","1","2",2,0,0,2,"1",76,"1","4","1",65801.208454,3.12
"2",52,"2",0,"2","1","2","2","2",2,0,0,0,"2",52,"2","2","5",15968.19652,2.23
"1",36,"1",0,"1","1","4","1","2",6,2,2,0,"1",36,"1","4","6",57439.608819,0.28
"1",52,"6",0,"2","1","3","1","2",7,1,2,0,"1",54,"2","5","1",14410.037941,3.53
"1",33,"3",0,"1","1","5","1","2",5,3,0,0,"2",29,"1","5","1",65524.759039,1.13
"1",39,"6",0,"2","1","4","1","2",4,1,1,0,"1",39,"2","4","1",14894.939487,2.73
"2",80,"3",0,"1","1","3","1","2",1,0,0,1,"2",80,"1","3","3",55679.66403,1.97
"1",51,"3",0,"2","2","5","1","2",4,0,2,0,"1",51,"2","5","1",113174.410861,5
"2",48,"3",0,"1","1","2","1","2",5,0,2,0,"2",48,"1","2","5",22866.073366,0.91
"2",32,"1",0,"2","2","3","2","1",6,3,2,0,"2",32,"2","3","6",23015.093413,0.38
"1",31,"4",0,"2","2","5","1","2",1,0,0,0,"1",31,"2","5","5",24822.231629,5
"2",69,"3",0,"1","1","4","1","2",2,0,0,2,"1",76,"1","4","1",109638.490389,4.13
"1",23,"4",0,"1","1","3","1","2",2,0,0,0,"2",45,"1","2","5",24221.180924,2.58
"2",63,"2",0,"2","2","1","2","2",4,1,0,1,"1",42,"1","4","1",9214.494033,1.68
"2",47,"6",0,"2","1","5","1","2",3,0,0,0,"1",50,"2","5","1",16896.534231,3.03
"2",68,"3",0,"1","1","5","1","2",2,0,0,2,"2",68,"1","5","1",94037.983978,1.64
"1",32,"6",0,"2","2","5","1","2",2,0,0,0,"2",34,"2","3","1",15416.614291,5
"1",49,"1",0,"1","1","4","1","2",4,0,1,2,"1",78,"1","2","1",36021.238135,2.12
"2",50,"1",0,"2","2","1","2","2",6,2,0,0,"2",33,"2","3","6",12931.678916,0.47
"2",41,"4",0,"1","1","4","1","2",5,1,1,0,"2",41,"1","4","1",14833.550967,0.9
"2",63,"3",0,"1","1","4","1","2",4,1,0,2,"1",65,"1","5","1",93050.196582,4.67
"1",31,"3",0,"1","1","5","1","2",2,0,0,0,"1",31,"1","5","1",87963.733522,5
"1",57,"3",0,"1","1","4","1","2",5,0,2,0,"1",57,"1","4","1",56499.579372,3.22
"2",34,"6",0,"2","2","3","1","1",2,0,0,0,"2",34,"2","3","1",14804.465691,5
"2",33,"6",0,"2","2","5","1","2",4,1,1,0,"1",38,"2","5","1",17862.815519,4.19
"1",67,"4",1,"1","1","4","1","2",1,0,0,1,"1",67,"1","4","5",15098.935725,2.14
"2",31,"3",0,"1","1","4","1","2",4,1,1,0,"1",32,"1","3","6",107737.369017,4.67
"1",72,"3",1,"1","1","4","1","2",2,0,0,2,"1",72,"1","4","1",83918.343235,3.81
"1",55,"3",0,"1","1","3","1","2",2,0,0,0,"1",55,"1","3","1",34612.054887,0.99
"2",52,"2",0,"1","1","4","1","2",1,0,0,0,"2",52,"1","4","5",21475.267749,4.7
"1",55,"4",0,"1","1","2","1","2",1,0,0,0,"1",55,"1","2","2",27165.409991,0.54
"2",41,"3",0,"1","1","5","1","2",5,0,3,0,"2",41,"1","5","1",63047.405606,5
"2",47,"3",0,"1","1","4","1","2",4,0,1,0,"2",47,"1","4","1",56745.623938,2.59
"1",25,"3",0,"1","1","3","1","2",3,1,0,0,"2",25,"1","4","1",22990.398618,2.56
"2",40,"6",0,"2","1","5","1","2",5,0,1,1,"2",40,"2","5","1",14041.392013,5
"2",38,"4",0,"1","1","4","1","2",4,0,3,0,"2",38,"1","4","3",32557.065669,2.68
"2",74,"3",0,"1","1","4","1","2",1,0,0,1,"2",74,"1","4","1",73164.294421,1.89
"2",23,"1",0,"2","2","4","1","2",3,1,0,0,"1",25,"1","4","1",54764.120386,2.82
"2",50,"3",0,"1","1","4","1","2",3,0,0,1,"2",54,"1","5","3",115530.553375,5
"2",62,"4",0,"1","1","4","1","2",1,0,0,2,"2",80,"1","5","2",15233.220353,1.85
"1",22,"2",0,"2","1","4","1","2",4,2,0,0,"1",22,"2","4","6",42359.459875,0.59
"2",66,"1",0,"2","1","1","2","1",3,0,0,2,"1",34,"1","3","6",15107.120526,1.05
"2",51,"4",1,"1","1","3","1","2",4,1,1,0,"2",42,"1","5","1",26836.884023,5
"2",40,"1",0,"2","1","5","1","2",5,1,1,0,"2",40,"2","5","1",37554.608645,5
"1",38,"7",0,"1","1","2","1","2",6,0,3,0,"1",38,"1","2","1",23687.854478,0.78
"2",35,"4",0,"1","1","4","1","2",3,0,1,0,"2",35,"1","4","6",43551.178906,5
"1",56,"6",0,"2","1","1","1","2",4,0,0,0,"1",56,"2","1","1",13242.080991,1.68
"1",59,"3",0,"1","1","3","1","2",2,0,0,0,"1",59,"1","3","1",112101.255873,5
"1",57,"4",0,"1","1","5","1","2",1,0,0,0,"1",57,"1","5","3",26052.931107,2.18
"2",48,"7",0,"1","1","5","1","2",5,1,1,0,"1",50,"1","2","1",23696.197283,0.66
"2",38,"3",0,"1","1","3","1","2",4,0,2,0,"1",43,"1","3","1",78652.082618,2.55
"2",46,"1",0,"2","2","1","2","2",3,0,0,1,"1",58,"2","2","1",31164.227097,1.52
"2",62,"3",0,"1","1","4","1","2",3,0,0,2,"1",68,"1","4","1",58922.177474,2.53
"1",52,"1",0,"1","1","2","1","2",2,0,0,1,"1",75,"1","2","2",31463.897254,1.01
"1",45,"1",0,"2","2","3","2","2",1,0,0,0,"1",45,"2","3","1",37279.630785,1.71
"1",52,"3",0,"1","1","5","1","2",5,0,1,0,"1",52,"1","5","1",112101.255873,3.58
"1",29,"3",0,"1","1","4","1","2",1,0,0,0,"1",29,"1","4","5",88325.019537,3.22
"2",66,"6",0,"2","1","4","1","2",2,0,0,2,"1",73,"2","5","1",17387.795344,3.18
"2",26,"3",0,"1","1","5","1","2",2,0,0,0,"2",26,"1","5","6",72205.619595,0.36
"1",33,"2",0,"2","1","3","1","2",3,1,0,0,"2",39,"2","5","1",44045.115488,5
"2",55,"3",0,"1","1","2","1","2",2,0,0,0,"2",55,"1","2","1",29756.246062,2.58
"1",80,"3",0,"1","1","1","1","2",1,0,0,1,"1",80,"1","1","5",9722.198847,1.22
"2",20,"3",0,"1","1","4","1","2",3,0,0,0,"2",52,"1","5","1",88151.340996,5
"2",51,"2",0,"2","1","2","2","2",2,0,0,0,"1",39,"2","2","1",21023.07202,2.13
"2",33,"4",0,"1","1","3","1","2",5,2,2,0,"2",33,"1","3","5",29559.588398,0.36
"1",38,"4",0,"2","1","4","1","2",1,0,0,0,"1",38,"2","4","4",29709.029952,4.8
"1",75,"6",0,"2","2","2","1","2",3,0,0,1,"1",75,"2","2","2",22910.896036,5
"1",65,"3",0,"1","1","1","1","2",7,0,3,2,"2",66,"1","2","1",27641.861615,1.01
"2",46,"3",0,"1","1","4","1","2",2,0,0,0,"1",55,"1","3","1",35144.965287,0.99
"1",75,"4",0,"1","1","2","1","2",1,0,0,1,"1",75,"1","2","2",12767.787483,0.7
"1",49,"3",0,"1","1","5","1","2",4,0,1,0,"2",48,"1","3","3",88390.326515,5
"1",78,"1",0,"1","1","4","1","2",2,0,0,2,"1",78,"1","4","1",15866.435364,2.19
"2",80,"3",0,"1","1","4","1","2",2,0,0,2,"1",74,"2","3","1",32511.51812,4.77
"1",55,"1",0,"2","1","1","2","2",4,0,2,0,"1",55,"2","1","4",17972.979821,0.92
"1",47,"4",0,"2","1","5","1","2",2,0,0,0,"1",47,"2","5","1",24090.335147,5
"1",41,"4",0,"1","1","3","1","2",3,0,0,2,"1",80,"1","4","1",29726.361082,3.03
"1",70,"4",1,"1","1","4","1","2",1,0,0,1,"1",70,"1","4","3",9936.368879,3.83
"1",47,"1",0,"1","1","4","1","2",3,1,0,0,"1",47,"1","4","5",28509.568141,1.02
"1",44,"3",1,"1","1","4","1","2",7,0,4,0,"1",44,"1","4","1",20038.213485,0.88
"1",57,"3",0,"1","1","3","1","2",1,0,0,1,"1",68,"1","3","5",100747.146655,0.7
"1",54,"6",0,"2","1","5","1","2",7,1,2,0,"1",54,"2","5","1",14410.037941,3.53
"2",40,"2",0,"1","1","3","1","2",5,2,0,0,"2",40,"1","3","3",28218.956804,1.45
"1",37,"3",1,"1","1","3","1","2",3,1,1,0,"1",37,"1","3","3",24877.308693,0.59
"2",39,"2",0,"2","2","5","1","2",3,1,0,0,"2",39,"2","5","1",34427.412184,5
"2",60,"3",0,"1","1","4","1","2",1,0,0,1,"2",60,"1","4","2",33532.358164,0.77
"2",80,"3",0,"1","1","4","1","2",2,0,0,1,"2",56,"1","3","3",40713.637416,1.55
"1",70,"3",0,"1","1","5","1","2",3,0,0,2,"1",70,"1","5","1",41891.342754,5
"2",49,"3",0,"1","1","5","1","2",1,0,0,0,"2",49,"1","5","3",72433.781494,4.35
"2",45,"3",0,"1","1","3","1","2",3,0,1,0,"1",52,"1","4","1",93308.459231,3.07
"1",39,"6",0,"2","1","5","1","2",3,0,1,0,"1",39,"2","5","1",21886.594284,5
"2",43,"1",0,"1","1","5","1","2",4,0,2,0,"2",43,"1","5","1",25298.187121,3.82
"1",26,"3",0,"1","1","4","1","2",2,0,0,1,"1",61,"1","5","3",107509.123719,5
"2",75,"3",0,"1","1","3","1","2",2,0,0,2,"1",76,"1","4","1",80549.006362,4.13
"2",39,"4",0,"1","1","5","1","2",7,0,4,0,"2",39,"1","5","6",37499.28258,2.49
"1",65,"3",1,"1","1","5","1","2",2,0,0,2,"2",72,"1","4","1",107388.865186,5
"2",41,"2",0,"2","1","2","1","2",4,1,1,0,"2",41,"2","2","5",19423.405323,0.37
"2",52,"4",0,"1","1","3","1","2",5,0,0,0,"1",55,"1","2","1",23828.588814,1.52
"1",45,"1",0,"2","2","3","2","2",1,0,0,0,"1",47,"2","1","6",29058.926776,1.39
"2",59,"7",0,"1","1","4","1","2",1,0,0,0,"2",59,"1","4","3",19675.002749,0.84
"1",30,"1",0,"1","1","2","1","2",5,2,0,1,"2",65,"2","4","2",25882.314144,2.87
"2",39,"6",0,"2","2","5","1","2",4,2,1,0,"1",51,"2","5","1",20322.425025,5
"1",54,"3",1,"1","1","4","1","2",2,0,0,0,"1",54,"1","4","1",101663.764284,5
"2",42,"2",0,"2","2","1","2","2",6,0,3,0,"1",41,"2","4","6",22020.047933,1.58
"2",31,"4",0,"1","1","4","1","2",7,2,3,2,"1",75,"1","2","1",18250.835435,0.48
"2",77,"3",0,"1","1","3","1","2",3,0,0,2,"1",80,"1","5","2",44162.166329,2.78
"2",64,"6",0,"2","2","1","1","1",3,0,0,2,"1",61,"2","1","1",24447.338933,2.2
"2",62,"4",0,"1","1","3","1","2",2,0,0,1,"1",55,"1","4","1",14361.229012,4.64
"2",35,"1",0,"1","1","2","1","2",4,1,1,0,"2",35,"1","2","1",31339.522934,2.51
"2",62,"3",0,"1","1","2","1","2",1,0,0,1,"2",62,"1","2","2",110260.91393,1.46
"1",69,"3",0,"1","1","4","1","2",1,0,0,1,"1",69,"1","4","2",34002.622995,1.03
"2",43,"3",0,"2","1","4","1","2",4,0,1,0,"1",50,"2","1","1",52119.49921,2.52
"1",30,"6",0,"2","2","5","1","2",1,0,0,0,"1",30,"2","5","5",18665.694771,5
"2",76,"3",0,"1","1","4","1","2",7,2,0,1,"2",76,"1","4","3",32459.194019,2.39
"1",41,"4",0,"1","1","4","1","2",4,0,2,0,"1",41,"1","4","1",23568.774431,5
"1",62,"4",0,"1","1","3","1","2",1,0,0,1,"1",62,"1","3","3",14122.831429,1.74
"1",58,"3",0,"1","1","5","1","2",4,0,1,0,"1",58,"1","5","1",89536.217554,5
"1",22,"1",0,"1","1","3","1","2",7,0,4,0,"1",40,"1","3","6",50262.841251,2.25
"1",29,"6",0,"2","1","4","1","2",7,3,0,0,"1",58,"2","4","1",18455.162152,1.4
"1",37,"1",0,"2","1","2","2","2",5,1,2,0,"2",35,"2","3","1",57439.608819,2.9
"1",23,"3",0,"1","1","5","1","2",1,0,0,0,"1",24,"1","5","5",69766.055661,5
"2",30,"3",0,"1","1","4","1","2",4,0,1,1,"2",57,"1","4","1",69999.977334,4.61
"2",77,"4",0,"1","1","2","1","2",3,0,0,1,"2",77,"1","2","2",23698.912694,0.97
"2",50,"4",0,"1","1","4","1","2",2,0,2,0,"2",50,"1","4","1",19256.385669,1.91
"2",20,"7",0,"1","1","4","1","2",2,0,0,0,"1",20,"1","3","1",44226.961684,1.27
"1",63,"3",0,"1","1","5","1","2",1,0,0,1,"1",63,"1","5","5",73492.605605,2.19
"1",64,"1",0,"1","1","4","1","2",2,0,0,2,"1",64,"1","4","1",12968.406808,3.09
"2",55,"6",0,"2","1","5","1","2",2,0,0,0,"2",55,"2","5","3",18376.472408,5
"2",66,"3",0,"1","1","4","1","2",4,0,1,2,"1",71,"1","4","1",25554.085894,1.05
"1",70,"3",1,"1","1","3","1","2",2,0,0,2,"1",70,"1","3","1",13810.070861,0.12
"2",62,"2",0,"2","1","2","2","2",1,0,0,1,"2",62,"2","2","3",18378.979782,1.57
"1",59,"6",0,"2","1","4","1","1",3,0,0,1,"1",59,"2","4","3",12217.843877,0.81
"2",43,"6",0,"2","1","3","1","2",5,0,3,0,"1",54,"1","5","1",20457.395103,3.37
"1",50,"2",0,"1","1","2","1","2",3,0,0,1,"1",50,"1","2","1",31145.547232,3.33
"1",59,"1",0,"2","2","3","1","2",2,0,0,0,"1",59,"2","3","1",22397.126869,2.19
"1",49,"1",1,"1","1","4","1","2",1,0,0,0,"1",49,"1","4","3",36183.171056,4.97
"2",28,"2",0,"2","1","5","1","2",1,0,0,0,"1",28,"1","5","6",50073.335132,1.71
"2",37,"4",0,"1","1","4","1","2",6,1,4,0,"2",37,"1","4","5",27973.203758,0.72
"2",67,"3",0,"1","1","3","1","2",4,0,0,2,"1",30,"1","5","1",89004.535861,5
"2",60,"1",0,"1","1","4","1","2",5,0,2,1,"2",38,"1","2","1",12261.350101,0.65
"1",22,"1",0,"1","1","2","1","2",6,2,0,0,"1",21,"1","4","5",51166.900015,1.52
"2",72,"1",0,"2","1","2","2","2",2,0,4,2,"2",72,"2","2","1",22187.305914,0.7
"2",44,"3",0,"1","1","5","1","2",2,0,1,0,"2",44,"1","5","5",21038.597171,1.97
"1",55,"3",0,"1","1","3","1","2",2,0,0,0,"1",55,"1","3","4",33433.990028,2.23
"2",80,"3",0,"1","1","2","1","2",1,0,0,1,"2",80,"1","2","2",34763.599731,1.31
"1",31,"4",0,"1","1","5","1","2",2,0,0,0,"1",31,"1","5","5",21900.958079,3.87
"2",47,"3",0,"1","1","5","1","2",4,0,2,0,"1",50,"1","5","1",117064.164013,5
"1",54,"3",0,"1","1","2","1","2",5,0,2,0,"1",54,"1","2","1",18821.117689,0.86
"2",58,"4",0,"1","1","4","1","2",2,0,0,1,"1",62,"1","2","1",24199.38401,0.84
"2",43,"2",0,"2","1","5","1","2",4,0,2,0,"2",43,"2","5","1",34616.971503,4.19
"1",72,"6",0,"2","1","5","1","2",5,1,0,2,"1",43,"2","4","1",15505.864175,3.48
"2",37,"2",0,"2","2","3","2","2",6,1,0,1,"1",80,"1","3","1",23015.093413,2.15
"2",72,"3",0,"1","1","2","1","2",2,0,0,2,"1",73,"1","2","1",57206.653095,2.48
"1",55,"1",0,"1","1","1","1","2",2,0,0,0,"1",55,"1","1","1",31463.897254,1.29
"1",80,"3",0,"1","1","2","1","2",1,0,0,1,"1",80,"1","2","2",34527.858326,5
"1",37,"6",0,"2","2","5","1","2",2,0,0,0,"2",27,"2","5","1",28842.838875,5
"1",49,"3",0,"1","1","3","1","2",4,0,0,2,"1",72,"1","3","1",29566.466495,0.12
"2",52,"3",0,"1","1","5","1","2",1,0,0,0,"2",52,"1","5","3",90604.866322,5
"2",70,"3",0,"1","1","5","1","2",2,0,0,2,"1",70,"1","5","1",49447.25675,5
"2",26,"3",0,"1","1","4","1","2",2,1,0,0,"1",26,"1","4","5",68800.997119,1.53
"2",50,"3",0,"1","1","5","1","2",3,0,0,1,"2",50,"1","5","1",89889.363185,4.4
"2",52,"3",0,"1","1","5","1","2",2,0,0,0,"2",52,"1","5","3",23347.417888,1.27
"2",52,"3",0,"1","1","4","1","2",6,0,0,2,"2",52,"1","4","6",29166.123226,2.13
"1",71,"4",0,"1","1","3","1","2",1,0,0,1,"1",71,"1","3","3",12767.787483,1.04
"2",34,"6",0,"2","2","4","1","2",7,1,3,0,"2",39,"2","2","1",16968.540319,0.88
"2",55,"3",0,"1","1","3","1","2",3,0,0,0,"2",20,"1","3","5",21540.570755,1.52
"1",74,"3",0,"1","1","5","1","2",1,0,0,1,"1",74,"1","5","3",74357.485095,5
"2",37,"4",0,"1","1","3","1","2",1,0,0,0,"2",37,"1","3","3",23438.222526,3.66
"1",80,"1",0,"1","1","1","1","2",2,0,0,1,"1",80,"1","1","2",12031.533115,1.79
"1",47,"3",0,"1","1","3","1","2",1,0,1,0,"1",47,"1","3","4",30341.43992,1
"1",45,"2",0,"1","1","3","1","2",1,0,0,0,"1",45,"1","3","6",31707.15438,3.74
"1",36,"3",0,"1","1","5","1","2",1,0,0,0,"1",36,"1","5","3",84120.656677,5
"2",66,"2",0,"2","1","1","2","2",2,0,0,1,"2",66,"2","1","3",14241.691039,0.52
"1",57,"4",0,"1","1","3","1","2",1,0,0,0,"1",57,"1","3","3",26458.913955,0.69
"2",42,"1",0,"1","1","4","1","2",2,0,0,0,"1",45,"2","4","1",37529.407865,3.93
"1",33,"3",0,"1","1","3","1","2",3,1,0,0,"1",33,"1","3","1",16977.21867,3.33
"1",22,"3",0,"1","1","5","1","2",4,0,1,0,"1",58,"1","5","1",72080.014915,5
"2",43,"1",0,"2","1","2","1","2",6,1,1,0,"1",42,"2","1","1",28218.956804,1.33
"2",26,"4",0,"1","1","4","1","2",3,1,1,0,"2",26,"1","4","5",36112.430315,0.35
"1",55,"3",1,"1","1","3","1","2",5,1,0,0,"1",55,"1","3","1",108103.350291,1.79
"2",40,"2",0,"1","1","3","1","2",4,0,3,0,"2",40,"1","3","5",31179.275398,0.67
"1",47,"4",0,"2","2","5","1","2",3,0,0,2,"1",80,"2","3","1",29448.640449,3.07
"1",73,"4",0,"1","1","2","1","2",1,0,0,1,"1",73,"1","2","1",9918.956424,0.7
"2",42,"3",0,"1","1","5","1","2",6,0,4,0,"1",36,"1","3","1",84721.464339,2.15
"1",39,"4",1,"1","1","5","1","2",6,0,3,0,"1",39,"1","5","1",20735.36065,3.96
"2",62,"1",0,"1","1","4","1","2",2,0,0,2,"2",62,"1","4","1",22187.305914,4.19
"1",80,"3",1,"1","1","5","1","2",3,0,0,2,"1",44,"1","5","6",30551.127042,5
"1",48,"3",0,"1","1","5","1","2",3,0,1,1,"1",48,"1","5","1",79433.299646,5
"1",40,"1",0,"2","2","3","2","2",6,2,1,0,"1",40,"2","3","6",24762.302082,0.63
"1",28,"3",0,"1","1","4","1","2",6,2,0,1,"2",68,"1","4","2",31628.579865,0.63
"1",44,"3",0,"1","1","2","1","2",7,0,0,2,"1",73,"1","2","1",21240.783878,0.67
"2",31,"4",0,"1","1","2","1","2",4,0,1,0,"2",50,"1","3","5",19485.546444,1.91
"1",21,"1",0,"1","1","3","1","2",4,0,2,0,"1",55,"2","1","4",35537.008208,0.92
"2",80,"3",0,"1","1","4","1","2",2,0,0,2,"1",80,"1","4","1",44990.322145,3.22
"2",48,"1",0,"2","2","2","1","2",3,0,1,0,"1",43,"2","2","1",37529.407865,2.05
"2",25,"3",0,"2","2","5","1","2",3,1,0,0,"1",27,"2","5","1",64578.397369,1.23
"2",55,"3",0,"1","1","5","1","2",3,0,1,0,"1",56,"1","5","1",74348.922462,3.54
"2",32,"1",0,"2","2","3","2","2",7,0,0,0,"2",39,"2","1","1",23018.76866,1.94
"2",54,"3",0,"1","1","5","1","2",2,0,0,0,"2",54,"1","5","1",84145.999065,5
"1",63,"6",0,"2","2","5","1","2",2,0,0,2,"1",63,"2","5","1",11833.646614,5
"1",33,"4",0,"1","1","2","1","2",3,0,1,0,"2",36,"1","3","1",31066.851772,1.52
"1",41,"3",0,"1","1","2","1","2",5,0,3,0,"1",41,"1","2","1",14821.110318,0.91
"2",39,"3",0,"1","1","3","1","2",1,0,0,0,"2",39,"1","3","4",54591.411322,3.6
"1",64,"1",1,"1","1","3","1","2",2,0,0,2,"1",64,"1","3","1",13662.586043,3.87
"2",70,"4",0,"1","1","5","1","2",1,0,0,1,"2",70,"1","5","2",28058.954575,0.81
"2",42,"1",0,"2","2","4","1","2",4,0,2,0,"2",42,"2","4","1",22899.544594,0.93
"1",77,"3",1,"1","1","2","1","2",2,0,0,2,"1",77,"1","2","1",66938.724573,5
"2",22,"1",0,"1","1","4","1","2",5,0,2,1,"1",61,"2","1","1",36550.650062,1.2
"1",24,"3",0,"1","1","4","1","2",4,0,1,0,"2",42,"1","4","1",58966.770514,5
"2",59,"3",0,"1","1","5","1","2",3,0,0,1,"1",60,"1","5","1",133351.242201,5
"2",33,"3",0,"1","1","5","1","2",2,0,0,0,"1",35,"1","5","1",75661.323215,5
"2",44,"2",0,"2","2","2","2","1",6,1,1,0,"1",44,"2","2","1",28560.372069,1.42
"2",41,"3",0,"1","1","2","1","2",6,2,2,0,"1",43,"1","5","1",66313.020476,2.03
"2",34,"3",0,"1","1","5","1","2",4,2,0,0,"1",35,"1","4","1",86711.703215,3.61
"1",39,"3",0,"1","1","2","1","2",1,0,0,0,"1",39,"1","2","3",15058.98154,1.57
"2",47,"6",0,"2","2","5","1","2",4,0,2,0,"2",47,"2","5","1",19690.96046,0.85
"2",42,"1",0,"1","1","5","1","2",4,0,2,0,"1",45,"1","4","1",28694.726202,5
"2",50,"4",0,"1","1","4","1","2",3,0,0,0,"1",51,"1","4","6",24199.38401,3.44
"1",34,"3",0,"1","1","4","1","2",5,2,1,0,"2",31,"1","4","1",17889.38376,1
"1",80,"4",1,"1","1","4","1","2",3,0,0,2,"1",80,"1","4","1",13931.921944,3.03
"1",32,"6",0,"2","1","5","1","2",3,1,0,0,"1",32,"2","5","1",17754.493789,1.02
"2",60,"3",0,"1","1","5","1","2",1,0,0,1,"2",60,"1","5","5",97588.838086,5
"1",65,"2",0,"2","1","4","2","2",1,0,0,1,"1",65,"2","4","3",12352.53595,0.42
"2",66,"4",0,"1","1","2","1","2",1,0,0,1,"2",66,"1","2","3",18497.855373,1.11
"2",80,"3",0,"1","1","2","1","2",1,0,0,1,"2",80,"1","2","3",56756.157214,1.8
"2",57,"6",0,"2","2","5","1","2",2,0,0,0,"1",57,"2","5","1",13617.881247,3.22
"1",32,"6",0,"2","2","5","1","2",2,0,0,0,"1",32,"2","5","1",19009.30117,5
"1",80,"6",0,"2","1","1","1","1",3,0,2,1,"1",80,"2","1","2",14202.665717,0.52
"2",70,"3",0,"1","1","5","1","2",2,0,0,2,"1",73,"1","5","1",46865.504432,5
"2",79,"3",0,"1","1","5","1","2",1,0,0,1,"2",79,"1","5","3",45525.373894,4.28
"1",41,"1",0,"2","2","2","2","2",5,0,3,0,"1",41,"2","2","1",23721.73495,1.07
"2",80,"3",0,"1","1","3","1","2",2,0,0,2,"2",65,"1","5","3",38308.300277,2.39
"2",30,"4",0,"1","1","4","1","2",4,0,2,0,"2",30,"1","4","6",39622.264411,4.19
"2",51,"2",0,"2","1","2","1","2",7,1,4,0,"2",32,"1","2","5",13182.967793,0.2
"1",65,"1",0,"1","1","2","1","2",2,0,0,2,"1",65,"1","2","1",12739.270358,3.09
"2",65,"6",0,"1","1","4","1","2",2,0,0,2,"2",65,"1","4","1",16108.780281,3.22
"2",24,"3",0,"1","1","5","1","2",1,0,0,0,"2",24,"1","5","5",49010.391779,2.83
"1",48,"3",0,"1","1","3","1","2",3,0,0,0,"1",24,"1","4","5",136544.255482,5
"1",80,"3",0,"1","1","4","1","2",1,0,0,1,"1",80,"1","4","2",42071.929453,5
"1",30,"3",0,"1","1","4","1","2",2,0,0,0,"2",31,"1","4","1",69244.437969,5
"2",57,"4",0,"2","1","4","1","2",1,0,0,0,"2",57,"2","4","4",32624.687753,3.43
"1",53,"4",0,"1","1","4","1","2",3,0,0,2,"2",62,"1","5","1",27221.263898,4.61
"1",62,"4",0,"1","1","5","1","2",3,0,0,1,"1",62,"1","5","6",13801.726515,1.43
"2",44,"3",0,"1","1","5","1","2",5,0,2,1,"2",70,"1","5","2",45990.143552,5
"2",33,"3",0,"1","1","5","1","2",4,2,0,0,"2",33,"1","5","1",89840.648249,3.56
"2",60,"4",0,"1","1","4","1","2",1,0,0,1,"2",60,"1","4","5",14368.512073,0.86
"1",80,"4",0,"1","1","4","1","2",2,0,0,2,"1",80,"1","4","1",9918.956424,1.29
"2",80,"3",0,"1","1","5","1","2",2,0,0,2,"2",80,"1","5","3",52965.381469,4.51
"2",65,"3",0,"1","1","3","1","2",3,1,0,1,"2",32,"1","4","4",20692.973029,0.51
"2",56,"3",0,"1","1","5","1","2",1,0,0,0,"2",56,"1","5","3",29756.246062,1
"1",71,"4",0,"1","1","3","1","2",3,0,1,1,"2",59,"1","3","1",9789.492511,2.87
"1",70,"3",0,"1","1","3","1","2",1,0,0,1,"1",70,"1","3","3",17787.940939,1.03
"2",40,"4",0,"1","1","3","1","2",4,0,1,1,"2",40,"1","3","5",27713.012876,0.85
"1",37,"3",0,"1","1","3","1","2",3,0,2,0,"1",37,"1","3","3",84208.44009,1.06
"1",57,"3",0,"1","1","5","1","2",2,0,0,0,"1",57,"1","5","1",139320.855635,5
"2",22,"3",0,"1","1","2","1","2",5,0,2,0,"1",54,"1","2","1",32937.437218,0.86
"1",76,"3",0,"1","1","4","1","2",2,0,0,2,"1",76,"1","4","1",85634.587371,4.84
"1",51,"7",0,"2","1","5","1","2",4,2,1,0,"1",51,"2","5","1",18770.56258,5
"2",34,"3",0,"1","1","2","1","2",2,0,1,0,"2",34,"1","2","5",33160.516091,0.45
"1",80,"4",1,"2","1","5","1","2",4,0,0,2,"2",55,"1","5","3",7553.387589,5
"1",65,"1",0,"2","1","3","2","2",7,1,2,2,"1",65,"2","3","1",9475.529823,0.36
"1",30,"6",0,"2","1","3","1","1",2,0,0,0,"2",55,"2","3","3",13565.574783,2.23
"2",55,"3",0,"1","1","4","1","2",2,0,1,0,"2",55,"1","4","3",23347.417888,1.59
"2",39,"2",0,"2","2","4","1","2",3,0,1,0,"2",39,"2","4","3",31238.23893,2.53
"2",29,"3",0,"1","1","4","1","2",5,3,0,0,"1",28,"1","3","1",65978.73457,1.86
"1",27,"3",0,"2","1","5","1","2",1,0,0,0,"1",29,"1","5","5",74931.34454,0.17
"1",50,"3",1,"1","1","5","1","2",2,0,0,0,"2",45,"1","4","1",97058.62242,5
"1",22,"1",0,"1","1","2","2","1",3,0,0,0,"1",47,"2","3","4",35537.008208,0.28
"1",33,"1",0,"2","2","5","2","2",5,2,1,0,"2",34,"2","3","1",40218.445362,0.21
"1",80,"1",0,"2","2","1","2","2",2,0,0,2,"1",80,"2","1","1",12910.61342,0.61
"1",64,"3",0,"1","1","5","1","2",2,0,0,2,"1",64,"1","5","1",117627.887752,5
"2",53,"4",0,"1","1","5","1","2",2,0,0,0,"2",53,"1","5","1",21317.05004,5
"2",35,"3",0,"1","1","2","1","2",5,1,2,0,"1",35,"2","2","1",54187.402201,0.98
"1",45,"3",0,"1","1","4","1","2",4,0,2,0,"1",45,"1","4","1",128829.091308,3.4
"2",42,"1",0,"2","2","3","2","2",4,0,1,0,"2",42,"2","3","1",29126.662951,0.84
"1",35,"3",0,"1","1","2","1","2",5,0,3,0,"2",43,"1","3","1",18636.512412,1.27
"2",63,"3",0,"1","1","1","1","2",2,0,0,2,"2",63,"1","1","1",98127.7155,1.38
"2",65,"2",0,"2","1","2","1","2",2,0,0,2,"1",66,"2","3","1",12460.561778,3.69
"1",38,"7",0,"1","1","4","1","2",5,0,3,0,"1",38,"1","4","1",16202.590878,0.9
"2",42,"2",0,"2","1","1","2","2",5,0,2,0,"1",49,"2","2","1",34672.221642,2.33
"2",50,"3",0,"1","1","4","1","2",7,1,3,0,"2",50,"1","4","1",85798.551578,5
"2",61,"1",0,"2","1","5","2","2",2,0,0,2,"1",60,"2","4","1",22493.741392,2.26
"1",64,"4",1,"1","1","3","1","2",3,0,0,2,"2",72,"1","5","1",12394.479841,1.77
"1",35,"1",0,"1","1","2","1","2",2,0,0,0,"1",35,"1","2","6",69131.998146,4.51
"2",75,"3",0,"1","1","4","1","2",1,0,0,1,"2",75,"1","4","2",65674.371421,1.67
"2",69,"4",0,"1","1","5","1","2",1,0,0,1,"2",69,"1","5","3",26461.380739,2.4
"1",75,"4",0,"1","1","5","1","2",1,0,0,1,"1",75,"1","5","5",15989.733025,3.43
"1",61,"1",0,"2","1","2","1","2",3,0,0,2,"2",63,"2","2","1",20685.132899,1.28
"1",60,"4",0,"1","1","2","1","2",4,0,1,2,"2",55,"1","1","1",12775.635947,0.84
"1",55,"4",0,"1","1","5","1","2",1,0,0,0,"2",58,"1","5","6",24170.680639,3.48
"2",33,"7",0,"1","1","4","1","2",6,2,3,0,"2",33,"1","4","5",18250.835435,0.59
"2",43,"4",0,"1","1","2","1","2",1,0,0,1,"2",43,"1","2","6",34891.471516,5
"1",44,"1",0,"2","2","2","2","2",6,1,3,0,"1",44,"2","2","6",23721.73495,1.03
"2",61,"4",0,"1","1","4","1","2",1,0,0,1,"2",61,"1","4","4",26463.545983,4.35
"1",57,"3",0,"1","1","5","1","2",1,0,0,0,"1",57,"1","5","3",147814.793418,5
"2",63,"6",0,"2","1","2","1","1",1,0,0,3,"2",64,"2","2","1",15875.841315,0.86
"1",49,"3",0,"1","1","3","1","2",5,0,1,0,"2",52,"2","5","1",125347.223976,1.81
"1",59,"3",0,"2","2","3","1","1",3,0,0,0,"1",59,"2","3","1",97058.62242,2.2
"1",75,"3",1,"1","1","3","1","2",1,0,0,1,"1",75,"1","3","3",18472.15649,1.29
"2",63,"2",0,"2","1","2","2","2",2,0,0,2,"2",63,"2","2","1",7446.375662,0.83
"2",49,"3",0,"1","1","2","1","2",7,1,1,0,"2",49,"1","2","1",13626.235975,0.83
"1",37,"2",0,"2","2","5","2","2",6,1,1,0,"1",59,"2","1","5",35598.689428,2.69
"2",56,"3",0,"1","1","5","1","2",2,0,0,1,"1",63,"1","4","1",133966.934421,5
"1",22,"3",1,"1","1","4","1","2",1,0,0,0,"1",20,"1","4","5",95090.83059,1.91
"2",28,"4",0,"1","1","4","1","2",3,0,2,0,"2",28,"1","4","5",22313.996613,0.35
"2",48,"3",0,"1","1","3","1","2",1,0,1,0,"2",48,"1","3","3",79969.743225,1.46
"1",33,"1",0,"2","2","1","2","2",4,0,2,0,"2",40,"2","4","6",52091.059832,1.27
"2",57,"3",0,"1","1","2","1","2",3,0,1,1,"2",57,"1","2","1",17771.778465,0.82
"2",40,"1",0,"2","1","3","2","2",2,0,1,0,"2",40,"2","3","3",35528.735766,0.78
"1",30,"3",0,"1","1","4","1","2",5,0,3,0,"1",30,"1","4","1",18636.512412,1.02
"1",37,"3",0,"1","1","4","1","2",7,0,4,0,"1",37,"1","4","1",68996.412224,2.22
"2",23,"7",0,"1","1","1","1","2",2,0,0,0,"2",51,"1","4","2",23672.086299,1.04
"2",36,"4",0,"1","1","4","1","2",3,0,1,0,"2",36,"1","4","5",23614.924985,0.86
"1",21,"4",0,"1","1","4","1","2",5,0,0,1,"1",48,"1","4","1",18238.257444,0.86
"2",50,"1",0,"2","1","1","2","2",3,0,0,0,"2",50,"2","1","1",12645.557904,2.63
"2",44,"6",0,"2","1","3","1","2",4,0,0,0,"2",44,"2","3","1",12255.170105,2.52
"2",22,"3",0,"1","1","4","1","2",3,0,0,0,"2",52,"1","4","4",87555.940254,1.33
"1",59,"3",0,"1","1","5","1","2",2,0,0,1,"2",62,"1","5","1",135541.860875,5
"1",22,"3",0,"1","1","3","1","2",3,0,0,2,"1",68,"1","4","1",76255.54137,2.53
"2",33,"3",0,"1","1","4","1","2",4,1,1,0,"1",35,"1","3","1",60170.778018,2.12
"2",61,"2",0,"2","1","1","2","2",7,1,3,1,"2",37,"2","2","1",17623.795166,0.56
"2",35,"3",0,"1","1","5","1","2",4,0,2,0,"1",35,"1","5","1",82553.948056,5
"1",20,"3",0,"1","1","3","1","2",4,0,1,0,"1",52,"1","5","1",12789.910826,1.47
"2",58,"3",0,"1","1","2","1","2",1,0,0,0,"2",58,"1","2","3",90781.628862,1.38
"2",29,"2",0,"1","1","4","1","2",3,1,0,0,"2",29,"1","4","1",29996.75335,5
"1",50,"3",0,"1","1","2","1","2",2,0,0,1,"1",50,"1","2","1",33703.133703,0.76
"1",72,"3",1,"1","1","4","1","2",2,0,0,2,"1",72,"1","4","1",82019.900097,2.67
"2",27,"4",0,"2","2","3","1","2",6,3,1,0,"1",35,"2","4","1",24430.653068,1.27
"2",64,"3",0,"1","1","4","1","2",1,0,0,1,"1",57,"1","4","6",88812.791646,3.17
"2",31,"6",0,"2","2","5","1","2",3,1,0,0,"2",31,"2","5","1",18100.496948,3.17
"2",31,"4",0,"1","1","3","1","2",3,0,2,0,"2",31,"1","3","5",28567.295349,1.28
"1",27,"3",0,"1","1","2","1","2",6,2,1,0,"2",25,"1","2","6",21258.520421,1.2
"1",40,"2",0,"2","2","3","1","2",3,1,0,0,"2",32,"1","5","1",25555.527937,4.61
"2",38,"6",0,"2","1","5","1","2",4,1,1,0,"2",38,"2","5","1",25405.817115,4.35
"2",73,"3",0,"1","1","5","1","2",1,0,0,2,"1",79,"1","4","6",41898.51764,4.28
"1",52,"3",0,"1","1","2","1","2",2,0,0,0,"1",52,"1","2","1",28883.536459,0.84
"2",69,"3",0,"1","1","2","1","2",5,0,0,3,"1",72,"1","2","1",68874.921408,4.48
"1",61,"3",0,"1","1","5","1","2",2,0,0,2,"1",61,"1","5","1",138653.859851,2.26
"1",37,"1",0,"1","1","3","1","2",6,0,4,0,"2",38,"1","4","1",36284.650273,0.63
"2",41,"1",0,"2","2","2","2","2",4,0,1,0,"1",51,"2","1","1",28793.100616,0.96
"1",44,"3",0,"1","1","2","1","2",5,0,2,0,"1",44,"1","2","1",80384.837604,4.3
"2",70,"3",0,"2","2","2","1","2",1,0,0,2,"2",70,"2","2","2",74549.944691,2.09
"1",24,"1",0,"1","1","4","1","2",5,1,0,1,"2",28,"1","4","5",27116.336989,0.54
"2",57,"3",0,"1","1","3","1","2",1,0,0,0,"2",57,"1","3","3",95728.680136,3
"1",38,"3",0,"1","1","3","1","2",4,0,2,0,"1",38,"1","3","1",58125.464346,5
"2",31,"1",0,"2","2","2","2","1",7,1,2,1,"1",62,"2","1","1",38574.480424,3.79
"2",44,"4",0,"1","1","4","1","2",2,0,1,0,"2",44,"1","4","5",25888.722896,1.53
"1",50,"6",0,"2","1","5","1","2",2,0,0,0,"1",50,"2","5","1",21018.835537,5
"1",38,"2",0,"2","1","5","1","2",5,2,1,0,"1",38,"2","5","1",71939.482552,1.5
"2",21,"3",0,"1","1","3","1","2",3,1,0,0,"2",21,"1","3","1",67906.31946,3.03
"1",64,"3",0,"1","1","5","1","2",1,0,0,1,"1",64,"1","5","3",87492.716647,1.43
"1",31,"4",1,"1","1","4","1","2",1,0,0,0,"1",24,"1","4","5",21155.958079,3
"2",75,"4",0,"1","1","4","1","2",2,0,0,2,"2",75,"1","4","1",22991.864895,4.45
"2",64,"4",0,"1","1","2","1","2",1,0,0,1,"2",64,"1","2","3",26461.380739,1.97
"2",61,"3",0,"1","1","4","1","2",1,0,0,1,"2",61,"1","4","5",73217.252576,1
"1",24,"3",0,"1","1","3","1","2",3,0,0,0,"1",24,"1","3","6",76868.238234,2.02
"2",33,"4",0,"1","1","2","1","2",3,1,1,0,"2",33,"1","2","5",22187.224263,0.51
"1",33,"3",0,"1","1","4","1","2",5,2,1,0,"1",33,"1","4","1",16276.994969,0.8
"1",43,"1",0,"2","2","3","2","2",4,0,1,0,"1",43,"2","3","1",36832.458403,1.06
"2",75,"3",0,"1","1","2","1","2",2,0,0,2,"1",80,"1","4","1",28673.981659,0.95
"1",39,"1",0,"2","2","3","1","2",4,0,2,0,"2",34,"2","4","1",49713.627493,2.34
"1",40,"6",0,"1","1","2","1","2",7,1,3,0,"2",39,"2","2","1",15895.582521,0.88
"1",72,"4",0,"1","1","3","1","2",2,0,0,2,"1",68,"1","3","5",9993.736156,1.08
"2",55,"6",0,"2","1","4","1","2",2,0,0,0,"2",55,"2","4","1",18815.644073,4.13
"1",33,"3",0,"1","1","4","1","2",1,0,0,0,"1",33,"1","4","3",22634.974208,0.26
"2",48,"4",0,"1","1","4","1","2",4,0,2,0,"2",48,"1","4","5",22666.579238,0.67
"1",27,"2",0,"2","1","5","1","2",1,0,0,0,"1",27,"2","5","5",42221.475894,0.87
"2",71,"3",0,"1","1","3","1","2",1,0,0,1,"2",71,"1","3","2",59128.976139,1.57
"1",73,"6",0,"2","1","5","1","2",2,0,0,2,"1",73,"2","5","1",15855.011733,3.18
"1",27,"4",0,"1","1","3","1","2",1,0,0,3,"1",80,"1","1","2",16368.698576,0.92
"1",24,"1",0,"1","1","2","1","2",5,0,2,1,"2",29,"1","4","5",35826.378607,0.71
"1",28,"3",1,"1","1","3","1","2",1,1,1,0,"1",28,"1","3","6",69483.786978,1.22
"2",24,"1",0,"1","1","4","1","2",7,2,0,0,"2",25,"1","5","5",23089.077067,0.68
"1",23,"3",0,"1","1","4","1","2",1,0,0,0,"1",23,"1","4","6",33682.117542,1.2
"2",37,"1",0,"2","1","3","2","2",3,0,1,0,"2",37,"2","3","6",49443.10405,0.92
"1",61,"4",1,"1","1","4","1","2",2,0,0,2,"1",61,"1","4","6",17825.337111,5
"2",21,"3",0,"1","1","4","1","2",1,0,0,0,"2",21,"1","4","5",82370.610607,1.24
"2",71,"1",0,"2","1","1","2","2",2,0,0,2,"2",71,"2","1","1",12094.311962,1.29
"2",37,"6",0,"1","1","4","1","2",4,1,1,0,"1",29,"1","4","1",14433.378178,3.14
"1",20,"3",0,"1","1","2","1","2",6,2,1,0,"2",24,"1","2","6",23995.701137,1.13
"2",70,"2",0,"2","2","1","2","1",1,0,0,1,"2",70,"2","1","4",8041.986857,0.89
"2",42,"3",0,"1","1","2","1","2",4,0,1,0,"1",41,"1","2","1",35881.452621,0.47
"2",62,"3",0,"1","1","3","1","2",3,0,0,2,"2",31,"1","5","5",51383.455602,5
"2",60,"3",0,"1","1","5","1","2",2,0,0,2,"2",60,"1","5","1",75672.783338,5
"2",47,"6",0,"2","1","5","1","2",2,0,0,0,"2",47,"2","5","1",25398.536542,5
"2",34,"6",0,"2","1","5","1","2",2,0,0,0,"2",34,"2","5","5",16507.265546,5
"1",64,"3",0,"1","1","5","1","2",2,0,0,2,"2",63,"1","4","1",121183.281969,5
"2",71,"1",0,"2","1","1","2","2",6,2,0,2,"2",71,"2","1","1",16202.02994,0.69
"1",46,"3",0,"1","1","4","1","2",5,0,3,0,"1",46,"1","4","1",98031.983424,4.64
"2",31,"6",0,"2","1","3","1","1",4,1,1,0,"1",33,"2","3","1",18100.496948,1.32
"2",39,"1",0,"2","2","3","1","2",4,0,2,0,"2",39,"2","3","1",23468.559567,1.47
"1",42,"6",0,"1","1","5","1","2",4,0,2,0,"1",42,"1","5","1",20919.607997,5
"1",47,"4",0,"1","1","3","1","2",3,0,0,2,"1",72,"1","3","1",20498.91548,5
"1",44,"4",0,"1","1","3","1","2",5,2,1,0,"1",44,"1","3","1",21387.58651,0.54
"1",67,"3",0,"1","1","1","1","2",1,0,0,1,"1",67,"1","1","2",118652.097469,2.57
"1",39,"3",0,"1","1","3","1","2",5,1,2,0,"1",39,"1","3","1",80515.805023,3.3
"1",80,"3",1,"1","1","3","1","2",2,0,0,2,"1",80,"1","3","1",17395.765026,1.46
"1",78,"4",1,"1","1","5","1","2",6,0,3,2,"1",78,"1","5","1",10016.103432,1.56
"2",46,"3",0,"1","1","3","1","2",6,1,2,0,"2",26,"1","3","1",25022.722378,0.35
"1",68,"4",1,"1","1","3","1","2",2,0,0,2,"1",68,"1","3","1",8456.382628,5
"1",33,"3",1,"1","1","4","1","2",2,1,0,0,"1",33,"1","4","5",99525.641485,2.42
"2",42,"4",0,"1","1","5","1","2",3,0,2,0,"2",42,"1","5","3",26554.331577,1.97
"2",60,"6",0,"2","1","5","1","2",2,0,0,1,"1",57,"2","4","1",19293.480114,2.06
"1",80,"3",0,"1","1","3","1","2",1,1,1,1,"1",80,"1","3","6",13505.596208,0.87
"2",65,"6",0,"2","2","5","1","1",7,1,0,3,"2",37,"2","5","1",6968.27357,5
"1",23,"1",0,"2","2","5","2","1",6,3,2,0,"2",32,"2","3","6",32322.174729,0.38
"1",66,"3",0,"1","1","4","1","2",2,0,0,2,"1",66,"1","4","1",113706.95816,5
"1",60,"3",0,"1","1","1","1","2",2,0,0,2,"2",62,"1","2","1",67339.620342,3.09
"1",31,"4",1,"1","1","4","1","2",1,0,0,0,"1",31,"1","4","3",16754.764371,5
"1",66,"3",1,"1","1","4","1","2",1,0,0,1,"1",66,"1","4","3",116643.261856,3
"2",38,"6",0,"2","1","4","1","2",5,0,2,0,"1",36,"1","4","1",22886.737714,1.43
"2",24,"2",0,"1","1","2","1","2",5,1,1,0,"1",48,"1","3","3",34378.472565,0.73
"2",43,"4",1,"1","1","5","1","2",2,0,1,0,"2",43,"1","5","2",30996.519399,2.58
"1",41,"1",0,"2","2","1","2","1",6,3,2,0,"2",32,"2","3","6",22173.26924,0.38
"1",24,"1",0,"2","2","3","2","2",4,0,0,2,"1",64,"2","1","1",32327.336211,1.26
"1",39,"3",0,"1","1","4","1","2",4,0,0,2,"1",65,"1","3","1",106819.654572,2.12
"2",60,"2",0,"2","2","3","1","2",7,0,2,2,"2",60,"2","3","1",9554.245885,0.58
"1",52,"4",0,"1","1","3","1","2",2,0,0,0,"2",54,"1","5","1",29995.962025,3.94
"2",52,"3",0,"1","1","1","1","2",7,0,4,0,"1",55,"1","1","1",25919.104172,0.02
"1",46,"3",0,"1","1","4","1","2",6,1,3,0,"2",44,"1","5","1",66076.325643,5
"2",77,"1",0,"2","1","1","2","2",1,0,0,1,"2",77,"2","1","2",13036.074129,0.82
"2",62,"4",0,"2","2","3","1","2",1,0,0,1,"2",62,"2","3","5",11298.991105,2.31
"2",73,"1",0,"2","1","2","2","2",5,0,2,2,"1",56,"1","3","3",17702.366641,0.44
"2",46,"3",0,"1","1","3","1","2",5,0,2,0,"1",48,"1","4","1",59781.505548,4.72
"2",37,"4",0,"2","1","5","1","2",4,1,2,0,"2",37,"2","5","3",22568.629344,0.47
"2",47,"6",0,"2","1","5","1","1",4,0,2,0,"2",47,"2","5","1",22516.24874,5
"2",49,"3",0,"1","1","4","1","2",5,0,1,0,"1",52,"1","5","1",91249.402337,3.58
"1",22,"2",0,"1","1","3","1","2",5,0,2,0,"2",42,"1","4","1",25090.621988,0.82
"2",31,"4",0,"1","1","5","1","2",1,0,0,0,"2",31,"1","5","5",27497.00138,5
"2",75,"6",0,"2","1","5","1","1",4,0,0,2,"1",80,"2","5","1",17876.236819,2.69
"1",38,"3",0,"1","1","5","1","2",3,0,1,0,"1",38,"1","5","6",75733.141949,5
"2",47,"7",0,"2","1","5","1","2",2,0,1,0,"2",47,"2","5","3",97981.989947,5
"2",24,"1",0,"2","2","2","2","2",5,1,1,0,"2",24,"2","2","1",30099.494157,0.65
"2",52,"4",0,"1","1","2","1","2",3,0,0,1,"1",61,"1","2","1",24004.618772,1.36
"2",74,"3",0,"2","1","5","1","2",2,0,0,2,"1",74,"2","5","1",51836.76364,5
"2",20,"2",0,"1","1","4","1","2",6,0,3,0,"1",41,"2","4","6",28521.503185,1.58
"1",49,"6",0,"1","1","3","1","2",4,2,0,0,"2",44,"1","5","1",15601.184383,5
"2",75,"3",0,"1","1","4","1","2",2,0,0,2,"1",79,"1","5","1",78031.119244,3.1
"1",62,"6",0,"2","1","5","1","2",2,0,0,2,"1",62,"2","5","1",15032.644933,5
"1",25,"3",0,"1","1","4","1","2",3,1,0,0,"1",25,"1","4","6",41358.387887,0.92
"2",55,"4",0,"1","1","5","1","2",1,0,0,0,"2",55,"1","5","5",26836.884023,5
"2",56,"6",0,"2","1","3","1","1",2,0,0,0,"1",59,"2","3","1",16088.772968,0.84
"2",69,"3",1,"1","1","5","1","2",4,1,0,2,"2",69,"1","5","1",99668.892422,5
"2",20,"3",0,"1","1","4","1","2",3,0,0,0,"2",46,"1","4","3",32386.094617,3.17
"2",33,"4",0,"2","1","4","1","2",4,1,2,0,"2",33,"2","4","5",19990.771245,1.47
"2",73,"3",0,"1","1","5","1","2",1,0,0,1,"2",73,"1","5","2",71587.176787,5
"2",35,"6",0,"2","1","4","1","2",6,1,1,2,"1",70,"2","3","1",11387.031649,1.56
"1",52,"3",1,"1","1","5","1","2",1,0,0,0,"1",52,"1","5","5",102367.737503,5
"2",22,"3",0,"1","1","1","1","2",7,0,4,0,"1",55,"1","1","1",42790.753381,0.02
"2",48,"1",0,"1","1","2","1","2",5,0,2,0,"2",32,"1","2","1",28103.215275,2.36
"2",37,"1",0,"2","2","2","2","1",7,0,4,1,"2",64,"1","3","1",23015.093413,0.68
"1",64,"6",0,"2","1","5","1","2",4,0,0,2,"1",64,"2","5","1",17151.870758,5
"1",44,"3",0,"1","1","3","1","2",5,1,0,1,"2",65,"1","3","5",51494.558463,2.6
"1",46,"3",0,"1","1","5","1","2",4,0,2,0,"1",46,"1","5","1",100857.043112,5
"1",53,"3",1,"1","1","5","1","2",3,0,1,0,"1",53,"1","5","1",108960.528817,5
"2",32,"2",0,"2","1","4","1","2",1,0,0,0,"2",32,"2","4","4",28488.185743,0.69
"2",45,"3",0,"1","1","5","1","2",5,0,3,0,"2",45,"1","5","1",61709.941211,5
"2",69,"3",0,"1","1","5","1","2",1,0,0,1,"2",69,"1","5","3",29060.465143,0.87
"2",40,"3",0,"1","1","3","1","2",4,0,2,0,"2",40,"1","3","1",103352.849268,3.82
"2",42,"4",0,"2","2","4","1","2",5,0,3,0,"2",42,"2","4","6",22039.096955,2.63
"1",55,"4",0,"1","1","2","1","2",5,0,0,0,"1",55,"1","2","1",25036.640787,1.52
"2",52,"3",0,"1","1","4","1","2",4,0,2,0,"1",46,"1","3","1",129914.35588,1.91
"2",36,"1",0,"2","2","3","2","2",4,0,2,0,"1",34,"2","3","1",26981.529191,1.47
"2",40,"4",0,"1","1","4","1","2",3,0,0,1,"1",68,"1","2","4",24558.693596,2.53
"1",41,"3",0,"1","1","5","1","2",2,0,0,0,"2",31,"1","5","1",69155.0937,5
"1",55,"3",0,"1","1","4","1","2",1,0,0,0,"1",55,"1","4","3",129403.965268,4.18
"1",52,"1",0,"2","2","1","2","2",6,0,1,0,"1",52,"2","1","5",11660.574832,0.31
"2",34,"4",0,"1","1","3","1","2",5,0,3,0,"1",33,"1","3","1",24567.432905,1.09
"2",35,"4",0,"1","1","3","1","2",1,0,0,0,"2",35,"1","3","5",27927.439481,0.17
"2",48,"3",0,"1","1","3","1","2",4,0,2,0,"1",50,"1","3","1",26510.789064,1.04
"1",59,"3",0,"1","1","4","1","2",2,0,0,0,"2",55,"1","2","3",131047.031685,1.46
"2",46,"2",0,"2","1","1","2","2",4,0,0,0,"1",44,"2","1","1",25155.23712,2.52
"2",25,"3",0,"1","1","4","1","2",3,1,0,0,"2",25,"1","4","1",32386.094617,2.56
"1",65,"4",0,"1","1","2","1","2",4,0,2,1,"1",65,"1","2","1",7980.500827,1.7
"1",80,"3",1,"1","1","3","1","2",2,0,0,2,"1",80,"1","3","1",33620.46642,2.23
"1",40,"4",0,"1","1","3","1","2",5,0,3,0,"1",40,"1","3","1",19056.23214,1.45
"2",36,"1",0,"1","1","3","1","2",5,1,2,0,"2",36,"1","3","1",44058.272543,3.45
"1",28,"7",0,"1","1","5","1","2",1,0,0,0,"1",28,"1","5","6",22471.732425,5
"1",55,"3",0,"1","1","4","1","2",6,0,1,0,"1",55,"1","4","1",56499.579372,5
"1",55,"4",0,"1","1","2","1","2",2,0,0,1,"1",55,"1","2","1",29574.736674,2.67
"1",80,"3",1,"1","1","2","1","2",1,0,0,1,"1",80,"1","2","2",44626.954238,2.74
"1",76,"6",0,"2","1","5","1","2",1,0,0,1,"1",76,"2","5","2",14116.364047,2.06
"2",72,"3",0,"1","1","3","1","2",1,0,0,1,"2",72,"1","3","2",38920.289769,1.96
"2",41,"3",0,"1","1","5","1","2",2,0,1,0,"2",41,"1","5","3",113405.908888,4.84
"2",55,"3",0,"2","1","4","1","2",2,0,0,0,"1",52,"1","2","1",31421.038424,0.84
"1",75,"3",1,"1","1","5","1","2",1,0,0,1,"1",75,"1","5","5",75541.091292,1.54
"1",26,"2",0,"1","1","4","1","2",1,0,0,0,"1",26,"1","4","5",41618.356724,3
"1",25,"2",0,"1","1","2","1","2",5,1,1,0,"1",48,"1","3","3",40079.239311,0.73
"1",41,"6",0,"2","2","5","1","2",3,0,1,0,"2",39,"2","5","1",26373.741511,5
"2",22,"4",0,"1","1","4","1","2",1,0,0,0,"1",24,"1","4","5",27978.775033,0.17
"2",45,"3",0,"1","1","5","1","2",3,0,1,0,"2",45,"1","5","1",78543.629353,5
"2",47,"3",0,"1","1","2","1","2",3,0,0,0,"2",47,"1","2","5",25736.492995,0.38
"2",46,"3",0,"1","1","1","1","2",5,0,1,0,"2",46,"1","1","1",83293.274414,3.63
"2",74,"3",0,"1","1","5","1","2",2,0,0,2,"1",76,"1","5","1",67210.005162,5
"2",63,"2",0,"2","1","4","1","2",2,0,0,2,"1",64,"1","5","1",9256.428024,5
"1",44,"3",1,"1","1","5","1","2",2,0,0,0,"1",44,"1","5","1",103133.570841,3.55
"2",24,"4",0,"1","1","4","1","2",6,1,1,0,"2",24,"1","4","5",31406.255994,1.42
"1",41,"6",0,"2","1","5","1","2",4,1,1,0,"2",38,"2","5","1",23799.351911,4.35
"1",36,"3",0,"1","1","4","1","2",3,0,1,0,"1",36,"1","4","1",76374.814706,5
"2",59,"6",0,"2","1","4","1","2",4,0,0,0,"1",59,"2","4","1",13360.435378,4.25
"2",28,"7",0,"1","1","5","1","2",2,0,0,0,"2",28,"1","5","6",34416.725547,0.64
"2",43,"3",0,"1","1","3","1","2",3,0,1,0,"2",43,"1","3","2",35135.005569,1.02
"1",20,"1",1,"1","1","3","1","2",3,1,0,0,"1",20,"1","3","1",52508.483992,0.82
"1",63,"6",0,"2","1","4","1","2",2,0,0,2,"1",63,"2","4","1",12609.460401,3.18
"2",60,"3",0,"1","1","3","1","2",2,0,0,2,"1",62,"1","2","1",74723.297588,5
"1",32,"3",0,"1","1","3","1","2",2,0,0,0,"2",55,"2","3","2",19179.419028,1.29
"1",77,"3",1,"1","1","4","1","2",2,0,0,2,"2",77,"1","4","1",23308.314646,1.21
"2",71,"4",0,"1","1","3","1","2",5,1,0,2,"1",74,"1","4","1",33021.606618,1.27
"2",72,"6",0,"2","1","5","1","1",3,0,0,2,"1",74,"2","5","1",18856.010869,5
"2",31,"6",0,"2","2","5","1","2",2,0,0,0,"1",37,"2","5","1",19452.554906,3.22
"1",58,"4",0,"1","1","3","1","2",1,0,0,1,"2",46,"1","3","3",19357.142661,1.04
"2",42,"1",0,"2","1","5","1","2",4,0,2,0,"1",44,"2","5","1",26600.785497,5
"2",62,"4",0,"1","1","2","1","2",7,2,3,2,"1",75,"1","2","1",11603.054466,0.48
"1",32,"3",0,"1","1","3","1","2",1,0,0,0,"1",32,"1","3","5",19396.589411,0.86
"1",33,"4",0,"1","1","3","1","2",5,0,3,0,"1",33,"1","3","1",20030.010518,1.04
"1",22,"4",0,"1","1","4","1","2",5,0,0,1,"1",48,"1","4","1",18238.257444,0.86
"2",39,"6",0,"2","1","5","1","2",4,0,2,0,"1",43,"2","4","1",25024.090953,4.25
"1",27,"3",0,"1","1","5","1","2",1,0,0,0,"1",27,"1","5","1",32569.799651,1.39
"1",57,"3",0,"1","1","3","1","2",3,0,0,0,"2",53,"1","3","1",113750.835861,3.84
"2",30,"4",0,"1","1","2","1","2",5,0,3,0,"2",39,"1","2","6",25054.682743,0.25
"2",57,"3",0,"1","1","4","1","2",2,0,0,0,"2",57,"1","4","3",21146.974458,1.27
"2",49,"2",0,"2","2","1","2","2",6,0,1,0,"1",56,"2","3","1",18589.482341,0.49
"2",36,"1",0,"1","1","5","1","2",5,0,3,0,"1",41,"1","5","1",37047.798373,3.45
"1",32,"3",1,"1","1","4","1","2",4,2,0,0,"1",32,"1","4","1",87991.58393,2.34
"1",80,"3",1,"1","1","2","1","2",1,0,0,2,"2",70,"2","2","2",43813.154179,1.65
"2",22,"4",0,"1","1","3","1","2",3,1,0,0,"2",22,"1","3","5",26197.604584,3.84
"1",34,"4",0,"1","1","3","1","2",1,0,0,0,"1",34,"1","3","5",21155.958079,1.13
"1",52,"3",0,"1","1","5","1","2",2,0,0,0,"1",52,"1","5","1",100734.935362,5
"1",43,"3",0,"1","1","5","1","2",3,0,1,0,"2",49,"1","5","1",98711.148578,4.1
"1",60,"4",1,"1","1","3","1","2",2,0,0,2,"2",67,"1","3","3",11536.172672,2.26
"2",35,"3",0,"1","1","5","1","2",6,0,2,0,"1",37,"1","3","1",59568.701866,3.6
"2",30,"1",0,"1","1","5","1","2",6,0,2,0,"1",58,"2","3","1",36433.531882,1.58
"2",33,"2",0,"2","2","1","2","1",5,1,2,0,"1",33,"2","1","1",30003.047227,0.76
"1",51,"3",1,"1","1","5","1","2",1,0,0,0,"2",52,"1","2","3",22661.68558,0.7
"1",50,"3",0,"1","1","2","1","2",5,1,1,0,"1",50,"1","2","1",24451.722673,0.66
"1",45,"4",0,"2","1","5","1","2",7,2,3,0,"1",45,"2","5","1",15912.94628,0.56
"2",36,"1",0,"2","2","4","2","2",5,1,2,0,"1",44,"2","3","1",48520.31812,0.86
"1",41,"4",0,"2","1","5","1","2",2,0,1,0,"1",41,"2","5","3",16341.719805,4.7
"2",33,"4",0,"1","1","4","1","2",7,0,4,0,"1",34,"1","2","6",19088.961376,0.98
"1",50,"3",0,"1","1","5","1","2",2,0,0,0,"2",44,"1","5","1",111710.232466,5
"2",46,"6",0,"2","1","3","1","2",3,0,0,1,"1",76,"2","1","1",21934.069851,5
"1",71,"6",0,"2","2","3","1","1",6,0,3,1,"2",49,"2","5","1",7917.822578,5
"2",43,"1",0,"2","1","3","2","2",5,0,1,0,"2",43,"2","3","1",14954.877898,1.97
"2",45,"4",0,"2","1","2","1","2",5,2,0,0,"2",45,"2","2","1",19612.92789,1.11
"2",80,"1",0,"1","1","1","1","2",2,0,0,1,"2",80,"1","1","2",14078.480625,0.85
"1",58,"1",0,"2","1","3","2","2",5,0,2,0,"1",58,"2","3","4",14308.303393,1.25
"1",48,"1",0,"2","1","3","2","2",4,0,1,0,"1",48,"2","3","1",37881.938466,1.7
"2",33,"3",0,"2","1","5","1","1",4,1,1,0,"2",33,"2","5","1",16936.400529,0.88
"2",46,"4",0,"1","1","4","1","2",3,0,2,0,"2",46,"1","4","4",26107.419211,1.62
"2",26,"4",0,"1","1","5","1","2",4,0,0,2,"2",55,"1","5","3",19196.842493,5
"1",70,"3",0,"1","1","3","1","2",2,0,0,2,"1",70,"1","3","1",74844.511064,2.54
"1",37,"3",0,"1","1","5","1","2",4,1,1,0,"1",37,"1","5","1",85650.123162,5
"1",30,"1",0,"2","2","3","2","2",3,1,0,0,"2",23,"1","4","1",56976.201957,4.14
"2",34,"3",0,"1","1","3","1","2",5,0,3,0,"2",34,"1","3","1",16268.723485,0.54
"1",73,"4",0,"1","1","4","1","2",2,0,0,2,"1",73,"1","4","1",10975.419615,3.81
"2",31,"4",0,"1","1","4","1","2",4,0,1,0,"2",31,"1","4","1",30248.294445,3.1
"2",55,"3",0,"1","1","2","1","2",2,0,0,0,"2",55,"1","2","3",131563.902823,1.46
"1",54,"3",1,"1","1","5","1","2",5,0,3,0,"1",54,"1","5","1",84111.595671,3.37
"1",50,"6",0,"2","1","2","1","1",5,0,1,0,"1",50,"2","2","1",12953.296697,1.81
"1",72,"3",0,"1","1","5","1","2",2,0,0,2,"1",72,"1","5","1",47402.559028,4.45
"2",66,"3",0,"2","1","5","1","2",2,0,0,1,"2",66,"2","5","3",117764.431315,2.19
"2",59,"6",0,"2","1","3","1","1",2,0,0,0,"1",32,"2","5","5",16088.772968,5
"2",48,"1",0,"2","2","1","2","2",4,0,1,0,"2",48,"2","1","3",26896.633726,0.47
"1",38,"4",0,"1","1","3","1","2",5,2,1,0,"1",38,"1","3","1",18907.95367,2.72
"1",45,"6",0,"2","2","4","1","2",4,0,2,0,"2",47,"2","5","1",18222.52745,0.85
"1",80,"3",1,"1","1","5","1","2",2,0,1,1,"1",80,"1","5","2",28354.925843,1.93
"2",36,"3",0,"1","1","4","1","2",5,0,2,0,"1",35,"1","4","6",69255.34173,1.25
"2",80,"3",0,"1","1","4","1","2",1,0,0,1,"2",80,"1","4","2",31592.351089,3.13
"1",80,"3",1,"1","1","3","1","2",2,0,0,2,"1",80,"1","3","1",36534.190512,1.29
"2",38,"6",0,"2","1","3","1","2",5,0,2,1,"1",40,"2","4","1",17694.272145,2.36
"1",31,"1",0,"2","2","3","1","2",4,0,2,0,"1",31,"2","3","5",47552.437304,2.42
"1",39,"3",0,"1","1","4","1","2",7,2,3,0,"2",29,"1","4","1",15845.806807,1.07
"2",32,"7",0,"1","1","4","1","2",4,2,0,1,"1",66,"1","4","6",26524.067704,1.06
"1",52,"1",0,"1","1","4","1","2",1,0,0,0,"1",52,"1","4","6",21353.675296,1.13
"1",47,"3",0,"1","1","3","1","2",1,0,0,0,"2",36,"1","1","3",22855.386414,0.39
"1",41,"3",0,"1","1","4","1","2",7,0,2,2,"1",66,"1","4","1",24622.867565,1.08
"2",37,"3",0,"1","1","4","1","2",6,1,3,0,"2",37,"1","4","1",55475.225391,3.17
"1",40,"1",0,"1","1","5","1","2",2,0,0,0,"1",40,"1","5","1",32478.312421,5
"2",30,"3",0,"1","1","4","1","2",2,0,1,0,"2",30,"1","4","4",33160.516091,0.13
"2",39,"3",0,"1","1","4","1","2",3,0,2,0,"2",39,"1","4","3",75421.92133,0.36
"1",51,"2",0,"2","2","2","2","2",4,0,0,0,"1",51,"2","2","1",21405.34507,1.61
"2",53,"3",0,"1","1","5","1","2",4,0,0,0,"1",56,"1","5","1",131954.508569,5
"1",70,"3",1,"1","1","4","1","2",3,0,0,2,"1",70,"1","4","1",19909.12849,1.77
"1",50,"4",0,"1","1","4","1","2",2,0,0,1,"2",71,"1","5","3",24460.262555,2.39
"2",41,"3",0,"1","1","5","1","2",5,1,2,0,"2",41,"1","5","1",58394.022553,5
"2",62,"1",0,"2","2","1","2","1",7,1,2,1,"2",43,"2","1","1",16286.572016,0.54
"2",80,"3",0,"1","1","2","1","2",1,0,0,1,"2",80,"1","2","2",76122.70078,1.04
"1",67,"1",0,"2","1","3","2","2",3,0,0,2,"1",24,"1","4","5",11130.919279,1.38
"2",32,"3",0,"1","1","5","1","2",3,0,0,2,"2",69,"1","5","1",66972.416699,5
"2",32,"4",0,"1","1","5","1","2",3,1,0,0,"1",37,"1","5","1",29734.593679,5
"2",39,"6",0,"2","1","5","1","2",7,1,2,0,"1",54,"2","5","1",16869.920155,3.53
"2",65,"1",0,"2","1","4","2","2",5,2,0,1,"2",65,"2","4","2",7729.165302,2.87
"1",23,"2",0,"2","1","2","1","2",6,1,1,0,"1",44,"2","2","1",51785.957653,1.42
"1",48,"6",0,"2","1","5","1","2",4,0,2,0,"1",48,"2","5","1",13262.997143,5
"1",61,"3",0,"1","1","5","1","2",2,0,0,1,"2",57,"1","5","1",87492.716647,3.48
"1",69,"4",0,"1","1","2","1","2",4,0,0,2,"1",69,"1","2","1",11965.601623,2.1
"1",59,"2",1,"1","1","5","1","2",1,0,0,0,"1",59,"1","5","3",18177.765382,5
"1",36,"3",0,"1","1","3","1","2",3,0,0,2,"1",64,"1","5","1",87889.400838,1.28
"2",46,"4",0,"1","1","5","1","2",3,0,1,0,"2",46,"1","5","1",43719.174372,3.03
"2",76,"3",0,"1","1","4","1","2",4,0,0,3,"2",76,"1","4","1",19767.671329,1.02
"1",32,"6",0,"2","1","5","1","2",2,0,0,0,"1",32,"2","5","5",17754.493789,5
"2",62,"2",0,"1","1","2","1","2",3,0,0,2,"1",63,"1","4","1",13036.074129,1.13
"2",29,"1",0,"1","1","5","1","2",1,0,0,0,"2",29,"1","5","6",26455.65152,3.43
"2",80,"3",0,"1","1","2","1","2",1,0,0,1,"2",80,"1","2","2",31920.554865,0.62
"2",34,"4",0,"1","1","5","1","2",5,3,0,0,"2",34,"1","5","1",37499.28258,3.22
"2",31,"3",0,"1","1","5","1","2",1,0,0,0,"2",31,"1","5","5",49292.274744,3.51
"2",32,"4",0,"1","1","1","1","2",4,0,1,1,"2",76,"1","1","5",18375.96651,0.34
"2",76,"4",0,"1","1","2","1","2",2,0,0,1,"2",58,"1","4","5",22196.292175,1.91
"1",41,"3",0,"1","1","5","1","2",6,0,4,0,"2",40,"1","4","1",66076.325643,3.17
"2",28,"3",0,"1","1","4","1","2",5,2,1,0,"2",26,"1","4","5",37450.928715,1.04
"1",30,"4",0,"1","1","3","1","2",1,0,0,0,"1",30,"1","3","5",27556.039956,3.39
"1",29,"7",1,"1","1","5","1","2",4,2,0,0,"1",29,"1","5","1",109700.22969,1.99
"1",71,"4",0,"1","1","5","1","2",2,0,0,2,"1",71,"1","5","1",9029.128627,5
"2",67,"2",0,"2","1","2","2","2",2,0,0,2,"1",62,"2","1","1",10113.37557,1.65
"2",37,"3",0,"1","1","5","1","2",2,1,0,0,"2",37,"1","5","3",33160.516091,1.1
"2",23,"4",0,"1","1","3","1","2",3,1,0,0,"2",23,"1","3","6",33697.855083,5
"1",23,"4",0,"1","1","4","1","2",3,1,0,0,"1",23,"1","4","6",36226.880627,4.1
"1",56,"3",1,"1","1","4","1","2",2,0,0,0,"1",56,"1","4","1",131105.295031,5
"2",31,"2",0,"2","1","3","1","2",4,0,2,0,"1",52,"1","3","6",30377.132928,0.84
"1",80,"4",1,"1","1","4","1","2",1,0,0,1,"1",80,"1","4","4",9647.483452,3.86
"2",54,"4",0,"1","1","1","1","2",3,0,0,0,"1",26,"1","3","5",27788.601387,0.86
"2",36,"2",0,"1","1","4","1","2",5,0,2,0,"1",33,"1","4","1",44058.272543,1.16
"1",38,"2",0,"2","2","3","2","2",3,1,0,0,"1",38,"2","3","1",53699.062857,0.18
"1",80,"3",1,"1","1","3","1","2",1,0,0,1,"1",80,"1","3","2",13581.860855,2.5
"2",48,"3",0,"1","1","5","1","2",5,0,2,0,"2",48,"1","5","2",68224.987026,4.3
"1",30,"3",1,"1","1","3","1","2",5,0,2,0,"1",35,"1","4","6",70468.300651,1.25
"1",33,"3",0,"1","1","4","1","2",5,1,2,0,"2",30,"1","4","1",18368.870223,0.72
"2",71,"3",0,"1","1","1","1","2",2,0,0,2,"2",80,"1","1","2",21601.527916,1.59
"2",36,"3",0,"1","1","4","1","2",5,2,1,0,"2",36,"1","4","1",88939.490344,1.25
"1",33,"3",1,"1","1","3","1","2",4,0,2,0,"1",33,"1","3","1",84208.44009,2.52
"1",64,"3",1,"1","1","4","1","2",2,0,0,2,"2",63,"1","4","1",87281.736911,3.09
"2",44,"4",0,"1","1","3","1","2",1,0,0,1,"2",46,"1","3","3",24122.2489,1.74
"1",80,"3",1,"1","1","3","1","2",2,0,0,2,"1",80,"1","3","1",24487.948789,2.53
"2",62,"3",0,"1","1","5","1","2",2,0,0,2,"1",67,"1","4","1",100221.056939,3.18
"2",77,"4",0,"1","1","5","1","2",2,0,0,1,"1",54,"1","4","5",20128.507238,2.67
"2",80,"3",0,"1","1","3","1","2",4,0,0,3,"2",76,"1","4","1",20502.69263,1.02
"1",42,"3",0,"1","1","4","1","2",5,0,3,0,"1",42,"1","4","1",49863.817411,3.23
"2",25,"4",0,"1","1","4","1","2",1,0,0,0,"2",25,"1","4","6",34242.154546,1.91
"2",35,"3",0,"1","1","4","1","2",7,1,2,1,"1",68,"1","4","1",63895.699122,3.89
"2",27,"6",0,"1","1","4","1","2",7,1,1,0,"1",32,"1","3","4",35809.217564,3.33
"1",65,"3",1,"1","1","5","1","2",4,1,0,2,"1",65,"1","5","1",112512.565264,4.67
"2",75,"4",0,"1","1","2","1","2",2,0,0,1,"2",75,"1","2","2",22534.943795,0.69
"1",21,"6",0,"2","1","4","1","2",4,1,0,0,"1",47,"2","5","1",20573.844833,4.19
"2",37,"6",0,"2","2","5","1","2",6,1,1,2,"2",37,"2","5","1",13575.29967,5
"1",54,"3",0,"1","1","2","1","2",1,0,0,0,"1",54,"1","2","3",30130.547243,0.62
"2",25,"4",0,"1","1","2","1","2",3,2,0,0,"2",25,"1","2","5",32227.910161,0.31
"2",61,"2",0,"2","1","3","2","2",5,0,2,1,"2",38,"1","3","1",10615.182642,3.63
"2",36,"6",0,"2","1","5","1","2",3,1,0,0,"1",56,"1","5","1",13801.588648,5
"2",74,"3",0,"1","1","3","1","2",2,0,0,1,"2",74,"1","3","2",50153.212376,2.54
"2",47,"3",0,"1","1","3","1","2",1,0,0,0,"2",47,"1","3","3",91249.402337,5
"2",65,"1",0,"1","1","3","1","2",2,0,0,1,"1",58,"1","3","1",22017.522842,3.06
"2",48,"4",0,"1","1","3","1","2",3,0,2,0,"2",48,"1","3","5",19535.480328,2.53
"1",28,"3",0,"1","1","4","1","2",1,0,0,0,"1",28,"1","4","6",60112.615045,1.54
"1",60,"4",0,"1","1","2","1","2",1,0,0,1,"1",60,"1","2","4",11965.601623,1.63
"1",32,"2",0,"1","1","5","1","2",1,0,0,0,"1",32,"1","5","3",37176.503321,1.22
"1",80,"3",1,"1","1","5","1","2",2,0,0,2,"1",80,"1","5","1",23686.840149,5
"2",65,"3",0,"1","1","4","1","2",2,0,0,2,"1",70,"1","4","1",43216.885423,1.08
"2",59,"6",0,"2","1","5","1","2",2,0,0,1,"1",64,"2","5","1",20447.483664,5
"2",56,"3",0,"1","1","3","1","2",2,0,0,1,"1",66,"1","2","1",29538.545677,0.93
"2",67,"3",0,"1","1","4","1","2",3,0,0,2,"2",67,"1","4","1",68553.215821,2.82
"1",76,"4",0,"1","1","1","1","2",1,0,0,1,"1",76,"1","1","5",12767.787483,0.65
"2",30,"3",0,"1","1","3","1","2",2,0,1,0,"2",30,"1","3","4",88644.480725,2.58
"1",61,"3",0,"1","1","5","1","2",3,0,0,2,"1",61,"1","5","1",82247.0734,5
"2",22,"4",0,"1","1","3","1","2",2,0,1,0,"2",22,"1","3","5",33704.934961,1.27
"2",53,"4",0,"1","1","3","1","2",7,0,1,1,"2",68,"1","2","4",17604.610077,1.31
"1",44,"6",0,"1","1","4","1","2",4,1,1,0,"2",43,"1","5","1",23250.623645,2.1
"2",28,"2",0,"2","1","4","2","2",5,1,1,0,"2",42,"2","4","1",46018.653246,2.9
"2",66,"1",0,"1","1","4","1","2",3,0,1,2,"1",70,"1","3","1",16202.02994,2.05
"2",39,"3",0,"1","1","3","1","2",4,0,1,0,"1",39,"1","3","1",85751.788328,5
"1",34,"3",0,"1","1","3","1","2",5,3,0,0,"2",27,"2","3","1",22764.001768,0.77
"2",28,"2",0,"2","1","3","2","2",1,0,0,0,"1",27,"2","3","6",31370.917793,0.86
"2",25,"1",0,"2","2","2","2","2",6,2,0,0,"2",24,"2","3","6",28779.662024,1.04
"1",28,"3",0,"1","1","3","1","2",3,1,0,0,"1",28,"1","3","1",107424.70843,2.53
"2",62,"4",0,"1","1","4","1","2",3,0,0,2,"2",62,"1","4","2",16435.839651,3.58
"2",65,"3",0,"1","1","3","1","2",1,0,0,1,"2",65,"1","3","2",99668.892422,3.48
"1",73,"6",0,"2","1","4","1","2",2,0,0,2,"1",73,"2","4","1",17390.25333,5
"1",39,"4",0,"1","1","4","1","2",1,0,0,0,"1",39,"1","4","5",26438.468888,3.74
"1",65,"2",0,"2","2","1","1","2",7,0,2,2,"2",60,"2","3","1",8165.101677,0.58
"1",38,"3",0,"1","1","3","1","2",5,0,2,1,"2",38,"1","3","1",65477.438309,3.63
"1",47,"3",0,"1","1","4","1","2",4,0,1,0,"1",47,"1","4","1",101070.363063,2.2
"2",51,"4",0,"1","1","3","1","2",2,0,0,0,"1",53,"1","3","1",23436.381409,5
"2",78,"3",0,"1","1","3","1","2",1,0,0,1,"2",78,"1","3","2",46865.504432,1.83
"1",61,"6",0,"2","2","3","1","1",5,1,0,1,"2",57,"2","2","1",8707.922905,2.18
"1",60,"3",0,"1","1","4","1","2",4,0,1,1,"2",34,"1","4","5",135824.472468,5
"2",29,"4",0,"1","1","4","1","2",5,2,2,0,"2",29,"1","4","5",23914.144938,0.57
"2",72,"4",0,"1","1","4","1","2",1,0,0,1,"2",72,"1","4","3",17232.594196,1.04
"1",71,"3",0,"1","1","1","1","2",4,0,0,2,"1",71,"1","1","1",14783.22649,1.06
"2",41,"6",0,"2","1","5","1","2",5,2,1,0,"2",41,"2","5","1",21275.127362,3.05
"2",72,"4",0,"2","2","4","1","2",2,0,0,2,"1",73,"2","4","1",14501.268411,1.53
"1",25,"4",0,"1","1","3","1","2",1,0,0,0,"2",25,"1","4","6",30394.261598,2.18
"2",27,"4",0,"1","1","4","1","2",3,0,1,0,"2",27,"1","4","5",34964.900688,2.43
"1",40,"2",0,"2","2","1","2","2",7,3,2,0,"1",40,"2","1","1",26630.051993,0.45
"1",25,"3",0,"1","1","5","1","2",4,0,0,0,"1",53,"1","5","1",112158.516703,5
"2",47,"4",0,"2","1","4","1","2",1,0,0,0,"2",47,"2","4","3",21697.009715,1.03
"2",26,"4",0,"1","1","3","1","2",5,3,0,0,"2",26,"1","3","1",30117.672363,0.83
"1",59,"6",0,"2","1","5","1","2",3,0,0,0,"1",59,"2","5","1",14577.216612,5
"1",29,"2",1,"2","1","5","1","2",2,0,0,0,"1",29,"2","5","1",41687.353394,5
"2",44,"3",0,"1","1","5","1","2",1,0,0,0,"2",44,"1","5","5",21337.185558,2.2
"2",25,"3",0,"1","1","5","1","2",3,0,1,0,"1",38,"1","5","6",78873.938363,5
"1",31,"3",0,"1","1","4","1","2",6,0,4,0,"1",31,"1","4","1",53566.927463,0.63
"1",46,"6",0,"2","2","5","1","2",5,0,2,1,"1",46,"2","5","1",19538.377833,2.83
"2",80,"3",0,"1","1","3","1","2",1,0,0,1,"2",80,"1","3","2",30930.093041,2.74
"2",65,"1",0,"1","1","5","1","2",1,0,0,1,"2",65,"1","5","2",14388.324908,2.18
"1",46,"3",1,"1","1","4","1","2",2,0,0,0,"1",46,"1","4","1",23802.302678,0.84
"1",35,"7",0,"2","2","3","2","2",5,2,0,1,"2",41,"2","3","1",18390.327176,0.09
"1",26,"2",0,"2","2","3","2","2",5,2,1,0,"2",30,"2","3","1",29401.331994,0.57
"1",50,"3",0,"1","1","3","1","2",2,0,0,0,"1",50,"1","3","1",106754.850096,5
"1",48,"4",0,"1","1","4","1","2",4,0,2,0,"1",48,"1","4","1",23568.774431,4.25
"2",56,"6",0,"2","1","3","1","2",3,0,1,0,"1",59,"2","4","1",20000.111643,1
"1",51,"3",0,"1","1","3","1","2",3,0,0,1,"1",49,"1","3","3",31994.122078,2.65
"2",60,"1",0,"1","1","4","1","2",2,0,0,2,"2",60,"1","4","1",18565.822054,3.74
"1",34,"2",0,"2","1","3","1","2",2,0,0,0,"1",34,"2","3","1",50317.13463,0.64
"1",43,"4",0,"1","1","4","1","2",5,0,1,0,"1",43,"1","4","1",40357.633076,1.07
"1",27,"4",0,"1","1","4","1","2",1,0,0,0,"2",30,"1","3","5",24414.526354,3.77
"2",20,"6",0,"1","1","4","1","2",1,0,0,0,"1",33,"1","3","5",20785.402003,0.21
"1",40,"3",0,"1","1","2","1","2",4,0,0,2,"1",71,"1","1","1",23356.283402,1.06
"1",45,"4",0,"1","1","2","1","2",3,0,0,0,"2",51,"1","2","5",23167.02528,1.52
"2",22,"4",0,"1","1","4","1","2",3,1,0,0,"1",29,"1","2","6",36532.887025,0.82
"2",69,"1",0,"2","1","3","2","2",1,0,0,1,"2",69,"2","3","3",8752.461642,0.35
"2",80,"3",0,"1","1","5","1","2",1,0,0,1,"2",80,"1","5","3",37909.848281,2.57
"1",71,"4",1,"1","1","3","1","2",1,0,0,1,"1",71,"1","3","5",12970.950454,1.03
"1",34,"3",0,"1","1","3","1","2",5,0,0,0,"2",54,"1","3","1",18766.639762,1.33
"1",60,"4",0,"2","2","4","1","1",4,0,0,1,"2",59,"2","3","1",9636.966766,3.82
"1",45,"3",0,"1","1","4","1","2",2,0,0,0,"1",45,"1","4","1",31287.917832,1.04
"1",64,"4",1,"1","1","5","1","2",1,0,0,1,"1",64,"1","5","3",15677.370725,0.84
"2",23,"4",0,"1","1","4","1","2",3,1,0,0,"1",21,"1","4","6",41405.043714,0.35
"1",63,"1",0,"1","1","5","1","2",1,0,0,1,"1",63,"1","5","4",17875.146937,5
"2",38,"7",0,"2","1","2","1","2",7,3,4,0,"1",35,"1","3","1",23323.522188,1.13
"1",41,"2",0,"1","1","3","1","2",7,0,0,1,"1",29,"2","4","5",22173.26924,2.27
"2",44,"1",0,"2","2","2","2","1",3,0,1,0,"1",41,"2","4","1",28788.503421,3.58
"2",66,"6",0,"2","1","3","1","2",2,0,0,2,"2",66,"2","3","1",19154.434391,1.27
"2",48,"1",0,"2","2","1","2","2",4,0,0,0,"1",49,"2","1","1",41852.886581,1.83
"2",49,"1",0,"1","1","5","1","2",5,0,1,0,"1",55,"1","2","1",35686.023275,1.81
"2",52,"3",0,"1","1","2","1","2",1,0,0,0,"2",52,"1","2","5",27527.703471,1.03
"1",44,"3",0,"1","1","3","1","2",3,0,0,0,"1",44,"1","3","1",89621.812048,2.82
"2",48,"6",0,"2","2","5","1","2",3,0,1,1,"2",48,"2","5","1",25652.457474,5
"2",80,"3",0,"1","1","3","1","2",1,0,0,1,"2",80,"1","3","2",62581.592676,1.83
"1",59,"4",1,"1","1","4","1","2",1,0,0,0,"1",59,"1","4","1",32954.247349,5
"2",26,"3",0,"1","1","3","1","2",3,2,0,0,"2",26,"1","3","4",49125.624802,0.36
"1",31,"1",0,"2","2","2","2","2",6,1,2,1,"2",36,"1","2","4",43577.792379,1.25
"1",30,"4",0,"1","1","5","1","2",4,0,2,0,"2",33,"1","5","1",30291.333593,1.68
"2",53,"2",0,"2","2","4","2","2",1,0,1,0,"2",32,"2","3","3",16282.072418,2.22
"1",76,"3",1,"1","1","5","1","2",2,0,0,1,"1",76,"1","5","1",50188.751146,1.16
"1",36,"3",0,"1","1","4","1","2",4,0,2,0,"2",29,"1","4","1",23577.001831,1.22
"2",26,"2",0,"2","2","3","1","2",7,1,2,1,"1",62,"2","1","1",38698.480835,3.79
"2",36,"6",0,"1","1","5","1","2",3,1,0,0,"2",36,"1","5","1",22119.864459,5
"2",54,"1",0,"2","2","1","2","2",3,0,0,0,"1",56,"2","4","1",18307.408679,1.52
"1",32,"4",0,"1","1","3","1","2",7,0,1,0,"2",57,"1","1","5",25949.14532,0.57
"1",29,"6",0,"2","1","4","1","2",3,1,0,0,"1",29,"2","4","6",22028.257672,0.72
"2",36,"3",0,"1","1","3","1","2",1,0,0,0,"1",39,"1","4","6",35015.769399,0.78
"1",51,"2",0,"2","1","5","1","2",2,0,0,0,"1",51,"2","5","1",19795.433213,2.63
"2",24,"3",0,"1","1","4","1","2",2,0,0,0,"2",24,"1","4","1",37739.966645,0.53
"2",21,"3",0,"1","1","3","1","2",3,2,0,0,"2",21,"1","3","6",95209.887928,1.65
"2",36,"4",0,"1","1","3","1","2",5,1,2,0,"2",36,"1","3","5",19088.961376,1.16
"2",80,"3",0,"1","1","4","1","2",2,0,0,2,"1",80,"1","3","1",53754.49049,1.38
"2",38,"3",0,"1","1","5","1","2",4,0,2,0,"2",38,"1","5","1",86688.344802,2.73
"1",80,"4",1,"1","1","3","1","2",2,0,0,2,"2",73,"1","5","1",10521.219928,2.67
"2",67,"4",0,"1","1","4","1","2",1,0,0,1,"2",67,"1","4","2",15912.535593,0.81
"1",63,"3",1,"1","1","4","1","2",2,0,0,1,"1",63,"1","4","5",30260.947389,1.24
"2",54,"1",0,"1","1","4","1","2",2,0,0,0,"1",59,"2","3","1",22254.261284,2.19
"2",77,"4",0,"1","1","3","1","2",6,0,1,2,"2",77,"1","3","1",18537.900482,0.75
"2",56,"3",0,"1","1","5","1","2",2,0,0,1,"1",68,"1","5","1",115505.070209,5
"2",77,"3",0,"1","1","4","1","2",1,0,0,1,"2",77,"1","4","2",54377.815056,3.68
"2",80,"7",0,"2","1","3","1","2",3,0,0,3,"1",80,"2","2","1",23502.817734,1.79
"2",40,"6",0,"2","1","5","1","2",4,1,1,0,"1",45,"1","4","1",24622.97954,2.52
"2",37,"2",0,"1","1","3","1","2",6,1,1,0,"1",59,"2","1","5",22579.993369,2.69
"1",61,"4",0,"1","1","2","1","2",1,0,0,1,"1",61,"1","2","4",12660.58981,1.22
"2",37,"4",0,"1","1","4","1","2",4,1,0,0,"1",40,"1","4","6",37094.150887,0.84
"1",49,"2",0,"2","1","5","1","2",5,0,3,0,"1",49,"2","5","1",30157.841052,5
"2",75,"3",0,"1","1","3","1","2",2,0,0,2,"1",75,"1","4","1",27854.72504,1.46
"1",20,"4",0,"1","1","3","1","2",6,0,2,0,"2",37,"1","4","6",18337.911625,1.72
"2",78,"2",0,"2","1","3","1","2",1,0,0,1,"2",78,"2","3","2",14223.978179,2
"2",42,"6",0,"2","2","4","1","1",4,1,1,0,"1",43,"2","5","1",18221.752602,4.19
"1",70,"7",0,"1","1","5","1","2",3,0,0,2,"1",70,"1","5","1",47627.566559,1.21
"2",60,"4",0,"1","1","5","1","2",2,0,0,2,"2",60,"1","5","3",26528.734534,5
"2",80,"4",0,"1","1","2","1","2",2,0,0,1,"2",80,"1","2","2",19068.029365,0.64
"1",49,"3",0,"1","1","3","1","2",4,0,1,1,"2",57,"1","3","1",91240.748565,1.68
"2",46,"3",0,"1","1","4","1","2",5,0,0,0,"1",52,"1","3","1",57315.823278,4.06
"2",73,"4",0,"1","1","5","1","2",2,0,0,2,"2",73,"1","5","1",18278.930336,2.67
"1",34,"3",0,"1","1","5","1","2",3,1,0,0,"1",34,"1","5","1",88153.771709,5
"1",56,"3",0,"1","1","5","1","2",2,0,0,1,"1",56,"1","5","1",112101.255873,5
"2",34,"4",0,"1","1","3","1","2",4,0,3,0,"1",35,"1","3","6",21264.008962,0.85
"2",30,"6",0,"2","2","5","1","2",4,1,1,0,"2",30,"2","5","1",22119.864459,1.05
"1",50,"2",0,"2","2","3","2","2",4,0,0,0,"1",23,"1","3","5",17972.979821,3.02
"2",56,"4",0,"1","1","3","1","2",4,0,2,0,"2",56,"1","3","6",26057.612981,2.21
"2",24,"3",0,"1","1","2","1","2",1,0,0,0,"1",23,"1","4","6",74866.287036,2.4
"1",23,"3",0,"1","1","2","1","2",4,1,0,0,"2",51,"1","5","3",96369.809301,0.97
"1",33,"3",0,"1","1","2","1","2",3,1,0,0,"1",33,"1","2","6",22634.974208,0.96
"2",80,"6",0,"2","2","1","1","1",6,0,3,2,"1",76,"1","3","1",11485.944427,2.53
"2",79,"4",0,"1","1","1","1","2",2,0,0,1,"1",53,"1","3","3",22196.292175,1.59
"1",51,"2",0,"2","2","3","2","2",7,0,0,1,"2",57,"2","2","1",14514.870818,4.16
"2",73,"3",0,"2","1","5","1","1",2,0,0,2,"1",75,"2","4","1",27854.72504,0.57
"2",28,"6",0,"2","2","4","1","1",1,0,0,0,"1",27,"2","3","6",25812.990894,2.57
"1",34,"3",0,"1","1","3","1","2",6,1,1,0,"2",35,"1","3","1",13880.600605,1.11
"2",24,"3",0,"1","1","2","1","2",3,1,0,0,"1",26,"1","4","6",91534.340264,2
"2",49,"1",0,"2","2","1","2","2",3,0,0,0,"1",44,"2","1","1",42280.680232,3.07
"2",50,"1",0,"1","1","4","1","2",1,0,0,1,"1",62,"2","4","6",31263.197044,3.92
"2",31,"4",0,"1","1","5","1","2",3,1,0,0,"2",31,"1","5","1",33701.189983,1.28
"1",80,"4",1,"1","1","4","1","2",2,0,0,2,"2",75,"1","4","1",13233.950931,4.45
"2",38,"1",0,"2","2","3","2","2",6,2,2,0,"1",38,"2","2","1",46144.752689,1.16
"1",24,"4",0,"1","1","5","1","2",7,0,4,0,"2",56,"1","5","1",25325.844356,3.24
"2",25,"1",0,"1","1","4","1","2",3,1,0,0,"1",28,"1","3","6",54764.120386,5
"2",42,"3",0,"1","1","4","1","2",2,0,0,1,"2",69,"1","4","2",25127.532566,1.91
"1",43,"3",0,"1","1","5","1","2",3,1,0,0,"1",43,"1","5","1",21306.743001,1.06
"2",23,"2",0,"1","1","5","1","2",4,0,1,0,"2",46,"1","3","1",34454.711024,4.67
"2",41,"7",0,"2","2","4","1","2",3,1,0,0,"1",59,"1","4","1",19712.490594,3.58
"1",20,"3",0,"1","1","4","1","2",5,1,0,0,"1",48,"1","2","6",31174.074739,1.2
"2",41,"6",0,"2","2","1","1","1",6,1,2,2,"2",41,"2","1","3",15350.356508,1.14
"1",56,"1",0,"2","1","1","2","2",5,1,2,0,"1",56,"2","1","1",17972.979821,1.25
"2",38,"3",0,"1","1","3","1","2",3,0,1,0,"2",38,"1","3","6",20685.138916,1.13
"1",62,"3",0,"1","1","5","1","2",2,0,0,2,"1",62,"1","5","1",106264.050086,5
"1",39,"3",0,"2","2","5","1","2",4,2,0,0,"2",41,"2","5","1",59098.199668,5
"1",58,"6",0,"2","1","2","1","2",7,1,1,0,"1",32,"1","3","4",21240.096789,3.33
"2",69,"3",0,"2","1","4","1","2",2,0,0,2,"1",77,"1","4","1",88264.914383,5
"2",37,"4",0,"1","1","3","1","2",4,0,2,0,"2",37,"1","3","5",23273.899011,1.06
"1",50,"3",0,"2","1","3","1","2",2,0,0,0,"1",50,"2","3","1",21397.457579,2.77
"1",50,"6",0,"2","2","3","1","2",3,0,1,0,"2",42,"2","5","1",11127.408403,1.62
"2",30,"7",0,"1","1","5","1","2",2,0,0,0,"2",30,"1","5","1",21207.335741,5
"1",45,"3",1,"1","1","4","1","2",4,0,2,0,"2",36,"1","3","1",17174.330725,1.91
"1",34,"3",0,"1","1","5","1","2",2,0,0,0,"1",34,"1","5","1",90330.773084,5
"1",37,"4",0,"1","1","3","1","2",1,0,0,0,"1",37,"1","3","4",24490.033227,3
"2",68,"2",0,"2","1","3","2","2",5,1,1,1,"1",49,"1","5","1",9098.877421,5
"2",21,"4",0,"1","1","3","1","2",3,0,0,1,"2",77,"1","2","2",33697.855083,0.97
"1",37,"6",0,"2","1","5","1","2",5,1,1,1,"1",37,"2","5","1",23392.144348,5
"1",65,"4",0,"1","1","4","1","2",3,0,0,1,"1",65,"1","4","4",17116.921607,0.66
"2",65,"3",0,"1","1","5","1","2",2,0,0,1,"1",56,"1","5","1",109638.490389,5
"1",74,"1",0,"2","2","1","2","2",1,0,0,1,"1",74,"2","1","2",12197.704197,0.29
"2",52,"4",0,"1","1","3","1","2",1,0,0,0,"2",52,"1","3","5",19634.895248,3.92
"2",44,"4",0,"1","1","4","1","2",3,0,1,0,"1",53,"1","2","4",32466.325208,0.61
"2",59,"3",0,"1","1","4","1","2",2,0,0,1,"1",66,"1","4","1",38441.864976,0.97
"1",37,"3",0,"1","1","3","1","2",6,0,2,0,"1",37,"1","3","1",59061.291496,3.6
"1",39,"3",0,"1","1","4","1","2",7,2,3,0,"1",39,"1","4","1",14948.678988,1.07
"2",21,"3",0,"1","1","2","1","2",5,1,0,2,"1",71,"1","2","1",58644.850804,1.45
"1",51,"4",0,"1","1","3","1","2",3,0,0,2,"1",62,"1","3","1",22961.016712,2.77
"2",47,"1",0,"1","1","5","1","2",5,0,1,0,"2",47,"1","5","1",34124.566725,3.63
"2",68,"3",0,"1","1","3","1","2",1,0,0,1,"2",68,"1","3","2",54084.185148,1.08
"1",50,"2",0,"2","2","1","2","2",5,0,1,0,"2",48,"2","2","1",23344.023727,0.22
"2",80,"3",0,"2","1","3","1","2",1,0,0,1,"2",80,"2","3","2",37423.172097,1.74
"1",69,"3",0,"1","1","1","1","2",2,0,0,2,"1",69,"1","1","1",30260.947389,0.75
"1",75,"3",1,"1","1","4","1","2",1,0,0,1,"1",75,"1","4","2",66938.724573,3.92
"1",44,"2",0,"2","2","5","1","2",4,0,2,0,"2",42,"2","4","1",30792.361317,4.88
"2",71,"3",0,"1","1","4","1","2",2,0,0,2,"1",74,"1","2","1",56452.366244,5
"2",21,"3",0,"1","1","3","1","2",3,0,0,0,"1",46,"1","4","1",91645.729247,3.79
"1",39,"3",0,"1","1","3","1","2",5,2,1,0,"1",39,"1","3","1",73671.405226,2.15
"2",75,"2",0,"1","1","4","1","2",1,0,0,1,"2",75,"1","4","3",9256.428024,3.92
"2",22,"3",0,"1","1","3","1","2",2,0,0,1,"2",61,"1","3","4",44698.634785,0.64
"2",80,"3",0,"1","1","2","1","2",2,0,0,2,"1",80,"1","2","1",53754.49049,1.34
"1",43,"6",0,"2","2","5","1","2",4,0,2,0,"1",43,"2","5","1",17439.861606,5
"1",32,"4",0,"1","1","3","1","2",3,1,0,0,"1",32,"1","3","6",24907.329931,2.53
"2",50,"1",0,"2","1","1","2","2",5,0,2,1,"1",61,"2","1","1",20865.67203,1.2
"2",48,"3",0,"1","1","5","1","2",2,0,0,1,"1",65,"1","5","1",99645.667886,5
"2",61,"3",0,"1","1","4","1","2",3,0,0,2,"1",62,"1","4","1",85409.934469,3.54
"2",67,"1",0,"2","1","1","1","2",2,0,0,2,"1",66,"1","4","1",22187.305914,2.58
"2",64,"2",0,"2","2","4","2","2",2,0,0,2,"2",64,"2","4","1",22493.741392,1.61
"2",21,"3",0,"1","1","2","1","2",2,0,0,0,"1",39,"1","5","3",87609.299166,3.55
"2",71,"6",0,"2","1","5","1","2",1,0,0,1,"2",71,"2","5","2",20087.482733,1.31
"1",30,"1",0,"2","2","1","2","2",3,0,1,0,"1",30,"2","1","6",39708.303502,0.03
"1",21,"1",0,"1","1","4","1","2",6,2,0,0,"1",21,"1","4","5",51166.900015,1.52
"1",47,"6",0,"2","1","4","1","2",3,1,0,0,"2",39,"2","5","1",17623.137579,4.86
"1",59,"3",0,"1","1","5","1","2",2,0,0,0,"2",59,"1","4","1",112101.255873,5
"2",63,"3",0,"1","1","4","1","2",2,0,0,1,"1",52,"1","3","1",20970.186555,1.06
"1",80,"3",1,"1","1","5","1","2",2,0,0,2,"2",80,"1","5","1",26755.354866,3.34
"2",69,"3",0,"1","1","3","1","2",1,0,0,1,"2",69,"1","3","3",65417.247753,1.39
"1",20,"7",0,"1","1","3","1","2",3,0,0,2,"1",61,"1","5","1",26977.9742,1.92
"2",20,"1",0,"2","2","2","2","2",6,2,0,0,"2",24,"2","3","6",28779.662024,1.04
"1",57,"3",0,"1","1","2","1","2",2,0,0,0,"2",55,"1","2","1",26485.857112,2.58
"2",55,"6",0,"2","1","3","1","2",4,0,0,0,"1",56,"2","1","1",14629.013496,1.68
"1",20,"7",0,"1","1","4","1","2",4,0,0,0,"1",40,"1","3","1",19413.984188,3.4
"2",43,"3",0,"1","1","3","1","2",5,0,3,0,"2",43,"1","3","1",20441.396758,1.27
"2",45,"3",0,"1","1","5","1","2",4,0,2,0,"1",46,"1","5","1",91248.806947,5
"2",38,"4",0,"2","2","4","1","2",6,0,4,0,"2",38,"2","4","3",19655.828521,1.33
"1",28,"3",0,"1","1","3","1","2",5,3,0,0,"1",28,"1","3","1",34070.390573,1.02
"2",80,"1",0,"2","1","2","1","2",4,0,1,1,"2",80,"2","2","2",15174.746412,2.76
"2",55,"6",0,"2","2","3","1","1",2,0,0,0,"2",55,"2","3","3",12292.856978,2.23
"1",50,"3",0,"1","1","5","1","2",4,0,2,0,"1",50,"1","5","1",105137.352368,5
"2",63,"4",0,"1","1","3","1","2",3,0,0,2,"1",62,"1","3","1",15333.439922,2.77
"2",27,"3",0,"2","2","5","1","2",1,0,0,0,"2",27,"2","5","5",70646.002958,1.75
"2",61,"4",0,"1","1","3","1","2",1,0,0,1,"2",61,"1","3","5",12430.221971,1.03
"1",36,"3",0,"1","1","2","1","2",2,0,0,0,"1",36,"1","2","1",66445.118798,5
"1",55,"3",0,"1","1","1","1","2",1,0,0,0,"1",55,"1","1","5",26101.767277,0.72
"1",46,"3",0,"1","1","5","1","2",4,0,2,0,"1",46,"1","5","1",82886.921369,5
"1",59,"1",0,"2","2","1","2","1",5,0,2,0,"2",56,"2","3","1",15212.714192,2.33
"2",63,"4",0,"1","1","3","1","2",2,0,0,1,"2",63,"1","3","3",20531.722188,2.71
"1",42,"3",0,"1","1","5","1","2",6,1,3,0,"2",37,"1","4","1",64542.744692,3.17
"1",21,"2",0,"2","2","2","2","2",7,0,1,1,"1",41,"2","2","1",32327.336211,1.25
"1",36,"2",0,"2","2","3","2","2",3,1,0,0,"1",36,"2","3","6",37176.503321,0.92
"2",58,"2",0,"2","1","4","2","1",3,0,0,1,"1",65,"2","1","1",31263.197044,1.43
"1",58,"4",0,"1","1","2","1","2",1,0,0,0,"1",58,"1","2","4",19683.281908,1.84
"1",76,"3",0,"1","1","5","1","2",2,0,0,2,"1",76,"1","5","1",77307.434023,5
"2",66,"3",0,"1","1","4","1","2",1,0,0,1,"2",66,"1","4","3",76183.674613,1.22
"2",77,"4",0,"2","1","1","1","2",1,0,0,1,"2",77,"2","1","2",14501.268411,0.77
"2",57,"4",0,"1","1","4","1","2",1,0,0,0,"2",57,"1","4","3",28044.667493,0.88
"1",38,"2",0,"2","2","1","2","2",6,1,1,0,"2",40,"2","2","6",39599.185506,0.67
"2",65,"3",0,"1","1","3","1","2",2,0,0,1,"2",65,"1","3","2",124064.217312,2.23
"2",43,"4",0,"1","1","2","1","2",4,1,0,0,"1",38,"1","2","5",36769.182068,0.34
"2",31,"3",0,"1","1","4","1","2",4,2,0,0,"2",31,"1","4","1",75421.92133,2.89
"1",49,"3",0,"1","1","4","1","2",3,0,1,0,"2",52,"1","4","1",82638.836261,0.99
"2",43,"3",0,"2","1","4","1","2",2,0,0,0,"2",43,"2","4","1",93589.130602,3.94
"2",41,"6",0,"2","1","4","1","2",4,0,2,0,"1",55,"2","3","1",25124.237685,3.14
"1",80,"3",0,"1","1","4","1","2",2,0,0,2,"1",80,"1","4","1",40300.895037,3.61
"2",49,"3",0,"1","1","2","1","2",4,0,0,1,"2",74,"1","2","2",21401.432158,1.01
"1",48,"1",0,"1","1","2","1","2",5,0,1,0,"2",47,"1","5","1",34445.114122,3.63
"1",80,"3",0,"1","1","1","1","2",1,0,0,1,"1",80,"1","1","2",41998.832493,1.2
"2",73,"3",0,"2","1","1","1","1",1,0,0,1,"2",73,"2","1","2",26762.445636,0.87
"1",71,"1",1,"1","1","4","1","2",2,0,0,2,"1",71,"1","4","1",12910.61342,4.84
"1",40,"6",0,"2","2","5","1","2",4,1,1,0,"2",35,"2","5","1",19688.556744,4.61
"1",69,"3",1,"1","1","5","1","2",4,1,0,2,"2",69,"1","5","1",120515.626784,5
"2",52,"6",0,"2","1","3","1","1",1,0,0,0,"2",52,"2","3","5",11590.408007,0.87
"1",26,"1",0,"2","2","3","1","2",4,2,0,0,"1",26,"2","3","1",52744.535072,0.88
"1",64,"4",0,"1","1","2","1","2",1,0,0,1,"1",64,"1","2","4",11965.601623,0.89
"2",80,"3",0,"1","1","3","1","2",6,0,0,1,"2",55,"1","3","1",32988.970301,5
"2",26,"3",0,"1","1","3","1","2",6,1,2,0,"2",26,"1","3","1",44258.728749,0.35
"2",30,"3",0,"1","1","2","1","2",7,2,3,0,"2",53,"1","2","4",20097.971748,0.93
"2",65,"7",0,"1","1","3","1","2",5,1,0,1,"2",65,"1","3","5",73168.620606,2.6
"1",67,"4",0,"2","1","5","1","2",1,0,0,1,"1",67,"2","5","3",11845.98068,1.71
"2",50,"3",0,"1","1","5","1","2",1,0,0,0,"2",50,"1","5","3",79962.760899,5
"1",80,"4",0,"1","1","2","1","2",2,0,0,2,"1",80,"1","2","1",9993.736156,5
"1",80,"3",0,"1","1","4","1","2",2,0,0,2,"2",80,"1","3","1",20328.253924,0.85
"2",61,"4",0,"1","1","2","1","2",3,0,2,1,"2",61,"1","2","5",18058.025971,1.02
"2",27,"2",0,"1","1","5","1","2",3,0,0,0,"1",27,"2","3","1",31237.803712,3.28
"1",52,"1",0,"2","2","1","2","2",7,0,4,0,"2",53,"2","1","5",24008.369977,0.42
"2",26,"4",0,"1","1","4","1","2",3,1,0,0,"2",26,"1","4","6",24705.814942,1.52
"2",65,"3",0,"1","1","5","1","2",2,0,0,2,"1",67,"1","5","1",50568.604303,5
"1",62,"3",0,"1","1","4","1","2",2,0,0,1,"1",62,"1","4","1",123216.066422,3.81
"1",80,"3",1,"1","1","5","1","2",2,0,0,2,"2",80,"1","5","1",29986.702598,4.19
"2",80,"3",0,"1","1","2","1","2",1,0,0,1,"2",80,"1","2","2",29157.830021,0.77
"2",56,"1",0,"1","1","4","1","2",4,0,0,1,"2",56,"1","4","3",25479.456602,2.63
"1",34,"3",0,"1","1","4","1","2",1,0,0,0,"1",34,"1","4","5",24877.308693,1.83
"2",51,"1",0,"2","1","4","2","2",4,0,0,0,"2",51,"2","4","1",17676.985189,2.97
"2",69,"3",0,"1","1","5","1","2",1,0,0,1,"2",69,"1","5","5",41630.359646,0.66
"2",56,"6",0,"2","1","2","1","2",1,0,0,0,"2",56,"2","2","3",17752.60812,4.13
"1",60,"3",0,"1","1","5","1","2",1,0,0,1,"1",60,"1","5","5",86258.778851,5
"2",22,"4",0,"1","1","4","1","2",3,0,0,0,"1",52,"1","4","1",28881.316163,5
"1",80,"3",0,"1","1","4","1","2",2,0,0,2,"2",80,"1","4","1",33888.033134,3.18
"2",45,"3",0,"2","2","5","1","2",4,0,2,0,"1",51,"2","5","1",92122.940733,5
"2",46,"4",0,"2","1","4","1","2",4,0,0,0,"2",46,"2","4","1",26284.064785,3.57
"1",24,"6",0,"2","2","4","1","2",5,1,0,1,"1",61,"2","1","1",19474.743005,0.72
"2",53,"4",0,"1","1","2","1","2",6,0,4,0,"2",53,"1","2","4",18639.336486,0.75
"2",68,"3",0,"1","1","4","1","2",2,0,0,2,"1",80,"1","5","1",73217.252576,4.93
"2",68,"6",0,"2","1","4","1","2",2,0,0,2,"2",68,"2","4","1",15459.340865,0.84
"1",74,"3",1,"1","1","2","1","2",2,0,0,2,"1",74,"1","2","1",64933.599817,5
"2",43,"6",0,"2","1","5","1","2",4,0,1,0,"1",43,"2","5","1",21467.247442,3.18
"2",20,"4",0,"1","1","1","1","2",3,0,1,0,"2",36,"1","4","5",26359.330998,0.86
"2",78,"3",0,"1","1","2","1","2",1,0,0,1,"2",78,"1","2","3",32831.794034,3.13
"2",42,"3",0,"1","1","4","1","2",3,0,1,0,"2",42,"1","4","4",30696.449546,1.01
"2",70,"3",0,"1","1","4","1","2",2,0,0,2,"1",76,"1","4","1",53287.551393,2.42
"2",28,"2",0,"2","1","3","1","2",2,0,0,0,"1",32,"2","4","1",32378.29322,3.81
"1",49,"3",0,"1","1","5","1","2",6,0,3,0,"1",49,"1","5","1",64542.744692,3.96
"1",32,"3",0,"1","1","4","1","2",5,1,2,0,"2",32,"1","4","1",68996.412224,1.43
"1",74,"3",0,"2","1","5","1","2",2,0,0,2,"1",74,"2","5","1",59624.562972,5
"2",50,"3",0,"1","1","4","1","2",3,0,0,2,"2",50,"1","4","1",127804.934171,5
"1",38,"6",0,"2","1","5","1","2",7,1,0,3,"2",37,"2","5","1",16870.916427,5
"2",26,"3",0,"1","1","4","1","2",5,2,1,0,"2",26,"1","4","5",37450.928715,1.04
"1",32,"3",1,"1","1","4","1","2",4,2,0,0,"2",33,"1","5","1",89075.379323,3.56
"2",51,"6",0,"2","1","5","1","2",6,0,3,2,"1",76,"1","3","1",14309.982874,2.53
"1",38,"3",0,"1","1","5","1","2",1,0,0,0,"1",38,"1","5","3",76817.017934,5
"2",72,"6",0,"2","1","5","1","2",2,0,0,1,"1",52,"1","4","1",20528.884512,2.9
"2",43,"6",0,"2","1","3","1","2",2,0,0,0,"2",43,"2","3","5",25700.900073,4.77
"1",80,"2",0,"2","1","2","2","2",3,0,1,2,"1",80,"2","2","1",12750.656464,1.54
"2",22,"3",0,"1","1","4","1","2",5,1,2,0,"2",22,"1","4","6",42790.753381,0.33
"2",52,"2",0,"2","1","3","1","2",2,0,0,0,"1",49,"2","5","1",22598.987599,3.87
"1",42,"4",0,"1","1","4","1","2",1,0,0,0,"1",42,"1","4","5",22993.150417,0.69
"1",69,"6",1,"1","1","4","1","2",2,0,0,2,"2",65,"1","4","1",14746.098191,3.22
"1",23,"1",0,"1","1","2","1","2",6,0,1,1,"2",43,"1","2","5",29199.756254,0.95
"2",60,"4",0,"1","1","5","1","2",2,0,0,2,"1",66,"1","5","1",16435.839651,5
"1",58,"3",0,"1","1","5","1","2",5,0,2,0,"1",58,"1","5","1",76267.184439,4.9
"2",55,"2",0,"2","1","4","1","2",4,0,0,0,"1",56,"2","5","1",14018.460187,5
"2",57,"4",0,"1","1","3","1","2",3,0,0,0,"2",57,"1","3","2",20391.44855,0.51
"1",73,"2",0,"2","2","2","2","2",4,0,0,2,"1",45,"2","3","5",10451.146398,1.89
"2",73,"7",0,"1","1","4","1","2",2,0,0,2,"2",73,"1","4","1",51523.899663,3.81
"2",25,"3",0,"1","1","4","1","2",5,3,0,0,"1",28,"1","3","1",47994.247994,1.02
"2",49,"2",0,"1","1","3","1","2",5,0,1,0,"1",54,"1","3","6",26541.925537,0.65
"2",55,"2",0,"2","1","4","2","2",2,0,0,0,"2",55,"2","4","3",15115.676152,1.97
"1",37,"2",0,"2","1","5","1","2",4,1,1,0,"1",37,"2","5","1",44123.727601,3.4
"2",60,"3",0,"1","1","1","1","2",4,1,0,1,"2",60,"1","1","2",30938.112689,0.5
"1",69,"4",0,"1","1","1","1","2",2,0,0,2,"2",65,"1","2","1",5789.455013,2.29
"1",51,"3",0,"1","1","5","1","2",3,0,0,0,"1",51,"1","5","1",115012.330517,5
"2",26,"3",0,"1","1","5","1","2",3,0,0,0,"2",54,"1","3","2",90630.309482,5
"2",25,"2",0,"1","1","4","1","2",6,1,0,1,"1",27,"1","4","6",34203.190317,3.09
"1",31,"3",0,"1","1","3","1","2",2,0,0,0,"2",29,"1","5","1",87214.688272,5
"1",25,"3",0,"1","1","4","1","2",3,0,0,0,"2",57,"1","5","3",56795.494669,4.81
"1",50,"6",0,"2","2","1","1","2",6,1,0,0,"2",21,"2","4","5",10816.552542,0.5
"1",52,"3",0,"1","1","2","1","2",1,0,0,0,"1",52,"1","2","3",76465.748922,1.21
"2",36,"3",0,"1","1","3","1","2",4,0,2,0,"2",36,"1","3","1",20675.878006,1.91
"2",58,"4",0,"1","1","4","1","2",2,0,0,1,"2",58,"1","4","5",26265.026886,1.91
"2",22,"4",0,"1","1","4","1","2",2,1,0,0,"2",22,"1","4","5",27978.775033,1.91
"2",64,"4",0,"2","2","1","1","2",1,0,0,2,"1",68,"2","1","6",14897.973633,0.21
"1",34,"3",0,"1","1","4","1","2",3,1,0,0,"1",34,"1","4","1",73672.920982,5
"1",60,"3",1,"1","1","4","1","2",2,0,0,2,"1",60,"1","4","1",109077.654153,5
"2",68,"3",0,"1","1","4","1","2",1,0,0,1,"2",68,"1","4","3",79942.028964,2.23
"1",72,"6",0,"2","1","3","1","2",2,0,0,2,"2",66,"2","3","1",17465.916523,1.27
"2",48,"4",0,"1","1","5","1","2",4,0,2,0,"2",48,"1","5","1",26894.281601,4.25
"1",36,"3",0,"1","1","4","1","2",7,0,0,2,"1",73,"1","2","1",15845.806807,0.67
"2",66,"3",0,"1","1","4","1","2",2,0,0,1,"2",66,"1","4","3",26588.675228,0.84
"1",28,"2",0,"2","2","1","2","2",5,0,2,0,"2",41,"2","1","6",38818.867179,0.9
"1",68,"2",0,"2","1","3","2","2",2,0,0,1,"1",68,"2","3","4",14560.589535,1.1
"1",60,"6",0,"2","1","5","1","2",4,0,0,3,"1",60,"2","5","1",13628.318706,2.65
"1",80,"3",1,"1","1","5","1","2",2,0,0,2,"1",80,"1","5","1",24771.131091,4.13
"1",35,"3",0,"2","1","5","1","1",4,1,1,0,"2",33,"2","5","1",10494.960133,0.88
"1",63,"4",1,"1","1","2","1","2",7,2,0,2,"2",70,"1","2","2",9298.617277,1.36
"1",46,"3",0,"1","1","4","1","2",6,0,2,0,"1",46,"1","4","1",73295.590253,3.13
"2",70,"3",0,"1","1","2","1","2",2,0,0,1,"1",56,"1","4","1",46654.326813,5
"1",65,"4",1,"1","1","5","1","2",1,0,0,1,"1",65,"1","5","3",17116.921607,1.29
"2",76,"3",0,"1","1","4","1","2",1,0,0,1,"2",76,"1","4","2",46251.241254,1.54
"2",29,"4",0,"2","1","4","1","2",5,2,0,0,"2",45,"2","2","1",21122.318941,1.11
"2",42,"6",0,"2","1","5","1","2",4,0,2,0,"1",43,"2","5","1",14331.774395,5
"2",33,"3",0,"1","1","5","1","2",2,0,0,0,"1",34,"1","5","1",91106.827412,5
"2",41,"3",0,"1","1","3","1","2",4,0,1,0,"1",41,"1","3","1",25966.639959,0.63
"1",21,"3",0,"1","1","4","1","2",1,0,0,0,"1",21,"1","4","5",104546.408309,1.54
"1",52,"2",0,"2","1","3","2","2",1,0,0,1,"1",51,"1","4","3",24512.933202,0.94
"2",65,"2",0,"1","1","3","1","2",2,0,0,2,"1",64,"1","4","1",15174.746412,3.09
"2",63,"6",0,"2","2","5","1","2",3,0,0,1,"2",63,"2","5","1",15478.5921,2.46
"2",62,"3",0,"1","1","4","1","2",4,0,0,2,"2",62,"1","4","1",62768.664899,1.19
"2",41,"2",0,"2","1","3","1","2",3,1,0,0,"2",41,"2","3","1",36587.777985,3.28
"2",40,"2",0,"2","1","4","1","2",2,0,1,0,"2",40,"2","4","4",25430.708507,1.78
"2",66,"2",0,"1","1","4","1","2",1,0,0,2,"1",65,"1","5","6",13905.145738,4.35
"2",57,"3",0,"1","1","3","1","2",2,0,0,1,"1",60,"1","3","1",127471.314206,5
"1",51,"4",1,"1","1","4","1","2",1,0,0,0,"1",51,"1","4","6",23134.121482,3
"1",79,"3",1,"1","1","4","1","2",1,0,0,2,"1",79,"1","4","6",48193.224809,5
"2",70,"3",0,"1","1","3","1","2",1,0,0,1,"2",70,"1","3","3",26555.322013,1.39
"1",39,"3",0,"1","1","3","1","2",2,0,0,1,"2",66,"2","5","3",87214.688272,2.19
"2",50,"2",0,"1","1","5","1","2",3,0,1,1,"2",50,"1","5","6",16282.072418,1.07
"2",52,"2",0,"2","1","3","2","2",2,0,0,1,"1",66,"2","5","1",19080.513571,5
"2",36,"3",0,"1","1","4","1","2",5,0,3,0,"2",36,"1","4","1",80486.702648,5
"2",63,"3",0,"1","1","5","1","2",1,0,0,1,"2",63,"1","5","2",68874.921408,3.26
"1",67,"3",1,"1","1","4","1","2",2,0,0,2,"1",67,"1","4","1",87132.99368,3.87
"1",80,"6",0,"2","1","5","1","1",4,0,0,2,"1",80,"2","5","1",12560.417823,2.69
"2",38,"1",0,"2","2","4","2","2",5,0,4,0,"2",38,"2","4","4",34268.31463,0.29
"1",80,"3",1,"1","1","4","1","2",1,0,0,1,"1",80,"1","4","2",54657.851659,1.91
"2",51,"3",0,"1","1","4","1","2",3,0,0,1,"2",51,"1","4","5",130706.442543,2.15
"2",33,"3",0,"1","1","2","1","2",5,0,3,0,"1",30,"1","4","1",24405.524176,1.02
"2",51,"3",1,"1","1","5","1","2",2,0,0,0,"2",51,"1","5","3",94875.356842,3.87
"1",36,"6",0,"2","2","5","1","2",4,1,1,0,"1",36,"2","5","1",28043.414805,5
"1",21,"4",0,"1","1","3","1","2",3,0,0,0,"2",43,"1","4","5",20846.836154,0.92
"2",39,"3",0,"1","1","4","1","2",2,1,0,0,"2",39,"1","4","4",31643.405757,1.91
"1",65,"4",0,"1","1","1","1","2",3,0,0,2,"2",60,"1","2","1",11213.688287,1.82
"2",33,"1",0,"1","1","5","1","2",4,3,0,0,"2",33,"1","5","4",38819.51849,0.51
"2",74,"3",0,"1","1","5","1","2",1,0,0,1,"2",74,"1","5","2",49462.443112,1.91
"2",74,"3",0,"1","1","4","1","2",1,0,0,1,"2",74,"1","4","2",40304.165635,3.48
"1",60,"2",0,"2","1","4","2","2",4,0,0,1,"2",58,"2","4","1",13773.520104,3.35
"1",36,"3",0,"1","1","5","1","2",5,3,0,0,"1",36,"1","5","1",53832.413678,5
"2",20,"3",0,"1","1","4","1","2",2,1,0,0,"2",20,"1","4","5",87609.299166,1.42
"2",55,"1",0,"2","1","4","1","2",3,0,1,0,"2",55,"2","4","1",25479.456602,3.58
"2",80,"4",0,"1","1","2","1","2",2,0,0,2,"2",80,"1","2","1",19240.979301,1.7
"2",36,"4",0,"1","1","5","1","2",2,1,0,0,"2",36,"1","5","5",31324.524395,2.51
"2",25,"3",0,"1","1","4","1","2",2,0,0,0,"1",25,"1","5","1",87609.299166,4
"1",31,"3",0,"1","1","4","1","2",5,3,0,0,"1",31,"1","4","1",66377.817602,2.22
"2",30,"6",0,"1","1","4","1","2",5,3,0,0,"2",30,"1","4","1",25813.54744,2.87
"1",52,"3",1,"1","1","4","1","2",3,0,0,1,"2",80,"2","1","2",18429.057976,1.33
"1",63,"4",0,"1","1","3","1","2",2,0,0,2,"2",73,"1","3","1",9289.765852,1.29
"1",45,"4",1,"1","1","5","1","2",6,0,4,0,"1",45,"1","5","1",22317.481576,4.07
"1",45,"4",0,"1","1","4","1","2",4,0,2,0,"1",45,"1","4","1",23568.774431,3.82
"2",38,"3",0,"1","1","5","1","2",3,1,1,0,"2",38,"1","5","3",87342.357816,0.01
"1",80,"3",1,"1","1","5","1","2",1,0,0,1,"1",80,"1","5","2",30889.060982,3
"2",32,"1",0,"1","1","2","1","2",7,0,4,1,"2",64,"1","3","1",23015.093413,0.68
"1",66,"2",1,"2","1","4","1","2",2,0,0,1,"2",57,"2","5","1",12070.716173,3.81
"2",58,"6",0,"1","1","4","1","2",2,0,0,0,"1",52,"1","4","1",26191.366955,5
"1",35,"4",0,"1","1","5","1","2",5,3,0,0,"2",34,"1","5","1",31650.077214,3.22
"1",43,"6",0,"2","2","5","1","2",2,0,0,0,"1",43,"2","5","1",19248.050849,2.73
"2",39,"3",0,"1","1","4","1","2",5,1,2,0,"1",39,"1","3","1",79129.900111,3.3
"2",47,"4",0,"2","1","5","1","2",4,0,2,0,"2",47,"2","5","1",28257.259105,5
"2",40,"6",0,"2","2","5","1","2",3,1,0,0,"1",39,"2","5","1",28499.026971,5
"2",80,"4",0,"1","1","5","1","2",3,0,1,2,"1",62,"1","3","5",20165.272633,2.94
"1",32,"4",0,"2","2","5","1","2",1,0,0,0,"1",32,"2","5","4",20218.270427,2.61
"2",73,"4",0,"1","1","3","1","2",2,0,0,2,"2",73,"1","3","1",17232.594196,1.29
"2",76,"3",0,"1","1","2","1","2",2,0,0,2,"1",76,"1","4","1",74449.516168,4.84
"1",70,"4",0,"1","1","2","1","2",1,0,0,1,"1",70,"1","2","6",8013.95142,4.11
"1",43,"4",0,"1","1","3","1","2",2,0,0,0,"1",43,"1","3","1",27163.766063,1.28
"1",63,"3",0,"1","1","5","1","2",3,0,0,2,"1",63,"1","5","1",102207.803512,5
"1",80,"3",1,"2","1","2","1","2",1,0,0,1,"1",80,"2","2","2",22688.051304,1.89
"1",22,"4",0,"1","1","2","1","2",3,0,0,0,"1",54,"1","4","1",38166.550337,1.33
"2",22,"1",0,"1","1","4","1","2",4,2,0,0,"1",24,"1","3","5",48641.132726,0.84
"1",41,"6",0,"2","1","5","1","2",5,3,0,0,"1",41,"2","5","1",15971.436848,3.63
"1",28,"3",0,"1","1","4","1","2",5,3,0,0,"1",28,"1","4","1",30226.348713,1.15
"1",56,"3",0,"1","1","5","1","2",3,0,1,0,"1",56,"1","5","1",86160.282143,5
"2",36,"2",0,"2","2","1","2","2",7,3,2,0,"1",40,"2","1","1",33190.678689,0.45
"2",61,"3",0,"1","1","2","1","2",4,1,1,1,"2",61,"1","2","2",21806.252495,1.23
"1",32,"4",1,"1","1","4","1","2",2,0,0,0,"2",29,"1","5","1",19974.560029,5
"2",57,"3",0,"1","1","5","1","2",1,0,0,0,"2",57,"1","5","2",115216.760244,4.79
"2",48,"3",0,"1","1","2","1","2",3,0,1,0,"1",50,"1","2","1",28942.366714,2.12
"1",49,"2",0,"2","1","4","2","2",3,0,1,0,"2",48,"2","4","1",28134.725547,1.33
"2",22,"3",0,"1","1","3","1","2",3,2,0,0,"2",22,"1","3","4",49125.624802,0.33
"2",63,"3",0,"1","1","5","1","2",1,0,0,1,"2",63,"1","5","2",71856.588776,5
"2",63,"2",0,"2","2","1","2","2",2,0,0,2,"1",68,"2","2","6",8234.899235,0.58
"1",22,"1",1,"2","1","3","1","2",6,0,3,0,"2",49,"2","4","1",43961.357135,1.27
"1",50,"1",0,"1","1","3","1","2",5,0,1,0,"1",50,"1","3","1",32512.69383,0.74
"1",44,"4",0,"2","2","5","1","2",3,0,1,0,"1",44,"2","5","1",27163.766063,5
"1",34,"4",0,"1","1","2","1","2",7,0,4,0,"1",34,"1","2","6",17707.740488,0.98
"1",39,"3",0,"1","1","3","1","2",2,0,0,1,"1",72,"1","3","2",12489.441121,0.76
"1",49,"3",1,"1","1","3","1","2",2,0,0,0,"1",38,"1","2","4",35584.711524,1.19
"2",80,"3",0,"1","1","5","1","2",2,0,0,2,"2",80,"1","5","5",46701.959733,5
"1",50,"1",0,"2","2","1","1","2",3,0,0,0,"1",50,"2","1","1",36104.726132,3.28
"2",74,"3",0,"1","1","2","1","2",4,0,1,1,"2",57,"1","3","1",50448.905184,1.68
"1",71,"3",0,"1","1","5","1","2",1,0,0,1,"1",71,"1","5","3",15614.822094,1.8
"1",53,"2",0,"2","2","3","2","2",7,0,0,1,"2",57,"2","2","1",14514.870818,4.16
"1",30,"6",0,"2","2","5","1","2",1,0,0,0,"1",30,"2","5","5",19009.30117,5
"2",21,"2",0,"1","1","3","1","2",6,1,1,0,"2",45,"2","3","1",19370.330115,0.63
"2",32,"6",0,"2","1","4","1","2",4,1,1,0,"1",39,"2","4","1",14303.505065,2.73
"1",40,"2",0,"1","1","5","1","2",4,0,2,0,"1",40,"1","5","1",24140.092615,5
"2",64,"3",0,"1","1","5","1","2",2,0,0,2,"1",67,"1","4","1",72060.770917,3.87
"2",63,"4",0,"1","1","1","1","2",3,0,0,3,"1",71,"1","1","1",15333.439922,3.07
"1",67,"3",1,"1","1","5","1","2",2,0,0,2,"1",67,"1","5","1",106091.973547,5
"1",75,"2",0,"2","2","1","2","1",2,0,0,2,"2",74,"2","1","1",12910.61342,0.93
"2",51,"3",0,"1","1","4","1","2",1,0,0,0,"2",51,"1","4","4",31940.405419,1.24
"1",34,"3",0,"1","1","3","1","2",4,0,1,0,"1",34,"1","3","6",24402.454499,0.68
"1",65,"4",1,"1","1","3","1","2",1,0,0,3,"2",76,"1","3","6",9993.431802,1.85
"2",51,"6",0,"2","1","5","1","2",4,0,0,3,"1",60,"2","5","1",16331.577479,2.65
"1",64,"3",0,"1","1","3","1","2",1,0,0,1,"1",64,"1","3","3",82891.798754,1.04
"1",78,"3",1,"1","1","3","1","2",2,0,0,2,"2",76,"1","3","1",70084.59231,1.92
"2",44,"3",0,"1","1","4","1","2",2,0,1,0,"2",44,"1","4","3",25694.226554,1.42
"2",69,"4",0,"1","1","4","1","2",1,0,0,1,"2",69,"1","4","3",11887.518679,3.43
"2",73,"3",0,"1","1","5","1","2",2,0,0,2,"1",73,"1","5","1",64710.280077,5
"2",45,"1",0,"1","1","3","1","2",4,0,2,0,"2",45,"1","3","1",30096.899681,4.12
"2",43,"4",0,"2","2","4","1","2",3,1,0,0,"2",43,"2","4","4",29231.64735,2.2
"1",39,"3",0,"1","1","4","1","2",1,0,0,0,"1",39,"1","4","1",67692.266015,1.97
"2",72,"7",0,"1","1","5","1","2",3,0,0,2,"2",72,"1","5","1",22991.864895,1.77
"1",72,"3",1,"1","1","5","1","2",2,0,0,2,"1",72,"1","5","1",57271.428651,5
"1",33,"6",0,"2","2","5","1","2",4,1,1,0,"2",33,"2","5","1",14740.619841,2.1
"2",36,"4",0,"1","1","5","1","2",6,1,3,0,"1",37,"1","4","1",27251.583351,2.66
"2",34,"3",0,"1","1","3","1","2",2,0,0,0,"2",34,"1","3","1",25811.706898,1.08
"2",73,"3",0,"1","1","5","1","2",3,0,0,2,"2",73,"1","5","3",73008.27357,1.77
"1",75,"3",0,"1","1","3","1","2",2,0,0,2,"1",75,"1","3","1",17787.940939,1.37
"2",38,"3",0,"1","1","4","1","2",4,0,2,0,"2",38,"1","4","5",26078.534237,1.59
"2",44,"1",0,"2","2","2","2","1",5,0,2,0,"1",44,"2","3","1",23740.860441,0.82
"1",67,"4",1,"1","1","3","1","2",4,0,0,2,"1",67,"1","3","1",11818.414076,3.35
"1",73,"3",1,"1","1","3","1","2",2,0,0,2,"2",63,"1","1","1",73281.215672,1.38
"1",38,"4",0,"1","1","2","1","2",4,1,0,0,"1",38,"1","2","5",29942.436352,0.34
"2",27,"1",0,"1","1","4","1","2",3,0,0,1,"2",60,"1","4","3",35293.793964,0.99
"2",22,"7",0,"1","1","4","1","2",3,1,0,0,"1",23,"2","4","6",32438.785665,1.64
"1",21,"3",0,"1","1","4","1","2",4,0,0,0,"1",52,"1","4","1",76525.628467,4.86
"2",20,"4",0,"1","1","4","1","2",1,0,0,0,"2",20,"1","4","5",34981.270686,0.69
"1",56,"4",0,"1","1","2","1","2",2,0,0,0,"1",56,"1","2","6",30851.589169,1.27
"1",42,"4",0,"1","1","4","1","2",3,0,1,0,"1",42,"1","4","1",27163.766063,4.1
"2",53,"4",0,"2","1","4","1","2",1,0,0,0,"2",53,"2","4","4",19675.002749,0.86
"1",57,"1",0,"2","2","1","2","2",2,0,0,0,"2",56,"1","4","1",25581.127961,2.42
"2",80,"3",0,"1","1","5","1","2",1,0,0,1,"2",80,"1","5","2",36855.990798,3
"1",80,"3",1,"1","1","5","1","2",1,0,0,1,"1",80,"1","5","2",36117.581178,2.18
"1",62,"6",0,"2","1","5","1","2",1,0,0,1,"1",62,"2","5","5",15005.09845,5
"2",70,"1",0,"2","2","1","2","2",2,0,0,2,"2",70,"2","1","1",12261.350101,1.01
"2",44,"2",0,"1","1","5","1","2",5,0,2,0,"2",44,"1","5","1",19368.660457,5
"1",73,"3",0,"1","1","2","1","2",2,0,0,2,"1",73,"1","2","1",65801.208454,2.48
"2",36,"2",0,"2","1","3","2","2",3,0,1,0,"1",30,"2","1","6",31037.587633,0.03
"1",47,"2",0,"1","1","4","1","2",4,0,1,0,"1",47,"1","4","1",36123.437189,4.67
"1",80,"3",0,"1","1","1","1","2",1,0,0,1,"1",80,"1","1","3",13527.53888,1.03
"2",20,"4",0,"1","1","2","1","2",4,1,0,0,"1",38,"1","2","5",39598.901051,0.34
"2",67,"2",0,"1","1","4","1","2",7,1,4,1,"2",67,"1","4","2",8144.643893,0.35
"2",28,"6",0,"2","1","5","1","2",3,1,0,0,"1",28,"2","5","1",29840.021727,5
"1",30,"6",0,"2","2","3","1","2",3,0,0,1,"1",30,"2","3","1",18735.365254,2.32
"2",32,"4",0,"1","1","3","1","2",5,0,3,0,"1",33,"1","3","1",23731.728027,1.04
"2",64,"4",0,"1","1","3","1","2",3,0,0,1,"2",64,"1","3","1",17833.992838,1.79
"2",80,"3",0,"1","1","2","1","2",2,0,0,2,"1",64,"1","3","3",40357.595561,1.27
"2",29,"6",0,"1","1","4","1","2",4,1,1,0,"2",29,"1","4","1",20631.948782,1.27
"1",55,"1",0,"1","1","2","1","2",5,0,1,0,"1",55,"1","2","1",26556.369566,1.81
"2",54,"3",0,"1","1","2","1","2",1,0,0,0,"2",54,"1","2","3",29756.246062,1.13
"1",30,"6",0,"1","1","5","1","2",2,0,0,0,"2",27,"1","5","1",18848.932866,5
"2",47,"2",0,"2","1","4","1","2",6,1,2,1,"1",42,"1","5","5",18390.287601,2.19
"1",30,"1",0,"1","1","2","1","2",4,0,0,1,"1",40,"2","4","3",46653.459092,2.55
"2",45,"3",0,"1","1","4","1","2",3,0,2,0,"2",45,"1","4","3",78437.239283,1.54
"1",50,"3",0,"1","1","5","1","2",4,0,1,0,"2",42,"1","4","1",73247.232253,5
"1",35,"4",0,"1","1","3","1","2",1,0,3,0,"1",35,"1","3","6",19725.408052,1.74
"1",23,"6",0,"2","1","4","1","2",5,0,1,0,"1",50,"2","2","1",18455.162152,1.81
"2",24,"4",0,"2","2","2","1","2",3,1,0,0,"1",28,"2","3","6",29714.585994,2.3
"2",80,"7",0,"1","1","1","1","2",1,0,0,1,"2",80,"1","1","2",28385.263622,0.73
"2",61,"2",0,"1","1","4","1","2",2,0,0,2,"2",61,"1","4","1",24204.333724,3.87
"2",47,"3",0,"1","1","2","1","2",2,0,0,0,"2",47,"1","2","3",16588.092887,0.54
"2",34,"3",0,"1","1","5","1","2",3,0,1,0,"2",34,"1","5","1",75055.816822,4.61
"1",22,"3",0,"1","1","1","1","2",4,0,0,1,"1",55,"1","3","4",117143.339668,1.46
"2",32,"4",0,"1","1","5","1","2",2,0,0,0,"1",31,"1","5","5",25948.442723,3.87
"2",53,"6",0,"2","1","4","1","2",5,0,2,0,"1",57,"1","4","1",12810.33017,3.22
"1",47,"2",0,"2","1","4","1","2",5,1,1,0,"1",47,"2","4","1",18761.570983,2.87
"1",52,"4",1,"1","1","4","1","2",2,0,0,0,"1",52,"1","4","5",24460.262555,3.8
"1",56,"7",0,"1","1","5","1","2",3,0,1,0,"1",56,"1","5","1",74056.830092,3.54
"2",22,"3",0,"1","1","4","1","2",3,1,0,0,"2",22,"1","4","6",72065.026736,2.12
"1",23,"3",0,"1","1","3","1","2",2,0,0,0,"1",23,"1","3","1",91341.479585,4.77
"1",26,"4",0,"1","1","5","1","2",1,0,0,0,"1",26,"1","5","5",22734.033093,5
"2",35,"2",0,"2","1","4","1","2",6,2,2,0,"2",35,"2","4","1",34093.594033,2.85
"1",49,"4",0,"1","1","3","1","2",3,0,0,0,"1",49,"1","3","1",40357.633076,3.49
"1",77,"3",1,"1","1","5","1","2",3,0,0,2,"2",69,"1","5","1",49828.68437,5
"2",38,"3",0,"1","1","4","1","2",7,1,3,1,"2",65,"1","1","2",52644.889015,0.65
"1",42,"3",0,"1","1","4","1","2",1,1,1,0,"1",42,"1","4","1",23804.112983,2.11
"2",31,"7",0,"1","1","4","1","2",5,1,2,0,"1",32,"1","5","1",17694.272145,3.45
"2",30,"4",0,"1","1","4","1","2",1,0,0,0,"2",30,"1","4","5",25641.155477,0.39
"2",26,"3",0,"1","1","2","1","2",5,1,2,0,"2",26,"1","2","6",42790.753381,0.25
"1",58,"6",0,"2","2","3","1","1",3,0,0,0,"1",58,"2","3","1",12326.811131,2.05
"2",53,"4",0,"1","1","4","1","2",5,0,3,0,"2",53,"1","4","5",26887.246053,0.68
"1",30,"3",0,"1","1","3","1","2",1,0,0,0,"1",30,"1","3","6",48022.59627,2.23
"1",41,"3",0,"1","1","5","1","2",4,0,2,0,"1",41,"1","5","1",125347.223976,5
"2",48,"3",0,"1","1","4","1","2",1,0,0,0,"2",48,"1","4","5",91249.402337,2.74
"2",63,"3",0,"1","1","4","1","2",2,0,0,2,"2",63,"1","4","1",72183.784616,3.09
"1",53,"4",0,"1","1","3","1","2",2,0,0,0,"1",53,"1","3","1",22404.706434,5
"1",38,"3",0,"1","1","5","1","2",1,0,0,0,"1",38,"1","5","6",84120.656677,1.04
"2",55,"4",0,"1","1","1","1","2",4,0,1,2,"2",55,"1","1","1",24323.642595,0.84
"2",72,"4",0,"1","1","4","1","2",3,0,0,2,"1",72,"1","3","1",15686.66127,5
"1",21,"3",0,"1","1","4","1","2",4,0,1,0,"2",48,"1","3","3",79090.127394,5
"2",80,"6",0,"2","1","1","1","1",6,1,2,2,"2",41,"2","1","3",11485.944427,1.14
"1",65,"3",1,"1","1","2","1","2",1,0,0,1,"1",65,"1","2","3",146837.516125,0.93
"2",46,"2",0,"2","1","4","1","2",2,0,0,0,"2",46,"2","4","1",20425.105605,0.76
"2",51,"6",0,"2","1","5","1","2",4,0,0,0,"1",53,"2","5","3",11424.573379,3.35
"1",43,"6",0,"2","2","5","1","1",4,1,1,0,"1",43,"2","5","1",16862.884248,4.19
"1",80,"3",1,"1","1","4","1","2",1,0,0,2,"1",80,"1","4","6",37442.300964,2.61
"1",80,"3",1,"1","1","4","1","2",4,0,0,3,"2",76,"1","4","1",11173.365403,1.02
"2",56,"3",0,"1","1","4","1","2",1,0,0,0,"1",59,"1","2","6",33800.07484,0.72
"1",50,"3",0,"2","1","1","1","2",4,0,1,0,"1",50,"2","1","1",64029.584493,2.52
"2",28,"3",0,"1","1","4","1","2",4,0,0,2,"1",30,"1","5","1",111249.667369,5
"2",22,"3",0,"1","1","4","1","2",2,0,0,0,"1",26,"1","4","5",83694.810893,5
"1",68,"6",0,"2","1","5","1","1",2,0,0,2,"1",68,"2","5","1",14746.098191,1.61
"1",46,"4",0,"2","1","4","1","2",1,0,0,0,"1",46,"2","4","1",25617.122363,2.18
"2",55,"3",0,"1","1","3","1","2",2,0,0,0,"1",55,"1","2","1",38441.864976,1.29
"2",36,"3",0,"1","1","5","1","2",4,1,0,2,"2",69,"1","5","1",107737.369017,5
"1",31,"3",0,"2","2","4","1","2",6,2,2,0,"2",35,"2","4","1",49904.10011,2.85
"2",71,"3",0,"1","1","3","1","2",2,0,0,2,"2",71,"1","3","1",65674.371421,3.18
"2",70,"4",0,"1","1","2","1","2",7,2,0,2,"2",70,"1","2","2",17249.013665,1.36
"1",62,"4",0,"1","1","2","1","2",2,0,0,1,"2",58,"1","5","1",10245.07186,4.77
"1",41,"3",0,"1","1","5","1","2",4,0,2,0,"2",40,"1","3","1",114235.606176,3.82
"2",53,"2",0,"1","1","4","1","2",2,0,0,0,"1",53,"1","5","1",27061.038755,5
"2",41,"3",0,"1","1","5","1","2",7,0,4,0,"1",44,"1","4","1",20205.312253,0.88
"2",78,"3",0,"1","1","4","1","2",2,0,0,2,"1",80,"1","5","1",61455.600029,5
"1",68,"4",1,"1","1","3","1","2",3,0,1,2,"2",72,"1","3","1",10631.757338,2.3
"1",80,"3",0,"1","1","3","1","2",1,0,0,1,"1",80,"1","3","2",42907.110924,2.57
"2",46,"4",0,"1","1","4","1","2",4,0,2,0,"2",46,"1","4","3",31042.727571,2.25
"2",80,"3",0,"1","1","4","1","2",2,0,0,2,"1",80,"1","3","1",31920.554865,1.46
"2",43,"1",0,"1","1","2","1","2",6,0,1,1,"2",43,"1","2","5",18940.060478,0.95
"2",25,"3",0,"2","2","5","1","2",1,0,0,0,"2",25,"2","5","5",37970.43438,1.2
"2",66,"3",0,"1","1","2","1","2",7,0,3,2,"2",66,"1","2","1",33842.702091,1.01
"2",57,"6",0,"2","2","5","1","2",2,0,0,1,"1",63,"2","5","1",16679.129269,4.13
"1",80,"3",0,"2","1","3","1","2",1,0,0,1,"1",80,"2","3","2",31612.099496,5
"1",64,"3",1,"1","1","3","1","2",2,0,0,1,"1",64,"1","3","3",18603.251124,1.29
"2",42,"2",0,"2","2","4","1","2",4,0,2,0,"2",42,"2","4","1",30505.806561,4.88
"2",43,"3",0,"1","1","4","1","2",3,0,1,0,"1",44,"1","4","1",91249.402337,5
"1",76,"2",1,"2","1","4","1","2",3,0,0,2,"1",76,"2","4","1",9071.78302,1.54
"2",36,"4",0,"1","1","4","1","2",3,0,2,0,"2",36,"1","4","3",30423.716532,1.72
"1",34,"6",0,"2","1","4","1","2",3,1,0,0,"1",34,"2","4","1",18144.630535,5
"2",29,"6",0,"1","1","4","1","2",3,0,0,0,"2",57,"2","4","3",23123.861298,5
"2",25,"4",0,"1","1","3","1","2",2,0,0,1,"2",66,"1","3","5",25266.946106,1.91
"2",54,"4",0,"1","1","4","1","2",2,0,1,0,"2",54,"1","4","1",20545.181159,0.83
"2",56,"3",0,"1","1","1","1","2",1,0,0,0,"2",56,"1","1","3",25713.427662,0.76
"1",44,"1",0,"2","2","2","2","2",1,0,0,0,"1",44,"2","2","6",36021.238135,2.26
"1",26,"3",0,"1","1","3","1","2",2,0,0,0,"2",25,"1","4","1",70487.254122,3.5
"1",40,"6",0,"2","2","5","1","1",3,0,1,0,"1",40,"2","5","1",15971.436848,4.35
"2",29,"4",0,"1","1","5","1","2",3,0,1,0,"2",29,"1","5","5",28116.619731,3.28
"2",57,"3",0,"1","1","3","1","2",2,0,0,0,"1",57,"1","5","1",139870.360101,5
"1",54,"4",0,"1","1","4","1","2",4,0,1,0,"1",54,"1","4","1",34499.864665,2.73
"1",21,"3",0,"1","1","2","1","2",1,0,0,0,"1",21,"1","2","5",22166.491882,0.86
"1",47,"3",0,"1","1","3","1","2",3,0,1,0,"2",44,"1","4","1",121947.255605,2.82
"1",25,"3",0,"1","1","3","1","2",1,0,0,0,"1",25,"1","3","5",28812.543072,0.61
"2",48,"6",0,"2","2","1","1","1",4,0,1,0,"2",48,"2","1","1",13087.433,1.47
"2",69,"4",0,"1","1","2","1","2",2,0,0,1,"2",69,"1","2","2",18497.855373,1.91
"2",62,"2",0,"2","1","4","2","2",1,0,0,1,"2",62,"2","4","3",10113.37557,1.2
"1",36,"3",0,"1","1","2","1","2",2,0,0,0,"1",36,"1","2","4",18218.321637,0.77
"1",27,"2",0,"2","2","1","2","2",2,0,0,0,"1",53,"2","1","5",42359.459875,2.42
"2",40,"4",0,"1","1","5","1","2",3,0,2,0,"2",40,"1","5","5",38341.285238,3.28
"1",64,"1",0,"2","1","3","1","2",2,0,0,2,"1",64,"2","3","1",19352.298753,1.51
"1",54,"3",0,"1","1","3","1","2",1,0,0,0,"1",54,"1","3","5",33115.430924,0.78
"2",56,"6",0,"2","2","1","1","1",7,2,1,0,"2",47,"2","1","4",21016.577389,1.22
"2",49,"1",0,"2","2","2","2","2",3,0,1,1,"1",66,"2","1","1",24699.368843,1.62
"2",33,"1",0,"2","1","1","2","2",6,1,2,0,"1",38,"2","4","1",38574.480424,1.27
"1",43,"3",0,"1","1","3","1","2",4,0,2,0,"1",43,"1","3","1",91507.898383,2.55
"1",61,"2",0,"2","1","4","2","2",3,0,0,1,"1",61,"2","4","1",12696.86367,2.68
"1",27,"3",0,"1","1","2","1","2",5,1,2,0,"2",26,"1","2","6",31174.074739,0.25
"1",25,"3",0,"1","1","5","1","2",3,1,0,0,"2",25,"1","5","1",107509.123719,5
"2",37,"3",0,"1","1","5","1","2",4,0,2,0,"1",44,"1","5","1",86688.344802,4.19
"1",69,"3",1,"1","1","4","1","2",1,0,0,1,"1",69,"1","4","3",27993.628502,1.29
"1",39,"3",0,"1","1","3","1","2",6,3,0,0,"2",52,"1","4","3",18368.870223,0.47
"1",20,"1",0,"1","1","3","1","2",2,0,0,0,"1",20,"1","3","1",56883.157199,1.27
"2",26,"7",0,"1","1","2","1","2",1,0,0,0,"2",26,"1","2","6",36093.699481,1.13
"2",69,"3",0,"1","1","4","1","2",1,0,0,2,"2",69,"1","4","3",61916.298956,1.71
"1",56,"2",0,"2","1","5","1","2",4,0,0,0,"1",56,"2","5","1",14108.454435,5
"2",30,"7",0,"2","2","5","1","2",3,1,0,0,"1",32,"2","5","1",20635.077718,5
"1",22,"3",0,"1","1","5","1","2",1,0,0,0,"1",24,"1","5","5",69766.055661,3.43
"2",67,"4",0,"1","1","2","1","2",1,0,0,1,"2",67,"1","2","3",21832.758725,0.7
"2",73,"2",0,"2","1","3","2","2",1,0,0,1,"2",73,"2","3","2",11892.416503,0.04
"2",61,"3",0,"1","1","4","1","2",2,0,0,1,"2",61,"1","4","1",104098.620975,5
"2",38,"4",0,"2","1","5","1","2",3,1,1,0,"2",38,"2","5","4",18848.441459,3.18
"1",61,"4",1,"1","1","3","1","2",2,0,0,1,"1",61,"1","3","1",10631.757338,3.95
"1",24,"4",0,"1","1","4","1","2",1,0,0,0,"1",24,"1","4","5",22993.294873,1.54
"1",73,"3",0,"1","1","5","1","2",2,0,0,2,"1",73,"1","5","1",53906.436745,5
"2",50,"3",0,"1","1","2","1","2",1,0,0,0,"2",50,"1","2","4",117939.178644,0.74
"2",56,"4",1,"1","1","5","1","2",7,0,4,0,"2",56,"1","5","1",24019.668668,3.24
"1",35,"6",0,"2","1","5","1","2",1,0,0,0,"1",35,"2","5","5",15556.614752,5
"1",25,"3",1,"1","1","3","1","2",7,2,3,0,"2",53,"1","2","4",22145.908326,0.93
"1",23,"7",0,"2","1","4","1","2",3,1,0,0,"1",23,"2","4","6",26658.585418,1.64
"1",53,"4",0,"2","2","1","1","2",1,0,0,0,"1",49,"2","1","1",19125.968907,0.34
"1",53,"1",0,"2","1","1","2","1",6,0,4,0,"1",53,"2","1","1",13714.192671,0.88
"1",25,"3",0,"1","1","5","1","2",2,0,0,0,"1",25,"1","5","1",88325.019537,4
"1",61,"3",0,"1","1","4","1","2",2,0,0,1,"1",61,"1","4","1",126388.176554,5
"2",60,"4",0,"1","1","3","1","2",2,0,0,1,"2",60,"1","3","4",11603.054466,1.91
"2",39,"1",0,"1","1","5","1","2",2,0,0,0,"1",40,"1","5","1",41542.563492,5
"1",68,"3",1,"1","1","4","1","2",7,1,2,1,"1",68,"1","4","1",74605.300088,3.89
"1",40,"4",0,"1","1","2","1","2",5,2,1,0,"2",26,"1","2","6",27341.960646,0.18
"1",44,"2",0,"1","1","4","1","2",5,0,2,0,"1",33,"1","4","1",34445.114122,1.16
"1",70,"3",0,"1","1","5","1","2",2,0,0,2,"1",70,"1","5","1",37916.229308,5
"2",62,"6",0,"2","2","5","1","2",2,0,0,2,"1",63,"2","5","1",12927.190011,5
"1",64,"3",0,"1","1","3","1","2",2,0,0,1,"2",59,"1","3","1",18603.251124,1.29
"1",29,"7",0,"1","1","4","1","2",1,0,0,0,"1",29,"1","4","3",107424.70843,3.54
"2",63,"3",0,"1","1","3","1","2",2,0,0,2,"1",67,"1","3","1",98365.270632,3.22
"1",57,"4",0,"2","2","4","1","2",2,0,0,1,"1",57,"2","4","1",26052.931107,4.19
"1",80,"3",1,"1","1","5","1","2",2,0,0,2,"2",80,"1","5","1",28354.925843,1.16
"2",60,"3",0,"1","1","5","1","2",2,0,0,2,"2",80,"1","5","3",99668.892422,4.51
"2",66,"3",0,"1","1","4","1","2",2,0,0,2,"2",66,"1","4","1",74723.297588,5
"1",72,"3",1,"1","1","3","1","2",1,0,0,1,"1",72,"1","3","3",16572.904941,1.2
"1",42,"3",0,"1","1","3","1","2",4,0,2,1,"1",42,"1","3","3",130918.211708,1.15
"1",30,"6",0,"2","2","5","1","2",3,1,0,0,"1",30,"2","5","1",19882.257836,5
"1",45,"1",0,"2","1","2","2","2",5,1,2,0,"1",45,"2","2","1",15816.48206,2.15
"2",76,"3",0,"1","1","5","1","2",1,0,0,1,"2",76,"1","5","2",71587.176787,1.46
"2",53,"2",0,"2","1","5","1","2",3,0,1,1,"1",63,"2","5","1",21575.892961,5
"2",23,"2",0,"2","1","4","1","2",3,2,0,0,"2",23,"2","4","5",50073.335132,0.35
"2",46,"6",0,"2","2","3","1","2",2,0,0,0,"2",46,"2","3","3",22447.984931,3.18
"2",80,"2",0,"2","1","2","1","2",2,0,0,2,"2",80,"2","2","1",15109.532961,1.53
"1",80,"3",1,"1","1","5","1","2",1,0,0,1,"1",80,"1","5","3",22873.533486,2.79
"2",43,"3",0,"1","1","5","1","2",4,0,2,0,"2",43,"1","5","1",101419.954507,4.3
"2",37,"3",0,"1","1","5","1","2",4,1,1,0,"2",37,"1","5","1",52754.376122,4.19
"1",34,"4",0,"2","1","5","1","2",2,0,0,0,"1",34,"2","5","1",32133.315954,2.23
"2",54,"3",0,"1","1","5","1","2",3,0,0,1,"2",54,"1","5","3",115530.553375,5
"2",80,"3",0,"1","1","4","1","2",1,0,0,1,"2",80,"1","4","2",34001.764908,1.03
"1",46,"3",0,"1","1","5","1","2",5,0,3,0,"1",46,"1","5","1",59034.613787,3.67
"1",52,"7",0,"1","1","3","1","2",5,0,0,0,"1",52,"1","3","1",70413.346349,4.06
"1",23,"4",0,"1","1","2","1","2",4,0,0,1,"1",60,"1","3","1",32950.821265,1.05
"1",49,"3",0,"1","1","5","1","2",1,0,0,1,"2",46,"1","3","3",25421.993341,3.48
"1",44,"3",0,"1","1","5","1","2",4,0,2,0,"1",44,"1","5","1",100857.701196,4.19
"1",27,"1",0,"1","1","5","1","2",2,0,0,0,"1",27,"1","5","5",51877.119096,5
"2",20,"2",0,"1","1","2","1","2",6,2,0,0,"1",21,"1","4","5",36550.650062,1.52
"1",55,"1",0,"1","1","5","1","2",1,0,0,2,"1",55,"1","5","3",25581.127961,3.48
"2",79,"3",0,"1","1","5","1","2",2,0,0,2,"2",79,"1","5","1",51836.76364,5
"1",60,"6",0,"2","1","5","1","1",1,0,0,1,"1",60,"2","5","1",14169.219207,2.74
"1",53,"3",0,"1","1","3","1","2",3,0,0,1,"1",53,"1","3","3",22232.599185,0.61
"2",47,"3",0,"1","1","5","1","2",2,0,1,0,"2",47,"1","5","3",33625.298298,1.12
"2",73,"3",0,"1","1","4","1","2",1,0,0,1,"2",73,"1","4","3",55926.378458,1.08
"1",79,"3",1,"1","1","5","1","2",2,0,0,2,"1",79,"1","5","1",55434.790046,2.9
"2",66,"4",0,"1","1","2","1","2",2,0,0,2,"2",66,"1","2","1",18497.855373,2.54
"2",47,"3",0,"1","1","5","1","2",4,0,2,0,"1",50,"1","5","1",85580.848244,5
"1",32,"3",0,"1","1","5","1","2",1,0,0,0,"2",27,"1","5","6",60921.5407,1.04
"1",31,"3",0,"1","1","2","1","2",3,0,0,0,"2",53,"1","2","5",28701.919637,1.18
"2",40,"4",0,"1","1","4","1","2",5,0,3,0,"2",40,"1","4","4",22987.201815,0.94
"1",77,"3",1,"1","1","5","1","2",2,0,0,2,"2",71,"1","4","1",73458.620483,2.58
"2",25,"3",0,"1","1","2","1","2",6,2,1,0,"2",25,"1","2","6",29180.275988,1.2
"2",50,"6",0,"2","1","3","1","2",7,3,0,0,"1",58,"2","4","1",14309.982874,1.4
"1",20,"2",0,"1","1","4","1","2",4,0,1,0,"2",57,"2","2","3",31852.782377,0.3
"1",42,"3",0,"1","1","2","1","2",6,1,2,0,"2",26,"1","3","1",24815.783429,0.35
"2",23,"2",0,"2","2","2","2","1",6,1,2,0,"2",43,"2","1","1",23089.077067,0.54
"1",49,"6",0,"2","2","1","1","1",4,0,1,0,"2",48,"2","1","1",12111.45122,1.47
"1",23,"3",0,"1","1","1","1","2",1,0,0,0,"1",36,"1","3","5",28345.1182,0.69
"2",42,"6",0,"2","2","5","1","2",3,0,1,0,"2",42,"2","5","1",13186.580219,1.62
"2",51,"7",1,"1","1","4","1","2",2,0,0,0,"2",51,"1","4","2",15511.614249,1.04
"2",71,"4",0,"1","1","4","1","2",1,0,0,1,"2",71,"1","4","2",28991.413193,3.26
"1",20,"3",0,"1","1","3","1","2",1,0,0,0,"1",20,"1","3","5",104175.047833,1.74
"2",41,"4",0,"1","1","2","1","2",6,0,3,0,"1",38,"1","2","1",29088.582634,0.78
"1",34,"3",0,"1","1","2","1","2",5,0,3,0,"1",34,"1","2","6",16076.488044,0.9
"2",57,"3",0,"1","1","4","1","2",2,0,0,1,"1",63,"1","2","1",152364.716013,2.71
"1",55,"3",0,"1","1","2","1","2",2,0,0,0,"1",55,"1","2","1",35337.37471,1.29
"1",43,"1",0,"2","2","2","1","2",3,0,1,0,"1",43,"2","2","1",37881.938466,2.05
"2",62,"3",0,"1","1","3","1","2",2,0,0,2,"1",64,"1","5","1",97280.67308,5
"1",80,"3",1,"1","1","3","1","2",2,0,0,2,"1",80,"1","3","1",38596.961709,1.38
"1",44,"4",0,"1","1","2","1","2",4,0,1,0,"2",45,"1","4","5",22523.654033,0.17
"2",80,"3",0,"1","1","3","1","2",1,0,0,1,"2",80,"1","3","2",33436.653289,1.74
"2",73,"3",0,"1","1","4","1","2",2,0,0,2,"2",73,"1","4","1",91942.713137,1.77
"1",33,"3",0,"1","1","4","1","2",5,1,2,0,"2",31,"1","4","1",18368.870223,0.57
"2",23,"3",0,"1","1","3","1","2",5,1,0,1,"2",52,"1","1","6",36668.682115,0.29
"2",33,"3",0,"1","1","4","1","2",2,0,1,0,"2",33,"1","4","3",69789.839038,1.27
"1",23,"3",0,"1","1","3","1","2",4,1,0,1,"1",23,"1","3","1",107424.70843,2.31
"1",27,"4",0,"2","1","4","1","2",1,0,0,0,"1",27,"2","4","5",24793.52611,0.02
"2",35,"1",0,"1","1","4","1","2",2,0,1,0,"2",35,"1","4","5",35269.471836,1.42
"1",28,"3",0,"1","1","5","1","2",3,1,0,0,"1",28,"1","5","1",102483.555727,4.3
"1",59,"3",0,"1","1","4","1","2",3,0,0,0,"1",59,"1","4","1",83815.417216,5
"1",41,"7",0,"2","1","5","1","2",6,3,1,0,"1",41,"2","5","1",14649.991286,3.17
"1",39,"3",1,"1","1","4","1","2",4,0,2,0,"2",36,"1","3","1",23241.03735,1.23
"1",45,"3",0,"2","1","5","1","2",4,0,2,0,"1",45,"2","5","1",60253.020192,5
"2",51,"4",0,"1","1","4","1","2",3,0,0,0,"1",52,"1","4","1",22510.885149,5
"2",50,"4",0,"1","1","3","1","2",2,0,0,0,"2",50,"1","3","5",21326.598137,0.32
"1",52,"3",0,"1","1","4","1","2",2,0,0,0,"1",52,"1","4","1",113503.367236,3.5
"2",35,"3",0,"1","1","5","1","2",6,1,4,0,"2",35,"1","5","3",23672.33667,0.9
"2",31,"3",0,"1","1","5","1","2",4,2,0,0,"1",29,"1","4","1",30969.939728,1.27
"2",25,"4",0,"1","1","4","1","2",3,1,0,0,"2",26,"2","4","5",31887.24056,2.56
"2",66,"3",0,"1","1","5","1","2",2,0,0,2,"1",80,"1","4","1",75672.783338,5
"1",70,"4",0,"2","2","1","1","2",4,0,1,1,"1",70,"2","1","3",14449.771325,1.06
"2",51,"4",0,"1","1","5","1","2",3,0,0,0,"2",51,"1","5","4",21523.523119,2.02
"2",29,"4",0,"1","1","5","1","2",2,0,0,0,"2",29,"1","5","1",26416.374968,5
"1",65,"4",1,"1","1","2","1","2",5,0,0,3,"2",60,"1","2","3",7505.601301,1.15
"1",53,"6",0,"2","1","5","1","2",4,0,1,0,"1",53,"2","5","1",17815.935742,5
"2",57,"3",0,"1","1","3","1","2",7,0,0,0,"1",55,"1","3","1",73390.699536,2.27
"2",70,"2",0,"1","1","3","1","2",3,0,0,2,"2",70,"1","3","1",23816.902651,2.05
"2",63,"4",0,"1","1","3","1","2",2,0,0,2,"2",63,"1","3","1",18497.855373,3.18
"2",26,"4",0,"1","1","3","1","2",3,1,0,0,"2",26,"1","3","6",33697.855083,1.26
"1",48,"3",1,"1","1","4","1","2",2,0,0,0,"1",48,"1","4","1",33302.047915,0.95
"2",51,"3",0,"1","1","5","1","2",1,0,0,0,"2",51,"1","5","3",107175.908858,5
"2",49,"3",0,"1","1","4","1","2",2,0,0,0,"1",52,"1","1","1",100974.214172,1.16
"2",37,"4",0,"1","1","3","1","2",5,1,2,0,"2",37,"1","3","3",17062.213691,1.18
"2",44,"3",0,"1","1","3","1","2",5,1,0,0,"1",48,"1","2","6",24192.767674,1.2
"1",49,"6",0,"2","2","5","1","2",4,1,1,0,"2",44,"2","5","1",23799.351911,2.02
"1",41,"4",0,"1","1","3","1","2",5,1,3,0,"1",41,"1","3","1",23728.003264,0.72
"1",44,"3",0,"1","1","3","1","2",3,1,0,0,"2",43,"1","3","1",100857.701196,4.55
"1",62,"1",0,"2","2","1","2","2",2,0,0,2,"1",62,"2","1","1",8642.936431,1.65
"2",65,"3",0,"1","1","5","1","2",3,0,1,1,"1",48,"1","5","1",68020.014744,5
"1",34,"4",0,"1","1","4","1","2",1,0,0,0,"2",26,"1","4","1",21527.63823,1.71
"2",34,"3",0,"1","1","4","1","2",3,0,0,1,"2",34,"1","4","5",68813.213727,2.05
"1",26,"3",0,"1","1","5","1","2",3,1,0,0,"2",23,"1","4","1",93616.386178,2.02
"2",25,"6",0,"1","1","5","1","2",2,0,0,0,"1",29,"1","5","1",26288.167896,3.05
"1",31,"1",0,"1","1","3","1","2",5,1,2,0,"2",31,"1","3","1",39203.210817,0.91
"2",30,"3",0,"1","1","5","1","2",1,0,0,0,"2",30,"1","5","5",68636.685821,5
"1",65,"6",0,"2","1","5","1","2",2,0,0,2,"1",65,"2","5","1",14171.48187,5
"1",80,"3",1,"1","1","5","1","2",2,0,0,2,"1",80,"1","5","1",30451.384349,5
"1",36,"3",0,"1","1","5","1","2",4,0,3,0,"1",36,"1","5","3",17422.87721,0.92
"2",53,"3",0,"1","1","5","1","2",4,0,1,0,"1",52,"1","5","1",10913.324484,1.47
"1",44,"7",0,"1","1","4","1","2",1,0,0,0,"1",44,"1","4","3",22483.409064,2.91
"1",63,"3",0,"1","1","5","1","2",3,0,0,2,"1",63,"1","5","1",27993.628502,1.24
"1",35,"4",0,"1","1","4","1","2",2,0,0,0,"1",35,"1","4","6",26438.468888,4.51
"2",22,"2",0,"1","1","4","1","2",2,0,0,0,"2",51,"2","4","3",22737.320612,2.42
"2",47,"3",0,"1","1","4","1","2",2,0,0,0,"2",47,"1","4","3",79004.83557,1.93
"1",68,"4",0,"1","1","2","1","2",3,0,0,1,"1",68,"1","2","4",7505.601301,2.53
"1",50,"4",0,"1","1","4","1","2",6,0,4,0,"1",50,"1","4","1",23342.427407,1.88
"2",51,"1",0,"2","1","1","1","2",6,0,2,0,"1",58,"2","3","1",20865.67203,1.58
"1",35,"4",0,"2","1","4","1","2",6,3,1,0,"1",35,"2","4","1",20729.027782,1.27
"1",56,"4",0,"1","1","3","1","2",4,1,0,0,"2",55,"1","4","1",16682.507598,3.31
"2",70,"3",0,"1","1","3","1","2",1,0,0,1,"2",70,"1","3","2",72230.883165,0.82
"2",43,"4",0,"1","1","4","1","2",5,2,1,0,"2",43,"1","4","4",29595.191046,1.61
"1",24,"1",0,"1","1","3","1","2",4,2,0,0,"1",24,"1","3","5",55256.1796,0.84
"1",48,"4",0,"1","1","5","1","2",2,0,0,1,"1",48,"1","5","5",28451.828786,4.51
"2",26,"6",0,"1","1","5","1","2",1,0,0,0,"2",26,"1","5","5",24706.714895,3.6
"1",36,"3",0,"1","1","5","1","2",5,3,0,0,"1",36,"1","5","1",84998.393872,5
"2",24,"2",0,"1","1","4","1","2",3,1,0,0,"2",24,"1","4","6",47390.379418,1.82
"1",61,"1",0,"2","2","2","2","2",7,0,0,1,"1",29,"2","4","5",8746.73727,2.27
"2",48,"3",0,"1","1","5","1","2",3,0,1,0,"1",47,"1","5","1",79883.979906,5
"2",63,"3",0,"1","1","4","1","2",2,0,0,2,"2",63,"1","4","1",100221.056939,5
"2",80,"3",0,"1","1","4","1","2",1,0,0,1,"2",80,"1","4","2",52965.381469,5
"2",52,"2",0,"1","1","4","1","2",2,0,0,0,"1",51,"1","4","1",19669.163172,5
"1",66,"3",1,"1","1","3","1","2",2,0,0,1,"1",66,"1","3","1",31194.146663,1.59
"1",29,"3",0,"1","1","3","1","2",1,0,0,0,"1",29,"1","3","5",123189.360298,2.14
"1",42,"1",0,"2","2","3","2","2",5,1,2,0,"2",37,"2","4","1",20485.558452,0.45
"2",34,"1",0,"2","2","3","2","1",5,2,1,0,"2",34,"2","3","1",30003.047227,0.21
"2",34,"3",0,"1","1","5","1","2",1,0,0,0,"2",34,"1","5","5",25524.729774,1.29
"2",20,"4",0,"1","1","3","1","2",4,0,0,2,"1",67,"1","3","1",44921.80352,3.35
"2",37,"7",0,"2","2","4","1","2",3,0,1,0,"1",40,"2","3","1",24902.079764,1.52
"2",80,"3",0,"1","1","4","1","2",1,0,0,1,"2",80,"1","4","2",32329.37798,3.86
"1",47,"3",0,"1","1","3","1","2",1,0,0,0,"1",47,"1","3","3",21547.22476,1.31
"1",36,"1",0,"2","2","1","2","2",4,1,1,0,"1",36,"2","1","6",57174.462361,1.06
"2",48,"6",0,"2","1","5","1","2",3,0,1,0,"1",59,"2","5","1",28139.291708,5
"1",62,"3",0,"1","1","3","1","2",1,0,0,1,"1",62,"1","3","3",82990.428344,4.28
"2",44,"6",0,"2","1","3","1","2",5,2,0,0,"1",51,"2","3","6",19202.107086,0.48
"1",80,"3",1,"1","1","5","1","2",1,0,0,2,"1",80,"1","5","2",37013.041655,4.35
"1",22,"4",0,"1","1","3","1","2",5,3,0,0,"1",22,"1","3","6",22800.139286,1.07
"2",22,"2",0,"1","1","4","1","2",7,2,1,0,"2",48,"1","3","3",34378.472565,0.35
"1",34,"3",0,"2","1","2","1","2",2,1,0,0,"1",34,"2","2","5",19125.157345,0.64
"1",27,"6",0,"2","2","3","1","1",1,0,0,0,"1",27,"2","3","6",21814.112075,2.57
"2",80,"4",0,"1","1","5","1","2",1,0,0,1,"2",80,"1","5","2",21267.087155,3.76
"1",32,"6",0,"2","2","5","1","2",3,1,0,0,"2",31,"2","5","1",18848.932866,3.17
"2",33,"1",0,"2","2","4","1","2",6,1,3,0,"2",33,"2","4","1",28605.246206,1.3
"1",40,"7",0,"2","2","3","1","2",3,0,1,0,"1",40,"2","3","1",20684.807364,1.52
"1",21,"1",0,"1","1","4","1","2",3,0,0,0,"1",21,"1","4","5",42359.459875,2.3
"1",63,"3",0,"1","1","4","1","2",2,0,0,2,"1",63,"1","4","1",101032.034038,5
"1",41,"6",1,"2","1","5","1","2",5,0,3,0,"1",41,"2","5","1",16575.424742,5
"2",25,"3",0,"1","1","4","1","2",2,0,0,0,"2",25,"1","4","1",72205.619595,3.5
"2",51,"4",0,"1","1","2","1","2",3,0,0,0,"2",51,"1","2","5",20545.181159,1.52
"2",38,"2",0,"2","1","4","1","2",3,1,0,0,"1",51,"1","5","1",36708.36787,5
"1",73,"2",0,"2","2","3","2","2",1,0,0,1,"1",73,"2","3","4",10452.231857,0.73
"1",72,"3",1,"1","1","3","1","2",4,0,0,1,"1",72,"1","3","3",20613.412026,0.72
"1",63,"1",1,"1","1","2","1","2",4,0,0,1,"1",63,"1","2","1",16151.926567,1.27
"2",21,"3",0,"1","1","3","1","2",3,0,0,0,"2",51,"1","4","1",35562.079797,1.21
"1",47,"6",0,"2","1","5","1","2",6,1,1,2,"2",37,"2","5","1",12716.903876,5
"1",59,"4",0,"1","1","5","1","2",3,0,0,0,"2",51,"1","3","6",17824.999802,2.27
"2",25,"1",0,"1","1","5","1","2",7,2,0,0,"2",25,"1","5","5",23089.077067,0.68
"2",70,"3",0,"1","1","3","1","2",2,0,0,2,"1",73,"1","4","1",70841.443218,2.42
"2",21,"4",0,"1","1","4","1","2",5,0,3,0,"2",40,"1","4","4",24756.273566,0.94
"2",39,"3",0,"1","1","4","1","2",2,0,0,0,"1",40,"1","5","1",88747.541698,5
"2",35,"1",0,"2","2","3","1","2",4,0,2,0,"1",31,"2","3","5",37168.874261,2.42
"2",36,"7",0,"2","2","3","2","2",5,2,0,1,"2",41,"2","3","1",29677.668419,0.09
"2",64,"3",0,"1","1","3","1","2",2,0,0,2,"1",73,"1","2","1",37839.68857,4.45
"2",49,"7",1,"1","1","5","1","2",3,2,4,0,"2",49,"1","5","3",19784.767364,4.1
"2",25,"3",0,"1","1","2","1","2",2,1,0,0,"2",25,"1","2","5",61812.662234,0.76
"2",26,"1",0,"1","1","5","1","2",7,2,0,0,"2",25,"1","5","5",23089.077067,0.68
"1",20,"1",0,"2","2","2","1","2",5,0,0,0,"1",55,"2","1","1",51166.900015,0.87
"2",78,"3",0,"1","1","3","1","2",2,0,0,2,"1",80,"1","3","1",57206.653095,2.23
"1",66,"1",0,"2","1","1","2","2",3,0,0,3,"1",66,"2","1","1",13023.451149,1.02
"2",65,"6",0,"2","1","2","1","2",3,0,0,1,"2",65,"2","2","1",12985.596514,3.28
"2",34,"2",0,"1","1","4","1","2",3,0,1,0,"2",34,"1","4","5",35986.741158,1.33
"2",54,"3",0,"1","1","3","1","2",3,0,0,0,"2",54,"1","3","2",113946.354386,5
"2",40,"3",0,"1","1","5","1","2",4,1,1,0,"1",47,"1","5","1",89307.342969,5
"1",51,"3",0,"1","1","4","1","2",2,0,0,0,"1",51,"1","4","1",126098.761743,3.18
"1",48,"3",0,"1","1","5","1","2",4,0,2,0,"1",48,"1","5","1",66629.063009,5
"1",30,"3",0,"1","1","3","1","2",4,2,0,0,"1",30,"1","3","5",23341.054842,0.86
"2",36,"2",0,"2","2","5","1","2",2,1,0,0,"2",36,"2","5","3",45094.542403,2.86
"2",74,"4",0,"1","1","3","1","2",1,0,0,1,"2",74,"1","3","3",24636.807638,1.46
"1",71,"3",1,"1","1","2","1","2",3,0,0,1,"1",71,"1","2","1",16248.394194,0.92
"1",70,"3",0,"1","1","4","1","2",1,0,0,1,"1",70,"1","4","6",83976.816824,5
"1",25,"1",0,"1","1","2","1","2",4,0,0,1,"1",40,"2","4","3",41558.654834,2.55
"1",46,"3",0,"1","1","3","1","2",3,1,0,0,"1",46,"1","3","6",31780.596675,0.37
"1",80,"4",1,"1","1","2","1","2",1,0,0,1,"1",80,"1","2","2",8911.78846,1.13
"1",46,"3",0,"1","1","3","1","2",4,0,2,0,"1",46,"1","3","1",116424.979906,1.91
"1",80,"3",1,"1","1","2","1","2",2,0,0,1,"1",49,"1","2","3",11377.148096,0.87
"1",36,"3",0,"1","1","4","1","2",3,1,0,0,"2",25,"1","4","6",22764.001768,1.77
"2",80,"3",0,"1","1","3","1","2",1,0,0,1,"2",80,"1","3","2",34240.931532,1.37
"2",31,"3",0,"1","1","5","1","2",1,0,0,0,"1",36,"1","5","3",84843.358338,5
"2",64,"3",0,"1","1","4","1","2",1,0,0,1,"2",64,"1","4","5",56156.85404,2.43
"2",51,"3",0,"1","1","4","1","2",1,0,0,0,"2",51,"1","4","5",18511.180168,1.23
"1",71,"4",1,"1","1","1","1","2",2,0,0,1,"1",71,"1","1","1",14180.768061,0.84
"1",37,"1",0,"2","2","2","2","2",5,1,2,0,"1",37,"2","2","1",37862.578051,0.72
"2",48,"3",0,"1","1","4","1","2",2,0,0,0,"2",48,"1","4","1",82007.260738,2.9
"1",29,"2",0,"1","1","4","1","2",1,0,0,0,"1",29,"1","4","5",50580.191118,2.44
"1",73,"2",0,"2","1","5","2","2",6,1,2,1,"1",42,"1","5","5",5740.158256,2.19
"1",56,"6",0,"2","1","4","1","2",4,0,0,0,"1",56,"2","4","1",14212.692987,5
"1",62,"4",0,"1","1","4","1","2",5,0,2,1,"1",62,"1","4","4",9035.513264,0.7
"2",46,"1",0,"1","1","4","1","2",4,0,2,0,"1",50,"1","4","1",34458.688136,3.4
"1",78,"1",0,"1","1","1","1","2",1,0,0,1,"1",78,"1","1","6",11140.687817,0.65
"2",46,"3",0,"1","1","4","1","2",4,0,2,0,"1",46,"1","3","1",23202.52842,1.47
"1",72,"3",0,"1","1","5","1","2",2,0,0,2,"2",68,"1","5","1",70688.504386,5
"1",33,"6",0,"2","1","4","1","2",4,0,0,0,"1",59,"2","4","1",14743.682904,4.25
"2",64,"1",0,"1","1","1","2","2",1,0,0,2,"1",68,"2","1","6",18727.456286,0.49
"1",57,"4",0,"1","1","4","1","2",6,0,1,1,"2",60,"1","2","1",23383.034409,5
"1",63,"1",0,"1","1","1","1","2",2,0,0,2,"1",63,"1","1","1",15866.435364,0.77
"2",20,"4",0,"1","1","4","1","2",3,0,0,1,"2",62,"1","2","1",27994.113062,3.54
"1",45,"3",0,"1","1","4","1","2",3,0,1,0,"1",45,"1","4","1",100857.701196,1.92
"1",41,"6",0,"2","2","5","1","2",4,0,2,0,"2",43,"2","5","1",20721.177206,5
"2",79,"4",0,"1","1","1","1","2",1,0,0,1,"2",79,"1","1","2",38651.731915,0.69
"1",37,"4",0,"1","1","4","1","2",6,1,3,0,"1",37,"1","4","1",23000.832494,2.66
"1",41,"3",0,"1","1","3","1","2",4,0,1,0,"1",41,"1","3","1",25751.894772,0.63
"2",62,"6",0,"2","1","3","1","1",2,0,0,2,"1",65,"2","3","1",14929.446508,5
"2",46,"6",0,"1","1","5","1","2",2,0,0,0,"1",47,"1","5","1",14873.771011,4.84
"1",80,"3",1,"1","1","3","1","2",2,0,0,2,"1",80,"1","3","1",33888.033134,2.09
"2",29,"4",0,"1","1","3","1","2",3,0,1,0,"2",29,"1","5","5",28116.619731,3.28
"2",24,"3",0,"1","1","5","1","2",1,0,0,0,"2",23,"1","5","5",43998.999273,2.96
"2",66,"2",0,"2","2","2","2","2",4,0,0,2,"2",66,"2","2","1",17406.322197,0.2
"2",38,"3",0,"2","1","5","1","2",7,1,4,0,"1",40,"1","5","1",63895.699122,1.39
"1",25,"7",0,"1","1","4","1","2",3,1,0,0,"1",25,"1","4","1",22484.627638,1.52
"2",25,"1",0,"2","2","1","2","1",5,3,2,0,"2",32,"2","3","6",23089.077067,0.29
"2",43,"4",0,"1","1","5","1","2",4,0,2,0,"1",45,"1","4","1",26894.281601,3.82
"1",78,"4",0,"1","1","1","1","2",6,0,1,2,"2",77,"1","3","1",10670.281269,0.75
"1",73,"6",0,"2","1","3","1","1",3,0,0,2,"1",73,"2","3","1",14476.340752,3.84
"2",75,"6",0,"2","2","1","1","2",3,0,0,1,"1",30,"2","3","1",21741.258516,2.32
"2",66,"3",0,"1","1","4","1","2",1,0,0,1,"2",66,"1","4","2",72183.784616,2.18
"2",32,"3",0,"1","1","4","1","2",5,1,2,0,"2",32,"1","4","1",67808.788669,1.43
"2",53,"3",0,"1","1","5","1","2",2,0,1,0,"2",53,"1","5","3",22875.966968,1.46
"1",32,"3",0,"1","1","2","1","2",1,0,0,0,"1",32,"1","2","6",81502.576179,5
"2",33,"4",0,"1","1","5","1","2",2,0,0,0,"1",33,"1","5","1",26477.216686,5
"2",30,"3",0,"1","1","2","1","2",6,0,4,0,"1",31,"1","4","1",52644.889015,0.63
"1",71,"3",1,"1","1","4","1","2",2,0,0,2,"2",69,"1","4","1",57214.803319,1.93
"1",41,"3",0,"1","1","2","1","2",6,0,4,0,"1",41,"1","2","6",21099.884351,0.63
"1",37,"4",0,"2","1","5","1","2",4,1,2,0,"1",37,"2","5","2",23010.878531,5
"2",42,"2",0,"1","1","4","1","2",4,1,2,0,"2",42,"1","4","3",26896.633726,1.49
"1",47,"3",0,"2","1","3","1","2",1,0,0,0,"1",47,"2","3","3",98814.157778,3.26
"1",39,"3",0,"1","1","4","1","2",2,0,0,1,"2",62,"1","4","3",16117.096766,0.46
"1",20,"3",0,"1","1","2","1","2",4,2,0,0,"2",22,"1","3","1",32261.744543,0.89
"2",22,"3",0,"1","1","4","1","2",2,0,0,0,"1",25,"2","5","1",53002.973503,0.92
"1",74,"4",1,"1","1","3","1","2",2,0,0,2,"1",74,"1","3","1",9918.956424,4.51
"2",64,"4",0,"1","1","4","1","2",2,0,0,1,"2",64,"1","4","6",13074.616801,2.9
"1",50,"6",0,"2","1","4","1","1",7,2,1,0,"2",47,"2","1","4",19024.059278,1.22
"1",41,"3",0,"2","1","4","1","2",4,0,1,0,"1",41,"2","4","1",68207.163066,5
"2",76,"4",0,"1","1","3","1","2",3,0,0,2,"1",80,"1","4","1",24204.477465,3.03
"2",78,"3",0,"1","1","5","1","2",2,0,0,2,"2",78,"1","5","1",61455.600029,5
"2",61,"3",0,"1","1","4","1","2",1,0,0,1,"2",61,"1","4","3",28057.32411,0.1
"2",61,"3",0,"1","1","3","1","2",2,0,0,2,"1",65,"1","5","1",102642.021529,5
"2",56,"3",0,"1","1","4","1","2",5,2,0,0,"1",30,"1","5","1",92555.393411,5
"1",34,"3",0,"1","1","4","1","2",5,1,2,0,"2",32,"1","3","1",17889.38376,1.43
"2",35,"7",0,"1","1","4","1","2",5,0,3,0,"1",38,"1","4","1",26147.175904,0.9
"1",58,"6",0,"2","1","4","1","2",7,3,0,0,"1",58,"2","4","1",12953.296697,1.4
"1",49,"3",0,"1","1","3","1","2",2,0,0,0,"2",47,"1","3","1",102341.831273,3.22
"2",74,"3",0,"1","1","4","1","2",1,0,0,1,"2",74,"1","4","3",27016.333222,0.85
"2",28,"1",0,"1","1","4","1","2",3,1,1,0,"2",28,"1","4","5",37618.486256,0.26
"1",77,"3",1,"1","1","4","1","2",4,0,0,2,"1",30,"1","5","1",66468.077393,5
"2",36,"3",0,"1","1","3","1","2",3,1,0,0,"2",36,"1","3","1",32357.444107,1.28
"2",40,"7",0,"1","1","5","1","2",5,0,2,0,"1",41,"1","5","1",69134.189736,3.63
"1",29,"1",0,"1","1","4","1","2",6,0,2,0,"1",58,"2","3","1",51166.900015,1.58
"1",26,"3",0,"1","1","4","1","2",2,1,2,0,"2",39,"1","4","3",25700.134854,0.1
"2",66,"4",0,"1","1","2","1","2",6,0,0,2,"2",66,"1","2","5",18888.577559,0.33
"2",55,"3",0,"1","1","4","1","2",2,0,0,1,"1",72,"1","3","1",99187.873063,4.19
"1",65,"4",0,"1","1","2","1","2",1,0,0,1,"1",65,"1","2","2",17116.921607,3
"1",70,"3",0,"1","1","3","1","2",1,0,0,1,"1",70,"1","3","5",19987.366616,0.73
"1",38,"3",0,"1","1","2","1","2",6,1,1,0,"1",56,"1","2","1",19608.305463,1.9
"1",33,"3",0,"1","1","4","1","2",7,1,4,0,"2",32,"1","4","6",23241.03735,1.29
"2",43,"4",0,"1","1","4","1","2",3,0,0,0,"2",43,"1","4","5",24325.535991,0.92
"1",64,"3",1,"1","1","4","1","2",2,0,0,2,"2",63,"1","3","1",76045.210584,3.94
"2",27,"6",0,"2","1","4","1","2",4,2,0,0,"1",31,"1","4","1",26616.140434,2.1
"1",34,"4",0,"2","2","4","1","2",3,1,0,0,"2",31,"1","5","1",28444.417914,1.28
"2",32,"3",0,"1","1","2","1","2",2,1,0,0,"2",36,"1","3","1",32357.444107,0.9
"1",55,"3",0,"1","1","5","1","2",5,0,2,0,"1",55,"1","5","6",56499.579372,5
"1",80,"3",1,"1","1","3","1","2",2,0,0,2,"1",80,"1","3","1",15890.161116,1.13
"1",52,"3",1,"1","1","3","1","2",1,0,0,1,"2",46,"1","3","3",25245.294007,0.96
"1",24,"3",0,"1","1","3","1","2",1,0,0,0,"1",24,"1","3","5",29990.018903,1.2
"2",26,"7",0,"1","1","2","1","2",4,1,1,0,"2",26,"1","2","6",21750.057166,0.64
"1",80,"3",1,"1","1","5","1","2",2,0,0,2,"1",80,"1","5","1",39256.2563,2.9
"2",48,"2",0,"2","2","4","2","2",3,0,1,0,"2",48,"2","4","1",27872.902839,1.33
"2",55,"6",0,"2","1","1","1","2",7,1,1,0,"1",32,"1","3","4",23464.715463,3.33
"2",46,"3",0,"1","1","4","1","2",5,0,3,0,"1",46,"1","4","1",70068.905594,3.48
"1",41,"3",1,"1","1","3","1","2",5,1,0,2,"1",64,"1","4","1",120056.767725,0.97
"2",60,"3",0,"1","1","4","1","2",6,0,1,2,"1",61,"1","4","1",53377.697617,3.1
"1",67,"1",0,"1","1","1","2","2",2,0,0,1,"1",42,"1","4","5",12167.004137,1.27
"1",37,"6",0,"2","1","3","1","1",2,0,0,0,"2",40,"2","5","1",18665.694771,2.16
"1",57,"4",0,"1","1","3","1","2",1,0,0,3,"1",80,"1","1","2",14841.094512,0.86
"2",63,"3",0,"1","1","5","1","2",3,0,0,2,"1",63,"1","5","1",84527.947494,5
"1",53,"2",1,"1","1","3","1","2",1,0,0,0,"1",53,"1","3","5",21644.12708,3.11
"2",32,"1",0,"1","1","4","1","2",3,1,0,0,"2",32,"1","4","1",44382.264772,2.82
"1",73,"3",0,"1","1","3","1","2",2,0,0,2,"1",73,"1","3","1",20384.141341,2.17
"1",43,"6",0,"2","1","5","1","2",3,1,0,0,"2",36,"2","5","1",23799.351911,5
"1",72,"3",0,"1","1","3","1","2",2,0,0,2,"1",72,"1","3","1",70084.59231,1.55
"2",55,"2",0,"2","1","4","1","2",3,0,0,2,"1",76,"2","4","1",22524.420719,1.54
"2",31,"4",0,"1","1","3","1","2",3,1,1,0,"2",31,"1","3","5",25641.155477,0.36
"2",23,"1",0,"1","1","4","1","2",3,1,0,0,"2",23,"1","4","1",44678.023607,4.14
"2",34,"3",0,"1","1","5","1","2",4,2,0,0,"1",38,"1","5","1",86385.964853,5
"2",41,"7",0,"1","1","4","1","2",4,0,0,0,"1",40,"1","3","1",16147.871044,3.4
"2",51,"3",0,"1","1","5","1","2",1,0,0,0,"2",51,"1","5","5",98227.538137,5
"1",62,"4",0,"1","1","4","1","2",1,0,0,2,"1",62,"1","4","3",10117.475546,1.3
"1",44,"4",0,"1","1","1","1","2",1,0,0,0,"1",51,"1","5","5",17187.768026,1.57
"2",80,"6",0,"2","1","5","1","1",1,0,0,1,"2",80,"2","5","2",14181.79858,0.72
"1",66,"4",1,"1","1","3","1","2",2,0,0,2,"1",66,"1","3","1",8456.382628,5
"1",78,"3",0,"1","1","4","1","1",3,0,0,3,"2",77,"1","5","5",12268.903935,2.27
"1",56,"4",0,"1","1","5","1","2",3,0,1,0,"2",53,"1","4","1",24593.666095,1.64
"2",70,"3",0,"1","1","5","1","2",2,0,0,2,"1",69,"1","5","1",61455.600029,5
"1",64,"6",1,"2","1","5","1","2",3,0,0,2,"1",64,"2","5","1",12103.069921,5
"2",61,"6",0,"2","1","4","1","2",1,0,0,1,"2",61,"2","4","2",19307.21592,4.13
"1",63,"3",0,"1","1","2","1","2",2,0,0,1,"1",63,"1","2","1",27641.861615,1.35
"2",54,"4",0,"1","1","3","1","2",1,0,0,0,"2",54,"1","3","3",21570.847348,0.04
"2",49,"3",0,"1","1","5","1","2",3,0,1,0,"2",49,"1","5","1",89307.342969,4.1
"1",39,"3",0,"1","1","3","1","2",1,0,0,0,"1",39,"1","3","5",12812.197906,2.18
"1",20,"3",0,"1","1","4","1","2",5,0,1,0,"1",48,"1","5","1",99429.770418,2.51
"2",26,"4",0,"1","1","4","1","2",1,0,0,0,"2",26,"1","4","5",26197.604584,1.09
"2",32,"3",0,"1","1","4","1","2",3,0,0,2,"1",70,"1","4","1",35934.433535,1.77
"1",59,"3",0,"1","1","3","1","2",1,0,0,0,"1",59,"1","3","3",114436.342172,5
"1",45,"6",0,"1","1","4","1","2",4,1,1,0,"1",45,"1","4","1",22786.746308,2.52
"1",58,"3",0,"1","1","5","1","2",2,0,0,0,"2",59,"1","3","1",107814.757098,5
"1",64,"6",0,"2","1","5","1","2",2,0,0,2,"2",64,"2","5","1",15586.920507,5
"2",33,"6",0,"2","1","2","1","2",5,1,2,0,"1",37,"2","4","1",15638.871207,1.81
"1",80,"3",1,"1","1","3","1","2",1,0,0,1,"1",80,"1","3","5",22726.373953,4.35
"1",30,"3",0,"1","1","3","1","2",4,0,0,2,"1",65,"1","3","1",106819.654572,2.12
"2",51,"1",0,"2","2","4","1","2",5,0,3,0,"1",57,"2","3","1",19940.606932,1.65
"1",68,"1",0,"1","1","2","1","2",1,0,0,1,"1",68,"1","2","3",11140.687817,1.13
"1",80,"3",1,"1","1","3","1","2",6,1,0,1,"1",80,"1","3","1",7230.082726,2.15
"1",44,"7",0,"1","1","3","1","2",4,0,0,2,"2",62,"1","4","1",81333.538737,1.19
"2",47,"4",0,"1","1","5","1","2",1,0,0,0,"2",47,"1","5","5",30397.602914,4.44
"2",80,"6",0,"2","1","1","1","1",3,0,0,1,"2",80,"2","1","2",21308.145351,2.56
"1",48,"3",0,"1","1","5","1","2",4,2,0,0,"1",48,"1","5","1",94592.264707,5
"2",39,"6",0,"2","1","5","1","2",5,1,1,1,"1",37,"2","5","1",22463.310808,5
"2",69,"4",0,"1","1","4","1","2",3,1,0,1,"2",69,"1","4","2",11603.054466,2.53
"2",41,"6",0,"2","2","5","1","2",5,0,3,0,"2",41,"2","5","1",22260.988864,5
"1",78,"3",1,"1","1","5","1","2",1,0,0,1,"1",78,"1","5","2",14404.1694,1.21
"2",59,"3",0,"1","1","4","1","2",3,0,0,1,"2",34,"1","4","5",89336.959604,2.05
"1",80,"6",1,"2","1","3","1","1",6,1,2,2,"2",41,"2","1","3",8070.393258,1.14
"2",76,"4",0,"1","1","3","1","2",2,0,0,3,"2",76,"1","3","6",18537.900482,1.37
"1",70,"3",0,"1","1","5","1","2",2,0,0,2,"1",70,"1","5","1",56876.063759,5
"1",66,"3",1,"1","1","4","1","2",2,0,0,1,"1",66,"1","4","1",35362.182783,0.97
"2",57,"2",0,"2","2","2","2","2",7,0,0,1,"2",57,"2","2","1",14422.284143,4.16
"2",22,"4",0,"1","1","4","1","2",3,0,0,0,"1",51,"1","4","6",31047.648989,3.44
"2",46,"3",0,"1","1","3","1","2",3,0,0,0,"2",46,"1","3","6",26834.038898,0.77
"1",66,"1",0,"2","1","1","1","2",7,0,4,1,"1",66,"2","1","1",10264.078237,0.7
"1",80,"3",1,"1","1","3","1","2",2,0,0,2,"1",80,"1","3","1",22729.702215,3.81
"1",68,"1",0,"2","1","1","2","2",1,0,0,2,"1",68,"2","1","6",16004.568709,0.54
"2",41,"3",0,"2","1","5","1","2",4,2,0,0,"2",41,"2","5","1",62742.058789,5
"2",57,"2",0,"2","2","1","2","2",7,0,1,1,"1",41,"2","2","1",13182.967793,1.25
"2",68,"3",0,"1","1","3","1","2",2,0,0,2,"1",69,"1","3","1",92228.668248,5
"1",72,"3",0,"1","1","1","1","2",2,0,0,2,"1",72,"1","1","1",66938.724573,1.74
"1",21,"4",0,"1","1","4","1","2",3,0,0,0,"1",51,"1","4","6",25515.332514,3.44
"1",55,"3",0,"1","1","1","1","2",3,0,0,0,"1",55,"1","1","1",30927.651343,2.27
"1",28,"4",0,"1","1","3","1","2",1,0,0,0,"1",28,"1","3","5",22993.294873,4.88
"1",70,"3",0,"1","1","1","1","2",3,0,0,2,"1",70,"1","1","1",20613.412026,1.02
"2",53,"3",0,"1","1","3","1","2",1,0,0,0,"2",53,"1","3","3",97916.733926,0.65
"1",42,"6",0,"2","1","5","1","2",3,1,0,0,"1",42,"2","5","1",13409.592359,5
"1",80,"3",1,"1","1","2","1","2",1,0,0,1,"1",80,"1","2","2",41907.243982,1.71
"2",45,"3",0,"1","1","3","1","2",3,0,2,0,"2",45,"1","3","3",27774.337533,1.28
"2",21,"3",0,"1","1","4","1","2",1,0,0,0,"2",25,"1","5","5",36093.699481,0.7
"1",38,"6",0,"2","2","5","1","2",4,1,1,0,"2",40,"2","5","1",20034.213258,5
"2",57,"6",0,"2","2","3","1","1",3,0,0,0,"1",58,"2","3","1",13617.881247,2.05
"2",51,"3",0,"1","1","4","1","2",1,0,0,0,"2",51,"1","4","3",26128.790074,2.4
"1",70,"2",0,"2","2","2","2","2",4,0,0,2,"2",66,"2","2","1",14875.52155,0.2
"2",23,"3",0,"1","1","4","1","2",3,1,0,0,"1",27,"1","3","6",87700.723123,2.02
"1",29,"7",0,"1","1","5","1","2",3,1,0,0,"1",29,"1","5","1",37120.543044,5
"2",52,"4",0,"1","1","4","1","2",1,0,0,0,"2",52,"1","4","3",34700.469555,2.74
"1",23,"4",0,"1","1","4","1","2",5,0,1,1,"2",45,"2","4","1",25009.310065,1.99
"2",21,"3",0,"1","1","5","1","2",1,0,0,0,"1",27,"1","5","1",45880.396886,0.52
"1",45,"6",0,"2","1","5","1","2",6,0,3,1,"2",49,"2","5","1",12474.498937,5
"2",80,"3",0,"1","1","3","1","2",4,0,0,3,"2",76,"1","4","1",20502.69263,1.02
"2",45,"3",0,"1","1","4","1","2",5,0,1,0,"1",48,"1","5","1",81583.632326,2.51
"1",67,"3",1,"1","1","3","1","2",2,0,0,2,"2",67,"1","3","1",96081.098846,2.26
"2",65,"4",0,"1","1","5","1","2",2,0,0,2,"1",74,"1","3","1",14361.229012,1.93
"2",66,"3",0,"1","1","5","1","2",2,0,0,2,"1",67,"1","5","1",87740.235691,5
"1",68,"3",0,"1","1","5","1","2",2,0,0,1,"1",68,"1","5","1",135170.924202,5
"2",45,"3",0,"1","1","5","1","2",2,0,1,0,"2",45,"1","5","5",90007.443843,5
"1",72,"7",0,"1","1","3","1","2",2,0,0,1,"1",72,"1","3","1",93511.50057,4.19
"2",61,"4",0,"2","1","3","1","2",3,1,0,1,"2",61,"2","3","3",13968.17501,1.01
"2",60,"3",0,"1","1","4","1","2",1,0,0,1,"2",60,"1","4","3",73752.997325,1.83
"1",60,"4",0,"1","1","3","1","2",4,0,0,1,"1",60,"1","3","1",10548.622457,1.05
"2",38,"1",0,"2","2","1","2","2",7,3,2,0,"2",38,"2","1","1",44058.272543,0.94
"2",80,"3",0,"1","1","3","1","2",1,0,0,1,"2",80,"1","3","2",35867.435969,1.2
"2",79,"3",0,"1","1","5","1","2",1,0,0,1,"2",79,"1","5","3",93002.65855,1.31
"1",54,"1",0,"1","1","3","1","2",3,0,0,2,"1",76,"1","1","1",25457.283015,0.77
"2",34,"3",0,"1","1","4","1","2",6,1,3,0,"1",28,"1","4","1",64157.728337,2.22
"2",44,"3",0,"1","1","4","1","2",3,0,1,0,"2",44,"1","4","1",110329.841536,2.82
"2",41,"6",0,"2","1","3","1","1",3,0,0,2,"1",73,"2","3","1",17258.46935,3.84
"2",74,"1",0,"2","1","1","2","2",7,0,0,1,"2",47,"2","3","1",13972.452054,1.6
"1",60,"3",0,"1","1","3","1","2",2,0,0,1,"1",60,"1","3","1",150013.475091,2.54
"1",80,"4",0,"1","1","1","1","2",2,0,0,1,"1",80,"1","1","2",9993.736156,0.76
"1",66,"1",0,"1","1","1","2","2",2,0,0,2,"2",63,"2","2","1",16830.596219,1.1
"1",72,"3",1,"1","1","3","1","2",2,0,0,2,"1",72,"1","3","1",55495.612786,3.03
"2",37,"1",0,"2","2","2","2","2",4,2,0,0,"1",32,"2","2","1",38724.749332,1.27
"2",53,"1",0,"1","1","5","1","2",3,0,0,0,"2",53,"1","5","1",21545.609413,5
"1",61,"4",0,"1","1","2","1","2",3,0,0,1,"1",61,"1","2","1",9380.75052,1.36
"1",35,"1",0,"2","1","4","2","2",7,0,0,0,"2",39,"2","1","1",30856.168797,1.94
"2",43,"6",0,"2","2","5","1","2",2,0,0,0,"1",51,"1","5","1",16399.577342,5
"1",50,"1",0,"1","1","4","1","2",4,0,2,0,"1",50,"1","4","1",25643.026959,3.4
"2",32,"3",0,"1","1","4","1","2",5,1,2,0,"2",32,"1","4","1",55991.617117,3.26
"1",34,"3",0,"1","1","2","1","2",2,1,0,0,"1",34,"1","2","3",84069.422541,2.19
"1",72,"3",0,"1","1","5","1","2",1,0,0,1,"1",72,"1","5","2",44404.535459,5
"2",71,"2",1,"2","1","4","1","2",1,0,0,1,"2",71,"2","4","3",24158.001003,1.67
"1",66,"1",0,"2","1","1","2","2",4,0,0,1,"2",21,"1","3","1",12352.53595,1.02
"1",24,"2",0,"2","2","3","2","2",1,0,1,0,"2",32,"2","3","3",32400.341318,2.79
"2",80,"3",0,"1","1","3","1","2",1,0,0,1,"2",80,"1","3","2",33902.052987,1.71
"2",21,"2",0,"1","1","4","1","2",6,1,1,0,"1",59,"2","1","5",22652.578364,2.69
"1",63,"3",0,"1","1","2","1","2",1,0,0,1,"1",63,"1","2","3",26885.867201,0.87
"1",29,"1",0,"2","1","4","1","2",7,0,0,1,"1",29,"2","4","5",32322.174729,2.27
"2",80,"4",0,"2","1","5","1","2",4,0,0,2,"2",55,"1","5","3",13122.798162,5
"2",20,"2",0,"2","1","3","1","2",6,1,0,1,"1",80,"1","3","1",23089.077067,2.15
"2",57,"4",0,"1","1","2","1","2",4,0,2,0,"1",28,"1","3","5",22063.138176,2.04
"1",62,"4",0,"1","1","4","1","2",1,0,0,1,"1",62,"1","4","2",9689.404375,1.22
"1",76,"6",0,"2","2","5","1","2",2,0,0,2,"1",76,"2","5","2",15625.228954,5
"2",50,"4",1,"1","1","4","1","2",1,0,0,0,"2",50,"1","4","2",24134.415956,3.48
"1",49,"2",0,"2","2","4","1","2",2,0,0,0,"1",49,"2","4","1",25132.678489,5
"2",60,"4",0,"1","1","3","1","2",6,0,0,2,"2",66,"1","2","5",18888.577559,0.33
"2",66,"4",0,"1","1","3","1","2",2,0,0,2,"1",67,"1","3","1",17833.992838,2.58
"2",32,"3",0,"1","1","5","1","2",5,3,0,0,"1",28,"1","4","1",23323.522188,1.15
"2",26,"4",0,"2","1","4","1","2",3,1,0,0,"2",26,"2","4","5",31887.24056,2.56
"1",51,"1",0,"2","2","1","2","2",4,0,1,0,"1",51,"2","1","1",21426.882313,0.96
"2",79,"4",0,"1","1","2","1","2",2,0,1,1,"2",79,"1","2","2",19721.999749,0.81
"1",31,"6",0,"2","2","3","1","2",6,1,0,0,"2",21,"2","4","5",13186.606179,0.5
"1",48,"3",0,"1","1","3","1","2",1,0,0,1,"2",49,"1","4","3",100857.701196,4.5
"2",46,"2",0,"2","2","5","2","2",5,1,1,0,"2",46,"2","5","1",26967.888925,1.65
"1",76,"4",0,"1","1","4","1","2",1,0,0,1,"1",76,"1","4","2",12970.950454,3.6
"1",27,"7",0,"1","1","4","1","2",1,0,0,0,"1",27,"1","4","6",25809.272396,5
"2",53,"4",0,"1","1","4","1","2",1,0,0,0,"2",53,"1","4","1",34471.699605,4.93
"1",41,"4",0,"1","1","4","1","2",1,0,0,0,"1",41,"1","4","5",27007.706732,2.14
"2",44,"4",0,"1","1","3","1","2",1,0,0,1,"1",70,"1","2","6",24558.693596,0.67
"2",34,"3",0,"1","1","4","1","2",2,0,0,0,"1",41,"1","2","1",114952.436612,5
"2",59,"1",0,"1","1","3","1","2",2,0,0,1,"1",61,"2","4","1",17944.644152,3.87
"2",25,"6",0,"2","2","5","1","2",2,0,0,0,"1",29,"2","5","1",34682.69144,3.5
"2",71,"6",0,"2","2","5","1","2",7,0,2,1,"2",42,"2","3","1",16068.417711,3.05
"2",53,"3",0,"1","1","4","1","2",2,0,0,0,"2",53,"1","4","1",90669.123698,4.04
"2",27,"3",0,"1","1","5","1","2",1,0,0,0,"2",27,"1","5","6",65525.806091,5
"2",77,"6",0,"2","1","5","1","2",4,0,1,1,"2",77,"2","5","2",21308.145351,5
"1",32,"3",0,"1","1","5","1","2",4,2,0,0,"1",32,"1","5","1",72407.9788,4.61
"2",40,"6",0,"2","2","5","1","2",4,1,1,0,"2",40,"2","5","1",19474.498093,5
"1",41,"3",0,"1","1","2","1","2",4,0,1,0,"1",41,"1","2","1",35584.711524,0.47
"1",27,"4",0,"1","1","3","1","2",1,0,0,0,"1",23,"1","3","5",28734.577221,2.18
"2",23,"2",0,"2","1","2","1","2",3,1,0,0,"1",30,"2","4","1",36696.711646,4.25
"1",50,"1",0,"2","2","2","2","2",5,1,1,0,"1",50,"2","2","1",25643.026959,1.63
"1",39,"3",0,"1","1","4","1","2",3,0,0,2,"1",70,"1","5","1",67322.825303,5
"2",78,"4",0,"1","1","4","1","2",3,0,0,2,"2",78,"1","4","1",22595.117081,3.07
"1",57,"1",0,"2","1","3","1","2",2,0,0,0,"2",53,"1","4","1",17661.943628,5
"1",43,"6",0,"2","1","4","1","2",3,0,0,1,"1",76,"2","1","1",20298.359278,5
"1",51,"3",0,"1","1","5","1","2",4,0,2,0,"2",43,"1","5","1",124595.931367,4.3
"2",80,"3",0,"1","1","4","1","2",2,0,0,2,"2",80,"1","4","1",38908.626538,1.11
"1",32,"6",0,"2","2","3","1","2",2,0,0,0,"2",39,"1","3","1",18764.829137,1.7
"2",57,"4",0,"1","1","1","1","2",7,0,1,0,"2",57,"1","1","5",24336.919943,0.57
"2",21,"7",0,"1","1","5","1","2",7,0,2,0,"2",43,"2","5","1",50249.850948,3.37
"2",32,"4",0,"2","1","4","1","2",3,0,2,0,"2",32,"2","4","3",27927.439481,2.53
"1",59,"6",0,"2","1","4","1","2",4,0,0,0,"1",59,"2","4","1",12093.772926,4.25
"1",44,"4",0,"1","1","2","1","2",2,0,0,0,"1",44,"1","2","1",40152.928174,5
"2",49,"4",0,"1","1","4","1","2",1,0,0,0,"2",49,"1","4","6",25701.696795,3
"1",80,"3",1,"2","1","5","1","2",1,0,0,1,"1",80,"2","5","5",67500.65594,1.74
"1",34,"1",0,"1","1","3","1","2",7,1,4,0,"2",31,"1","4","1",56366.470183,2.11
"2",64,"6",0,"2","2","3","1","1",6,0,2,2,"1",38,"2","4","1",13318.864423,1.72
"1",69,"3",1,"1","1","2","1","2",1,0,0,1,"1",69,"1","2","5",69960.270343,2.83
"2",65,"4",0,"1","1","3","1","2",3,0,1,1,"2",65,"1","3","4",14469.499359,1.72
"2",71,"6",0,"2","1","4","1","2",2,0,0,2,"1",75,"2","5","1",26559.797942,2.58
"2",48,"3",0,"1","1","2","1","2",4,0,1,0,"1",53,"1","2","1",91273.98974,0.98
"1",50,"4",0,"1","1","2","1","2",3,0,1,0,"1",50,"1","2","1",20755.235591,3.33
"1",64,"3",1,"1","1","4","1","2",5,1,0,2,"1",64,"1","4","1",77115.405603,0.97
"1",45,"6",0,"2","1","5","1","2",4,0,2,0,"1",45,"2","5","1",17885.512772,5
"1",38,"1",0,"2","2","1","2","2",3,0,1,0,"1",38,"2","1","1",55442.565625,1.79
"2",74,"6",0,"2","1","3","1","2",7,0,3,2,"1",46,"2","5","1",14973.362347,3.93
"1",38,"6",0,"2","2","5","1","2",4,1,1,0,"1",38,"2","5","1",18601.423567,4.19
"2",30,"6",0,"2","1","5","1","2",2,0,0,0,"1",32,"1","5","1",21207.335741,5
"1",31,"3",1,"1","1","4","1","2",1,0,0,0,"1",31,"1","4","3",68324.90003,3.92
"1",80,"3",1,"1","1","3","1","2",1,0,0,1,"1",80,"1","3","2",13581.860855,1.09
"1",54,"4",1,"1","1","4","1","2",1,0,0,0,"1",54,"1","4","3",36130.800143,4.28
"2",44,"6",0,"2","2","1","1","1",4,0,2,0,"1",44,"2","1","1",17436.234967,0.02
"2",79,"3",0,"1","1","3","1","2",2,0,0,2,"2",79,"1","3","1",58195.593747,1.93
"2",34,"3",0,"1","1","2","1","2",6,0,3,0,"1",41,"1","2","1",23779.954014,0.59
"1",67,"2",0,"2","1","2","2","2",3,0,0,2,"2",67,"2","2","1",17605.116865,1.72
"1",73,"3",0,"1","1","2","1","2",2,0,0,2,"1",73,"1","2","1",12678.80586,0.97
"1",54,"4",0,"1","1","2","1","2",1,0,0,0,"1",54,"1","2","3",25895.958339,0.04
"2",43,"2",0,"2","1","2","2","2",2,0,1,0,"2",32,"2","3","3",22020.047933,0.84
"2",23,"1",0,"2","2","1","2","2",5,2,1,0,"1",27,"2","1","6",23092.76413,0.64
"1",27,"4",0,"1","1","4","1","2",3,0,0,0,"2",51,"1","5","4",24511.409395,2.02
"1",26,"3",0,"1","1","5","1","2",1,0,0,0,"1",26,"1","5","5",78766.187267,3.92
"1",31,"6",0,"2","2","5","1","2",1,0,0,0,"1",30,"2","5","1",20648.03403,5
"1",38,"3",0,"1","1","5","1","2",4,0,2,0,"2",35,"1","5","1",45778.305482,5
"1",47,"4",0,"1","1","3","1","2",1,0,0,0,"1",47,"1","3","4",28616.352845,0.73
"2",80,"3",0,"1","1","4","1","2",2,0,0,2,"2",80,"1","4","1",30930.093041,5
"2",47,"6",0,"2","1","1","1","1",7,2,1,0,"2",47,"2","1","4",22544.538196,1.22
"2",68,"1",0,"1","1","2","1","2",1,0,0,1,"2",68,"1","2","4",22015.721371,0.62
"2",52,"3",0,"1","1","4","1","2",3,0,1,0,"2",52,"1","4","1",85376.267459,0.99
"1",23,"1",0,"1","1","2","1","2",6,1,1,0,"2",45,"2","3","1",27116.336989,0.63
"2",44,"6",0,"2","1","5","1","2",3,0,0,0,"1",46,"2","5","1",20571.491486,5
"2",36,"3",0,"1","1","5","1","2",4,1,1,0,"1",37,"1","5","1",86385.964853,5
"1",64,"4",0,"1","1","4","1","2",1,0,0,1,"1",64,"1","4","1",13281.237386,3.83
"1",30,"6",0,"2","2","1","1","1",7,2,1,0,"2",47,"2","1","4",23192.489164,1.22
"2",45,"4",0,"1","1","5","1","2",3,0,1,0,"1",42,"1","4","1",30996.519399,4.1
"2",59,"3",0,"1","1","5","1","2",1,0,0,0,"2",59,"1","5","5",22864.557535,1.28
"2",64,"3",0,"1","1","4","1","2",6,1,1,1,"1",45,"1","3","1",21675.060393,0.88
"1",65,"3",1,"1","1","4","1","2",4,1,0,1,"1",65,"1","4","3",19870.190882,1.22
"1",66,"2",0,"2","1","3","1","2",2,0,0,1,"2",50,"1","5","1",11261.272061,5
"2",62,"6",0,"2","2","1","1","1",5,0,2,1,"1",40,"2","4","1",12639.842646,2.36
"1",57,"1",0,"1","1","5","1","2",7,1,2,0,"1",57,"1","5","2",32410.383206,0.83
"2",61,"4",0,"1","1","1","1","2",1,0,0,1,"2",61,"1","1","5",18497.855373,0.73
"2",25,"1",0,"1","1","2","2","2",5,2,0,0,"2",49,"2","2","1",36550.650062,0.74
"1",73,"3",1,"1","1","5","1","2",2,0,0,2,"1",73,"1","5","1",74432.157767,5
"1",36,"3",0,"1","1","5","1","2",1,0,0,0,"1",36,"1","5","5",66210.051331,5
"1",60,"1",0,"2","1","1","1","2",1,0,0,1,"1",60,"2","1","3",12197.704197,1.78
"2",30,"6",0,"2","2","4","1","2",3,0,0,1,"1",30,"2","3","1",17991.438774,2.32
"1",45,"1",0,"2","2","1","2","2",7,3,2,0,"2",38,"2","1","1",34445.114122,0.94
"2",42,"1",0,"1","1","5","1","2",4,0,0,0,"1",46,"1","5","1",35256.93257,5
"2",42,"3",0,"1","1","3","1","2",2,0,0,0,"1",51,"1","2","1",26835.143115,0.95
"1",52,"3",0,"1","1","1","1","2",2,0,0,0,"1",52,"1","1","1",124048.332698,1.16
"1",23,"2",0,"1","1","4","1","2",1,0,1,0,"2",32,"2","3","3",32400.341318,1.12
"2",51,"2",0,"2","1","4","1","2",2,0,0,0,"2",51,"2","4","3",12980.055728,2.42
"1",51,"7",1,"1","1","5","1","2",1,0,0,0,"1",51,"1","5","3",25458.454321,0.87
"2",52,"3",0,"2","1","5","1","2",5,0,1,0,"2",52,"2","5","1",139870.360101,1.81
"2",52,"3",0,"1","1","5","1","2",1,0,0,0,"2",52,"1","5","3",21936.904288,0.7
"2",79,"6",0,"2","1","1","1","2",1,0,0,1,"2",79,"2","1","2",25648.501714,3.22
"1",80,"2",0,"2","1","3","1","2",3,0,0,2,"1",80,"2","3","1",8033.878669,4.06
"1",51,"2",0,"1","1","4","2","2",2,0,0,1,"1",51,"1","4","3",24512.933202,0.51
"1",80,"3",1,"1","1","4","1","2",1,0,0,1,"1",80,"1","4","2",42071.929453,3.43
"2",28,"3",0,"1","1","4","1","2",3,0,0,0,"2",59,"2","3","3",59135.422881,1.77
"1",66,"7",1,"1","1","4","1","2",4,2,0,1,"1",66,"1","4","6",9431.473883,1.06
"2",41,"4",0,"1","1","4","1","2",4,0,2,0,"2",41,"1","4","1",37741.167167,0.03
"2",55,"4",0,"1","1","5","1","2",4,0,0,2,"2",55,"1","5","3",14962.542363,5
"1",47,"3",0,"1","1","5","1","2",1,0,0,0,"1",47,"1","5","3",88868.842951,5
"2",80,"3",0,"1","1","3","1","2",1,0,0,1,"2",80,"1","3","2",56314.228133,3.86
"2",24,"7",0,"2","1","4","1","2",3,1,0,0,"2",24,"2","4","1",23672.086299,1.26
"2",63,"1",0,"2","2","1","2","2",4,0,0,1,"1",40,"2","4","3",9038.850741,2.55
"1",80,"3",1,"1","1","5","1","2",2,0,0,2,"1",80,"1","5","1",26870.699123,5
"1",41,"6",0,"2","2","5","1","2",4,0,2,0,"2",38,"2","4","1",21796.018208,1.22
"2",26,"7",0,"1","1","5","1","2",3,0,1,1,"2",60,"2","5","3",31440.077664,5
"1",21,"3",0,"1","1","2","1","2",7,0,0,0,"1",55,"1","3","1",61661.50647,2.27
"2",65,"1",0,"2","2","1","2","2",1,0,0,1,"2",65,"2","1","4",10113.37557,0.86
"1",35,"3",0,"1","1","3","1","2",7,1,4,1,"2",67,"1","4","2",11774.580879,0.35
"2",38,"3",1,"1","1","4","1","2",2,0,0,0,"1",39,"1","3","1",98443.782836,2.54
"2",75,"3",0,"1","1","3","1","2",2,0,0,2,"1",79,"1","1","1",24921.695423,1.4
"1",39,"3",0,"1","1","3","1","2",4,0,1,0,"1",39,"1","3","1",85021.348597,5
"2",71,"3",0,"1","1","5","1","2",2,0,0,2,"1",70,"1","5","1",45735.042359,3.87
"1",29,"3",1,"1","1","4","1","2",2,0,0,0,"1",29,"1","4","1",35804.597846,1.16
"2",63,"4",0,"1","1","3","1","2",1,0,0,1,"2",63,"1","3","1",15711.025251,0.13
"1",23,"4",0,"1","1","4","1","2",2,0,0,0,"2",25,"1","5","5",22313.885217,3.22
"1",38,"7",1,"2","1","4","1","2",4,1,1,0,"1",38,"2","4","6",22107.281895,1.09
"2",64,"1",0,"1","1","2","1","2",4,1,0,1,"2",64,"1","2","2",13036.074129,0.51
"1",80,"2",0,"2","1","5","2","1",2,0,0,2,"2",80,"2","2","1",12912.675098,1.53
"2",25,"3",0,"1","1","5","1","2",3,1,0,0,"2",25,"1","5","1",106637.949613,5
"2",75,"3",0,"1","1","4","1","2",3,0,0,2,"1",80,"1","5","1",43193.115646,2.05
"1",66,"3",0,"1","1","4","1","2",2,0,0,2,"1",66,"1","4","1",109775.719519,3.37
"2",80,"3",0,"1","1","3","1","2",1,0,0,1,"2",80,"1","3","2",42368.436094,3
"2",30,"3",0,"1","1","4","1","2",5,1,2,0,"2",30,"1","4","1",28291.516598,0.72
"2",53,"1",0,"1","1","4","1","2",2,0,0,0,"2",53,"1","4","1",17549.282575,5
"2",42,"6",0,"2","2","3","1","1",5,1,2,0,"2",42,"2","3","1",17766.208787,2.51
"1",63,"3",0,"1","1","4","1","2",1,0,0,1,"1",63,"1","4","3",34002.622995,0.98
"2",24,"4",0,"1","1","4","1","2",5,0,0,0,"1",55,"1","2","1",30571.921215,1.52
"1",54,"4",0,"1","1","4","1","2",2,0,0,1,"1",54,"1","4","5",25119.09761,2.67
"2",31,"4",0,"1","1","4","1","2",4,2,1,0,"2",31,"1","4","4",22910.824581,1.17
"1",63,"1",0,"2","2","1","2","2",5,0,3,1,"2",54,"2","1","1",12117.623992,0.61
"2",80,"4",0,"1","1","2","1","2",1,0,0,1,"2",80,"1","2","2",21885.681618,0.7
"2",65,"3",0,"1","1","4","1","2",6,0,1,2,"1",65,"1","4","1",77360.542867,1.56
"2",48,"1",0,"2","2","3","2","2",2,0,0,0,"2",48,"2","3","3",20294.919152,2.54
"2",21,"2",0,"1","1","3","1","2",3,1,0,0,"1",21,"1","2","1",39586.91991,0.55
"1",47,"6",0,"2","1","5","1","2",5,2,1,0,"2",41,"2","5","1",19688.556744,3.05
"1",27,"4",0,"1","1","3","1","2",5,2,1,0,"1",27,"1","3","6",23262.918867,1.27
"2",32,"1",0,"2","2","3","2","2",5,1,1,1,"2",32,"2","3","1",28687.444194,1.27
"1",52,"6",0,"2","1","5","1","2",4,0,1,0,"2",53,"2","5","1",15211.008638,5
"2",68,"4",0,"1","1","1","1","2",1,0,0,1,"1",54,"2","2","4",16452.001711,1.57
"1",54,"3",0,"1","1","3","1","2",2,0,0,0,"1",54,"1","3","1",133440.622565,4.77
"2",80,"3",1,"1","1","4","1","2",3,0,0,2,"1",44,"1","5","6",42548.951921,5
"1",63,"3",1,"1","1","2","1","2",2,0,0,1,"1",63,"1","2","1",108382.755385,2.71
"1",20,"4",0,"1","1","3","1","2",6,0,1,1,"2",60,"1","2","1",25789.86622,5
"2",21,"3",0,"1","1","4","1","2",3,1,0,0,"1",33,"1","2","6",54113.687892,0.96
"1",37,"4",0,"1","1","4","1","2",3,1,0,0,"2",22,"1","3","5",22404.751661,3.84
"1",25,"3",0,"1","1","4","1","2",1,0,0,0,"1",26,"1","4","5",69766.055661,1.89
"1",31,"3",0,"1","1","5","1","2",1,0,0,0,"1",31,"1","5","5",77833.293308,5
"2",31,"6",0,"2","2","5","1","2",3,1,0,0,"2",31,"2","5","1",17924.534701,2.32
"1",28,"3",1,"1","1","4","1","2",3,0,0,1,"1",71,"1","2","1",45052.854805,0.92
"1",46,"1",0,"2","2","5","2","1",4,0,2,0,"1",46,"2","5","1",32064.082231,1.27
"2",48,"2",0,"2","2","1","2","2",7,0,1,1,"1",41,"2","2","1",17828.785872,1.25
"1",31,"1",1,"1","1","4","1","2",2,0,0,0,"2",30,"1","4","1",63856.639681,5
"2",43,"6",0,"2","2","5","1","2",4,1,0,1,"1",65,"1","4","2",27893.890908,1.53
"2",63,"4",0,"1","1","2","1","2",3,0,1,1,"2",63,"1","2","2",18493.150525,3.46
"2",25,"2",0,"2","1","4","1","2",4,1,1,0,"1",29,"2","3","1",37668.149554,2.12
"1",61,"3",1,"1","1","5","1","2",2,0,0,1,"1",61,"1","5","3",88531.364913,5
"1",70,"2",0,"2","1","5","2","2",2,0,0,2,"1",70,"2","5","1",10831.218727,5
"2",43,"4",0,"1","1","5","1","2",3,0,1,0,"1",50,"1","2","1",25864.507365,3.33
"2",48,"3",0,"1","1","2","1","2",2,0,0,0,"1",53,"1","2","1",30019.128056,0.58
"2",46,"3",0,"1","1","4","1","2",5,0,3,0,"2",46,"1","4","3",16599.843229,1.09
"1",59,"7",1,"1","1","3","1","2",1,0,0,0,"1",59,"1","3","3",20045.764159,1.31
"1",44,"3",0,"1","1","5","1","2",3,0,1,0,"1",44,"1","5","1",102114.981288,5
"2",50,"3",0,"1","1","4","1","2",3,0,0,0,"2",50,"1","4","1",18913.813377,0.35
"1",34,"3",0,"1","1","3","1","2",3,0,1,0,"2",34,"1","5","1",74416.486124,4.61
"1",50,"3",0,"1","1","5","1","2",4,0,2,0,"1",50,"1","5","1",143815.076784,5
"1",30,"3",0,"1","1","4","1","2",3,0,0,2,"1",62,"1","4","1",84998.393872,3.54
"1",71,"1",0,"1","1","3","1","2",2,0,0,2,"1",71,"1","3","1",24443.209581,1.29
"2",56,"1",0,"1","1","4","1","2",2,0,0,0,"2",56,"1","4","1",25417.952442,2.42
"1",35,"3",0,"1","1","4","1","2",4,2,0,0,"1",35,"1","4","1",85973.086861,3.61
"2",23,"3",0,"1","1","4","1","2",2,0,0,0,"1",23,"1","3","1",90601.316062,4.77
"1",80,"3",1,"1","1","3","1","2",2,0,0,2,"2",80,"1","3","1",24613.809078,1.21
"2",75,"2",0,"1","1","4","1","2",2,0,0,2,"1",78,"1","3","1",12147.200745,2.38
"1",21,"6",0,"2","2","2","1","2",7,1,3,0,"2",39,"2","2","1",20650.669401,0.88
"2",56,"1",0,"2","1","4","2","2",7,2,0,0,"2",25,"1","5","5",13180.86296,0.68
"2",80,"3",0,"1","1","5","1","2",1,0,0,1,"2",80,"1","5","2",39490.273952,2.61
"2",80,"3",0,"1","1","4","1","2",2,0,0,2,"1",80,"1","3","1",39446.992933,3.09
"1",36,"3",0,"1","1","4","1","2",1,0,0,0,"1",36,"1","4","5",17422.87721,1.11
"2",43,"2",0,"2","2","1","2","1",6,1,2,0,"2",43,"2","1","1",17825.939273,0.54
"1",33,"4",0,"1","1","4","1","2",7,2,0,2,"2",70,"1","2","2",23424.106902,1.36
"2",33,"4",0,"1","1","3","1","2",3,0,2,0,"2",33,"1","3","3",24446.516683,1.54
"1",47,"1",0,"2","2","1","1","2",3,0,0,0,"2",53,"1","5","1",31767.705205,5
"2",26,"6",0,"2","2","3","1","2",2,0,0,0,"1",54,"2","5","1",39624.618195,5
"1",33,"2",0,"2","2","1","2","2",5,1,2,0,"1",33,"2","1","1",40218.445362,0.76
"2",80,"3",0,"1","1","4","1","2",1,0,0,2,"1",80,"1","5","2",51548.544433,1.74
"1",66,"2",0,"2","1","5","2","2",2,0,0,1,"1",66,"2","5","1",13672.244221,5
"2",57,"4",0,"1","1","4","1","2",2,0,0,1,"2",57,"1","4","1",25119.311742,2
"2",34,"6",0,"2","2","5","1","2",2,0,0,0,"1",36,"2","5","1",19631.712963,5
"2",56,"3",0,"1","1","4","1","2",4,0,0,0,"2",56,"1","4","1",111297.457444,3.14
"2",27,"1",0,"1","1","4","1","2",5,2,1,0,"1",36,"2","1","1",33910.129682,1.81
"2",63,"3",0,"1","1","2","1","2",2,0,0,1,"2",63,"1","2","3",90489.627279,1.59
"2",61,"2",0,"2","1","3","2","2",3,0,0,2,"1",64,"2","3","1",11044.80962,1.54
"2",23,"4",0,"1","1","4","1","2",4,0,0,0,"2",46,"2","4","1",28306.859769,3.57
"2",64,"3",0,"1","1","2","1","2",2,0,0,2,"1",66,"1","4","1",94037.983978,5
"2",29,"3",0,"1","1","4","1","2",6,2,2,0,"2",29,"1","4","1",41912.448698,0.88
"1",76,"1",0,"2","2","1","2","2",7,1,2,1,"2",30,"2","1","4",8772.080101,1.54
"2",49,"4",0,"1","1","4","1","2",6,1,1,0,"2",24,"1","4","5",29161.979602,1.42
"1",57,"4",1,"1","1","5","1","2",7,0,4,0,"2",56,"1","5","1",22962.317252,3.24
"1",30,"6",0,"2","1","5","1","2",1,0,0,0,"1",30,"2","5","5",26140.130779,3.43
"1",62,"1",0,"1","1","4","1","2",3,0,0,3,"1",62,"1","4","2",10478.605164,3.07
"2",80,"3",0,"1","1","3","1","2",1,0,0,1,"2",80,"1","3","2",21781.282407,0.43
"1",68,"4",0,"2","1","1","1","2",1,0,0,2,"1",68,"2","1","6",9636.966766,0.21
"2",43,"6",0,"1","1","5","1","2",4,1,1,0,"2",43,"1","5","1",25124.237685,2.1
"1",68,"2",0,"2","1","2","2","2",2,0,0,2,"1",68,"2","2","6",7037.582072,0.58
"1",48,"3",0,"1","1","2","1","2",5,1,0,0,"1",48,"1","2","6",24622.645144,1.2
"2",44,"3",0,"1","1","5","1","2",2,0,0,0,"2",44,"1","5","1",90931.112841,5
"2",65,"1",0,"1","1","2","1","2",2,0,0,1,"2",65,"1","2","1",21325.13764,0.83
"1",79,"4",1,"1","1","2","1","2",2,0,0,2,"1",79,"1","2","1",6870.97804,2.29
"2",42,"2",0,"1","1","4","1","2",5,0,2,0,"2",42,"1","4","1",16274.721396,0.82
"1",24,"3",0,"1","1","1","1","2",3,0,1,0,"2",27,"1","2","5",72592.668922,1.14
"2",32,"2",0,"2","2","3","2","2",2,0,1,0,"2",32,"2","3","3",28430.112566,0.97
"2",63,"3",0,"2","1","5","1","2",2,0,0,2,"2",63,"2","5","1",78588.295739,5
"1",22,"1",0,"1","1","4","1","2",4,0,1,0,"2",57,"2","2","3",31852.782377,0.3
"1",20,"4",0,"1","1","4","1","2",4,0,0,0,"2",46,"2","4","1",23262.918867,3.57
"1",33,"3",0,"1","1","5","1","2",1,0,0,0,"1",33,"1","5","6",71723.122032,5
"2",24,"3",0,"1","1","5","1","2",5,0,1,0,"2",54,"1","4","3",47416.855283,2.36
"2",54,"4",0,"1","1","4","1","2",3,0,0,0,"2",54,"1","4","2",21574.291967,5
"2",25,"3",0,"1","1","4","1","2",3,2,0,0,"2",25,"1","4","5",49125.624802,0.18
"1",33,"3",1,"1","1","4","1","2",4,1,0,0,"1",33,"1","4","1",88161.950783,1.78
"2",39,"4",0,"1","1","2","1","2",2,0,1,0,"2",39,"1","2","1",22133.565021,0.51
"1",22,"7",0,"1","1","3","1","2",5,0,0,0,"1",55,"1","2","1",27613.679439,1.52
"2",29,"3",0,"1","1","5","1","2",3,1,0,0,"1",34,"1","4","1",76728.276142,5
"1",30,"4",0,"1","1","3","1","2",3,0,0,0,"1",55,"1","4","4",29733.569733,2.56
"1",24,"4",0,"1","1","3","1","2",3,1,0,0,"2",26,"1","4","6",22963.931714,1.52
"2",70,"6",0,"2","1","5","1","1",2,0,0,2,"1",68,"2","5","1",20905.315139,1.61
"1",46,"3",0,"1","1","4","1","2",3,0,0,0,"1",46,"1","4","1",103259.075034,3.79
"1",50,"2",0,"2","2","4","2","2",4,1,1,0,"2",30,"2","1","1",19843.332488,1.23
"1",54,"4",1,"1","1","3","1","2",3,0,0,1,"2",77,"1","2","2",27119.679434,0.97
"2",68,"7",0,"1","1","3","1","2",1,0,0,1,"2",68,"1","3","2",13275.100444,1.36
"2",66,"6",0,"2","1","3","1","1",1,0,0,1,"2",66,"2","3","4",15478.5921,0.71
"2",33,"4",0,"1","1","4","1","2",6,0,1,1,"2",60,"1","2","1",25054.682743,5
"2",49,"2",0,"2","2","2","2","2",4,1,1,0,"2",49,"2","2","3",24191.170187,0.98
"2",35,"6",0,"2","2","5","1","2",2,0,0,0,"1",28,"1","5","1",21268.275623,3.87
"2",55,"6",0,"2","1","5","1","2",2,0,0,0,"1",58,"1","5","1",15563.292854,5
"1",33,"3",1,"1","1","3","1","2",2,0,0,1,"1",33,"1","3","5",56159.890864,4.51
"1",58,"1",1,"2","1","3","1","2",6,0,2,0,"1",58,"2","3","1",25877.858263,1.58
"1",69,"4",0,"2","1","2","1","2",2,0,0,2,"1",72,"2","1","3",8047.572832,1.26
"2",80,"3",0,"1","1","5","1","2",1,0,0,1,"2",80,"1","5","2",30930.093041,3
"1",63,"4",0,"1","1","3","1","2",2,0,0,2,"1",63,"1","3","1",10238.123311,4.07
"1",69,"4",0,"1","1","4","1","2",1,0,0,1,"1",69,"1","4","3",9294.477003,0.69
"2",20,"1",0,"1","1","4","1","2",7,0,4,0,"1",51,"2","4","1",34930.202341,1.05
"2",73,"6",0,"2","1","1","1","1",6,1,2,1,"2",43,"2","3","1",30930.970565,1.25
"1",30,"3",0,"1","1","2","1","2",2,0,0,0,"1",36,"1","2","4",18218.321637,0.77
"1",44,"1",0,"2","2","2","2","2",5,0,2,0,"1",44,"2","2","1",30279.228231,0.89
"2",71,"4",0,"1","1","1","1","2",2,0,0,3,"2",76,"1","3","6",18537.900482,1.37
"1",71,"4",1,"1","1","3","1","2",1,0,0,1,"1",71,"1","3","2",12241.181354,1.29
"1",68,"1",0,"2","1","3","1","2",1,0,0,1,"1",68,"2","3","3",5904.102946,1.29
"1",59,"3",0,"1","1","5","1","2",2,0,0,0,"2",57,"1","5","1",97841.634569,5
"1",28,"6",0,"2","1","5","1","2",3,1,0,0,"1",28,"2","5","1",25217.286169,5
"1",28,"6",0,"2","1","5","1","2",1,0,0,0,"2",26,"1","3","6",21738.999991,5
"1",60,"2",0,"2","2","2","2","2",3,0,0,1,"2",52,"2","1","1",10650.488378,1.02
"1",71,"7",1,"1","1","4","1","2",2,0,0,2,"1",71,"1","4","1",46988.470276,3.87
"1",49,"7",0,"2","1","2","1","2",7,0,2,0,"2",43,"2","5","1",59322.209252,3.37
"1",61,"4",1,"1","1","5","1","2",5,0,1,1,"1",61,"1","5","1",14975.454019,3.58
"2",43,"4",0,"1","1","4","1","2",4,2,1,0,"2",43,"1","4","5",26805.908564,1.47
"2",21,"3",0,"1","1","5","1","2",1,0,0,0,"2",21,"1","5","5",29340.049115,0.61
"2",59,"3",0,"1","1","3","1","2",2,0,0,1,"1",63,"1","2","1",38441.864976,1.35
"1",34,"7",0,"1","1","3","1","2",4,0,0,0,"2",57,"1","4","1",27280.243296,2.12
"1",68,"4",0,"1","1","2","1","2",1,0,0,1,"1",68,"1","2","4",10309.618463,2.78
"1",53,"3",0,"2","1","3","1","2",3,0,1,0,"1",53,"2","3","1",35337.37471,1.02
"1",20,"4",0,"1","1","2","1","2",7,1,2,0,"2",37,"1","3","5",31171.468535,0.31
"2",65,"3",0,"1","1","1","1","2",7,1,3,1,"2",65,"1","1","2",52546.283377,0.65
"2",63,"3",0,"2","1","5","1","2",1,0,0,1,"2",63,"2","5","3",72183.784616,4.79
"1",28,"3",0,"1","1","3","1","2",1,0,0,0,"1",28,"1","3","3",81284.280828,0.35
"2",41,"4",1,"1","1","5","1","2",3,0,0,0,"2",41,"1","5","3",36482.560021,1.16
"1",20,"3",0,"1","1","3","1","2",5,1,1,0,"2",43,"1","4","4",19573.396704,1.2
"2",56,"3",0,"1","1","4","1","2",1,0,0,0,"2",56,"1","4","3",16759.786893,0.77
"1",43,"3",0,"1","1","4","1","2",5,1,1,0,"1",43,"1","4","1",24622.645144,0.87
"1",50,"3",0,"1","1","4","1","2",3,0,0,0,"2",51,"1","4","1",21386.762206,1.21
"1",59,"3",0,"1","1","5","1","2",2,0,0,0,"2",59,"1","5","1",109715.406887,4.84
"1",77,"4",1,"1","1","3","1","2",2,0,0,2,"2",71,"1","5","1",9587.724357,3.87
"1",58,"3",0,"1","1","4","1","2",4,0,0,0,"1",58,"1","4","1",87459.565791,5
"2",44,"3",0,"1","1","5","1","2",2,0,1,0,"2",44,"1","5","3",26503.647584,1.14
"1",63,"4",0,"1","1","3","1","2",1,0,0,1,"1",63,"1","3","3",15082.008446,2.06
"2",42,"3",0,"2","1","5","1","2",1,0,0,0,"2",42,"2","5","5",69222.480028,2.06
"2",80,"3",0,"1","1","2","1","2",1,0,0,1,"2",80,"1","2","3",22300.087958,1.04
"1",60,"6",0,"2","2","2","1","1",7,1,0,3,"2",37,"2","5","1",6378.809847,5
"1",68,"3",0,"1","1","4","1","2",2,0,0,2,"1",68,"1","4","1",97888.63333,2.58
"1",72,"3",1,"1","1","5","1","2",2,0,0,2,"1",72,"1","5","1",59624.562972,5
"1",23,"3",0,"1","1","2","1","2",7,0,0,0,"1",55,"1","3","1",61661.50647,2.27
"1",62,"4",1,"1","1","3","1","2",3,0,1,2,"1",62,"1","3","5",10870.717372,2.94
"1",80,"3",1,"1","1","5","1","2",2,0,0,2,"1",80,"1","5","1",35984.901609,5
"1",40,"2",0,"1","1","3","1","2",4,1,1,0,"1",40,"1","3","1",36931.463433,4.19
"1",31,"3",0,"1","1","4","1","2",3,1,0,0,"1",31,"1","4","1",82191.184611,5
"2",29,"6",0,"2","1","5","1","2",1,0,0,0,"2",29,"2","5","5",19530.358703,5
"1",80,"3",1,"1","1","4","1","2",3,0,0,2,"1",80,"1","4","1",27937.28961,1.67
"2",50,"4",0,"1","1","3","1","2",4,0,1,0,"2",50,"1","3","5",16952.587482,1.91
"2",58,"1",0,"2","2","1","2","2",5,1,1,0,"2",24,"2","2","1",17182.90023,0.65
"1",49,"3",0,"1","1","3","1","2",3,0,0,1,"1",49,"1","3","3",32218.058471,2.65
"2",80,"3",0,"1","1","2","1","2",2,0,0,2,"2",80,"1","2","1",22907.983845,2.9
"1",47,"3",1,"1","1","4","1","2",1,1,0,0,"1",47,"1","4","1",20186.070435,0.7
"1",45,"3",0,"1","1","5","1","2",3,1,0,0,"1",45,"1","5","1",98994.797869,5
"1",51,"3",0,"1","1","2","1","2",2,0,0,0,"1",51,"1","2","1",26428.236273,0.95
"1",25,"3",0,"1","1","5","1","2",1,0,0,0,"1",25,"1","5","5",43879.873791,1.89
"1",40,"1",0,"1","1","3","1","2",7,0,4,0,"1",40,"1","3","6",34480.709333,2.25
"1",80,"3",1,"1","1","5","1","2",1,0,0,2,"1",80,"1","5","1",22208.518877,5
"2",80,"3",0,"1","1","5","1","2",1,0,0,1,"2",80,"1","5","2",45463.926182,3.92
"2",79,"2",0,"2","1","4","1","2",1,0,0,1,"2",79,"2","4","2",22015.721371,3.43
"2",29,"3",0,"1","1","2","1","2",6,0,4,0,"1",41,"1","2","6",36668.682115,0.63
"1",56,"4",0,"1","1","2","1","2",1,0,0,0,"1",56,"1","2","5",20056.054063,0.77
"2",67,"2",0,"2","1","1","2","2",6,0,3,2,"1",70,"2","1","2",15483.72418,2.19
"1",41,"3",0,"1","1","2","1","2",2,0,0,0,"1",41,"1","2","1",133741.606556,5
"1",30,"4",0,"1","1","5","1","2",2,0,0,0,"2",28,"1","5","6",28108.103985,0.64
"2",50,"2",0,"1","1","4","1","2",3,0,1,0,"2",50,"1","4","1",14422.284143,5
"1",69,"1",0,"1","1","5","1","2",3,0,0,2,"1",69,"1","5","1",16830.596219,5
"1",80,"3",1,"1","1","4","1","2",2,0,0,2,"2",80,"1","5","1",20785.065302,2.39
"2",72,"3",0,"1","1","3","1","2",1,0,0,2,"2",72,"1","3","3",19907.84107,1.13
"1",37,"4",0,"1","1","3","1","2",1,0,0,1,"1",54,"1","4","5",25490.816289,0.86
"2",31,"6",0,"2","2","5","1","2",3,1,0,0,"1",32,"2","5","1",17049.514842,1.02
"2",30,"6",0,"2","2","5","1","2",3,1,0,0,"1",27,"2","5","1",16838.278674,3.97
"2",21,"6",0,"2","1","3","1","2",4,0,1,0,"1",48,"2","5","1",30540.528583,4.25
"1",41,"3",0,"1","1","4","1","2",2,0,0,1,"2",70,"1","4","3",102341.831273,2.26
"1",36,"4",0,"1","1","4","1","2",5,1,2,0,"2",29,"1","4","6",36757.987895,0.51
"1",40,"3",0,"1","1","5","1","2",4,0,2,0,"2",40,"1","5","1",75408.881366,4.19
"2",51,"1",0,"2","2","2","2","2",7,0,0,0,"2",39,"2","1","1",13182.967793,1.94
"2",42,"3",0,"1","1","5","1","2",3,1,0,0,"1",45,"1","5","1",89563.970157,5
"2",33,"1",0,"2","2","1","2","2",6,2,2,0,"1",34,"2","2","1",42234.695086,0.84
"1",80,"3",1,"1","1","5","1","2",1,0,0,1,"1",80,"1","5","2",19302.542605,5
"2",70,"3",0,"1","1","4","1","2",3,0,0,3,"2",77,"1","5","5",21227.318185,2.27
"2",29,"3",0,"1","1","3","1","2",3,1,0,0,"2",29,"1","3","1",70114.830004,2.68
"2",30,"4",0,"1","1","4","1","2",2,0,1,0,"2",30,"1","4","5",30189.397448,1.27
"1",68,"4",0,"1","1","3","1","2",2,0,0,2,"1",68,"1","3","5",9359.80207,1.08
"2",36,"7",0,"1","1","5","1","2",5,2,1,0,"1",37,"1","5","1",16638.887202,3.22
"2",37,"3",0,"2","2","3","1","2",4,2,0,0,"1",35,"1","4","1",85368.287194,3.18
"2",29,"3",0,"1","1","5","1","2",3,1,0,0,"1",28,"1","5","1",101653.105092,4.3
"2",45,"4",0,"2","1","4","1","2",2,0,0,0,"1",46,"2","4","1",29231.64735,1.29
"2",80,"3",0,"1","1","4","1","2",1,0,0,1,"2",80,"1","4","2",31569.274135,3.57
"2",35,"2",0,"2","2","3","2","2",5,1,2,0,"1",46,"2","3","6",34093.594033,0.58
"1",64,"3",0,"1","1","3","1","2",1,0,0,1,"1",64,"1","3","3",100202.16841,2.09
"1",24,"3",0,"1","1","2","1","2",5,0,1,0,"2",46,"1","1","1",84539.996864,3.63
"2",38,"3",0,"1","1","3","1","2",7,0,2,2,"1",66,"1","4","1",28291.516598,1.08
"1",61,"3",0,"1","1","2","1","2",5,2,0,2,"1",61,"1","2","1",38081.29066,2.04
"1",34,"6",0,"2","1","4","1","2",4,1,1,0,"2",29,"1","4","1",14919.218779,1.27
"1",58,"3",0,"1","1","1","1","2",1,0,0,0,"1",58,"1","1","5",25819.771131,0.94
"2",80,"1",0,"2","2","1","2","2",7,3,0,1,"2",36,"2","3","1",12010.325301,0.7
"1",36,"4",0,"1","1","4","1","2",2,0,0,0,"1",36,"1","4","5",20917.413262,2.9
"1",52,"3",0,"2","1","5","1","2",2,0,0,0,"2",47,"1","5","1",67937.153461,5
"1",61,"1",0,"1","1","2","1","2",3,0,1,2,"1",61,"1","2","1",11140.687817,3.53
"1",80,"3",0,"1","1","3","1","2",2,0,0,2,"1",80,"1","3","1",28323.849076,3.09
"1",40,"1",0,"2","2","1","2","2",2,0,0,0,"1",43,"2","1","3",45268.572702,3.81
"2",42,"4",0,"2","1","5","1","2",1,0,0,0,"2",42,"2","5","3",24122.2489,3.66
